category_id,name_en,name_es,description_en,description_es,price_cents,stock,featured,weight,weight_unit,weight_unit_plural_en,weight_unit_plural_es,on_sale,discount_price_cents,ebt_snap_eligible,wic_eligible,is_taxable,is_active,provider_id,fallback_image_url,brand,product_type,group_key,snap_popularity_rank,upc,sold_by,pos_vendor_id,last_scraped_at,pos_export_date
1,English Seedless Cucumber,Pepino Inglés sin Semillas,"Long, mild cucumber with thin skin. Good for salads and sandwiches.",Pepino largo y suave de piel fina. Bueno para ensaladas y sándwiches.,399,0,false,1,each,each,each,true,150,true,false,false,true,1,https://d2lnr5mha7bycj.cloudfront.net/product-image/file/large_5476a6d4-ff42-4d01-a194-86bfba1468b4.jpg,,Fresh Vegetables,English Seedless Cucumber,1,4593,unit,4,2026-04-14,2026-04-13
1,Strawberries Package,Paquete de Fresas,"Fresh strawberries. 1 lb package, ready to eat or use in desserts.","Fresas frescas. Paquete de 1 lb, listas para comer o usar en postres.",299,0,false,1,lb,lb,lb,false,,true,false,false,true,1,https://d2lnr5mha7bycj.cloudfront.net/product-image/file/large_6086628f-8982-49f1-a41c-1174cb4d8aa4.jpg,,Fresh Fruit,Strawberries Package,1,860324002186,unit,9999,2026-04-14,2026-04-13
1,Kale Bunch,Manojo de Kale,"Leafy green for salads, soups, and smoothies. Sold by the bunch.","Hoja verde para ensaladas, sopas y batidos. Se vende por manojo.",199,0,false,1,each,each,each,true,99,true,false,false,true,1,https://d2lnr5mha7bycj.cloudfront.net/product-image/file/large_73fafe59-a561-4c96-8fdc-f53d46db00db.jpg,,Fresh Vegetables,Kale Bunch,2,4627,weight,4,2026-04-14,2026-04-13
1,Russet Potato Bag,Bolsa de Papas Russet,"5 lb bag of russet potatoes. Great for baking, mashing, and frying.","Bolsa de 5 lb de papas russet. Buenas para hornear, hacer puré y freír.",599,0,false,5,lb,lb,lb,false,,true,false,false,true,1,https://d2lnr5mha7bycj.cloudfront.net/product-image/file/large_790807c0-d316-4f98-9e15-8936ff3f9ca5.jpg,,Fresh Vegetables,Russet Potato Bag,3,605806001390,unit,4,2026-04-14,2026-04-13
1,Yam,Ñame,"Starchy root vegetable. Sold by the pound, great boiled or mashed.","Vianda con almidón. Se vende por libra, sabroso hervido o en puré.",199,0,false,1,lb,lb,lb,true,79,true,false,false,true,1,https://d2lnr5mha7bycj.cloudfront.net/product-image/file/large_4e5d4368-a285-4818-a9c4-4b0bec224a59.jpg,,Fresh Vegetables,Yam,4,4816,estimated_each,4,2026-04-14,2026-04-13
1,Broccoli Crown,Corona de Brócoli,Fresh broccoli florets on the stem. Sold by the pound.,Floretes de brócoli frescos en el tallo. Se vende por libra.,249,0,false,1,lb,lb,lb,true,149,true,false,false,true,1,https://d2lnr5mha7bycj.cloudfront.net/product-image/file/large_acbb2641-8b48-4e09-ad1d-1f2f7c2e7c80.jpg,,Fresh Vegetables,Broccoli Crown,5,3082,estimated_each,4,2026-04-14,2026-04-13
1,Ginger Root,Raíz de Jengibre,"Fresh ginger root for tea, stir-fries, and seasoning.","Jengibre fresco para té, sofritos y sazonar comidas.",399,0,false,1,lb,lb,lb,true,299,true,false,false,true,1,https://d2lnr5mha7bycj.cloudfront.net/product-image/file/large_8b43d8bb-f653-4dce-b7ce-18f5eedb7025.jpg,,Fresh Vegetables,Ginger Root,6,4612,estimated_each,4,2026-04-14,2026-04-13
1,Cucumber,Pepino,"Single fresh cucumber for salads, snacks, and sandwiches.","Un pepino fresco para ensaladas, meriendas y sándwiches.",133,0,false,1,each,each,each,false,,true,false,false,true,1,https://d2lnr5mha7bycj.cloudfront.net/product-image/file/large_c3c55096-5e83-4b5b-8517-f96ac96c7d33.jpg,,Fresh Vegetables,Cucumber,7,4062,unit,4,2026-04-14,2026-04-13
1,Cilantro,Cilantro,"Fresh cilantro bunch. Essential for sofrito, salsa, and rice dishes.","Manojo de cilantro fresco. Esencial para sofrito, salsa y arroces.",99,0,false,1,each,each,each,false,,true,true,false,true,1,https://d2lnr5mha7bycj.cloudfront.net/product-image/file/large_4052743d-a15f-4b47-92e4-22009cdef752.jpg,,Fresh Vegetables,Cilantro,8,4889,unit,4,2026-04-14,2026-04-13
1,Hass Avocado,Aguacate Hass,"Single Hass avocado. Creamy texture, great for guacamole or toast.","Un aguacate Hass. Textura cremosa, ideal para guacamole o tostadas.",167,0,false,1,each,each,each,false,,true,true,false,true,1,https://d2lnr5mha7bycj.cloudfront.net/product-image/file/large_09ff3801-efef-43e6-a14b-6dc55a3fe4c8.jpg,,Fresh Fruit,Hass Avocado,2,4225,unit,4,2026-04-14,2026-04-13
1,Limes,Limones Verdes,"Single fresh lime for cooking, drinks, and seasoning.","Un limón verde fresco para cocinar, bebidas y sazonar.",83,0,false,1,each,each,each,false,,true,false,false,true,1,https://d2lnr5mha7bycj.cloudfront.net/product-image/file/large_42bb0e57-f304-4375-984a-01f3ba6ddb8f.jpg,,Fresh Fruit,Limes,3,4048,unit,4,2026-04-14,2026-04-13
1,Green Kiwi,Kiwi Verde,"Single green kiwi fruit. Sweet and tart, rich in vitamin C.","Un kiwi verde. Dulce y ácido, rico en vitamina C.",83,0,false,1,each,each,each,true,79,true,true,false,true,1,https://d2lnr5mha7bycj.cloudfront.net/product-image/file/large_7590ddbc-f84e-4a78-ad53-707f62b49c07.jpg,,Fresh Fruit,Green Kiwi,4,4030,unit,4,2026-04-14,2026-04-13
1,Banana,Guineo,Single fresh banana. Ripe and ready to eat.,Un guineo fresco. Maduro y listo para comer.,79,0,false,,,,,false,,true,false,false,true,1,https://d2lnr5mha7bycj.cloudfront.net/product-image/file/large_660f23f5-11f9-4e5d-9b64-7e69348ade1a.jpg,,Fresh Fruit,Banana,5,4011,estimated_each,4,2026-04-14,2026-04-13
1,Lemon,Limón Amarillo,"Single fresh lemon for cooking, baking, and drinks.","Un limón amarillo fresco para cocinar, hornear y bebidas.",83,0,false,1,each,each,each,false,,true,false,false,true,1,https://d2lnr5mha7bycj.cloudfront.net/product-image/file/large_86387158-32f9-4d2c-9fbc-01852aa880f9.jpg,,Fresh Fruit,Lemon,6,4958,unit,4,2026-04-14,2026-04-13
1,Dill Bunch,Manojo de Eneldo,"Fresh dill bunch. Use to season fish, potatoes, and pickles.","Manojo de eneldo fresco. Para sazonar pescado, papas y encurtidos.",249,0,false,1,lb bunch,lb bunch,lb bunch,false,,true,true,false,true,1,https://d2lnr5mha7bycj.cloudfront.net/product-image/file/large_65cd0357-c38f-4b7b-a859-fd930822dfb4.jpg,,Fresh Vegetables,Dill Bunch,9,4891,unit,4,2026-04-14,2026-04-13
1,Pomegranate,Granada,Single pomegranate. Juicy seeds great for salads and snacking.,Una granada. Semillas jugosas ideales para ensaladas y meriendas.,399,0,false,1,each,each,each,false,,true,true,false,true,1,https://d2lnr5mha7bycj.cloudfront.net/product-image/file/large_6efd508a-6c5c-46ae-afdf-77d2c9921e05.jpg,,Fresh Fruit,Pomegranate,7,3127,unit,4,2026-04-14,2026-04-13
1,Green Onions (Scallions),Cebollines (Cebolletas),"Bunch of fresh scallions. Used in sofrito, soups, and garnishes.","Manojo de cebollines frescos. Para sofrito, sopas y decorar platos.",167,0,false,1,bunch,bunch,bunch,true,133,true,true,false,true,1,https://d2lnr5mha7bycj.cloudfront.net/product-image/file/large_52f86e5a-a448-4186-b726-2e6f506a5a4a.jpg,,Fresh Vegetables,Green Onions (Scallions),10,4068,unit,4,2026-04-14,2026-04-13
1,Blackberries,Moras,"Fresh blackberries. 6 oz package, sweet and ready to eat.","Moras frescas. Paquete de 6 oz, dulces y listas para comer.",299,0,false,6,oz,oz,oz,false,,true,false,false,true,1,https://d2lnr5mha7bycj.cloudfront.net/product-image/file/large_de08584c-9701-4c0e-b950-87c3dece4a84.jpg,,Fresh Fruit,Blackberries,8,812049007304,unit,4,2026-04-14,2026-04-13
1,Iceberg Lettuce,Lechuga Iceberg,"Crisp iceberg lettuce head for salads, sandwiches, and tacos.","Cabeza de lechuga iceberg crujiente para ensaladas, sándwiches y tacos.",399,0,false,1,each,each,each,false,,true,false,false,true,1,https://d2lnr5mha7bycj.cloudfront.net/product-image/file/large_3ea38082-38f8-41f8-a6fc-0c4ed481c040.jpg,,Fresh Vegetables,Iceberg Lettuce,11,73574650506,unit,4,2026-04-14,2026-04-13
1,Plain Parsley,Perejil,"Fresh flat-leaf parsley bunch for sofrito, soups, and seasoning.","Manojo de perejil fresco para sofrito, sopas y sazonar.",129,0,false,1,bunch,bunch,bunch,false,,true,false,false,true,1,https://d2lnr5mha7bycj.cloudfront.net/product-image/file/large_a6454e6d-4e32-4afc-aaf2-11997b6f1b4b.jpg,,Fresh Vegetables,Plain Parsley,12,4901,unit,4,2026-04-14,2026-04-13
1,Driscoll's Strawberries,Fresas Driscoll's,"Fresh strawberries. 16 oz package, ready to eat or use in desserts.","Fresas frescas. Paquete de 16 oz, listas para comer o usar en postres.",250,0,false,16,oz,oz,oz,false,,true,false,false,true,1,https://d2lnr5mha7bycj.cloudfront.net/product-image/file/large_443ebde8-2aaf-4b78-87a5-5b1f01c5274e.jpg,driscoll's,Fresh Fruit,Driscoll's Strawberries,9,715756200023,unit,4,2026-04-14,2026-04-13
1,Pero Family Farms Fresh Snipped Green Beans,Pero Family Farms Habichuelas Tiernas Cortadas Frescas,"Pre-trimmed fresh green beans. 12 oz bag, ready to cook.","Habichuelas tiernas frescas ya cortadas. Bolsa de 12 oz, listas para cocinar.",399,0,false,12,oz,oz,oz,false,,true,false,false,true,1,https://d2lnr5mha7bycj.cloudfront.net/product-image/file/large_8c1d955a-4bcb-4e2c-8532-33f3a514b82e.png,pero family farms,Fresh Vegetables,Pero Family Farms Fresh Snipped Green Beans,13,874896007081,unit,4,2026-04-14,2026-04-13
1,Asparagus,Espárragos,"Fresh asparagus bunch. Great roasted, grilled, or steamed.","Manojo de espárragos frescos. Sabroso al horno, a la parrilla o al vapor.",499,0,false,1,lb bunch,lb bunch,lb bunch,false,,true,false,false,true,1,https://d2lnr5mha7bycj.cloudfront.net/product-image/file/large_177a030e-fce6-4a78-8926-dd4ffeec040f.jpg,,Fresh Vegetables,Asparagus,14,4080,weight,4,2026-04-14,2026-04-13
1,Cantaloupe,Melón Cantalupo,"Whole cantaloupe melon. Sweet, juicy fruit for breakfast or snacks.",Melón cantalupo entero. Fruta dulce y jugosa para desayuno o meriendas.,399,0,false,1,each,each,each,false,,true,false,false,true,1,https://d2lnr5mha7bycj.cloudfront.net/product-image/file/large_7141bee7-5730-4347-a032-339c0beac2e4.jpg,,Fresh Fruit,Cantaloupe,10,4049,unit,4,2026-04-14,2026-04-13
1,Organic Banana,Guineo Orgánico,"Organic bananas, sold by the pound.","Guineos orgánicos, se venden por libra.",129,0,false,1,lb,lb,lb,false,,true,true,false,true,1,https://d2lnr5mha7bycj.cloudfront.net/product-image/file/large_17b704c5-b4df-4831-ac14-6260baa59a13.jpg,,Fresh Fruit,Organic Banana,11,94011,estimated_each,4,2026-04-14,2026-04-13
1,Green Seedless Grapes,Uvas Verdes sin Semillas,Fresh green seedless grapes. Sold by the pound bunch.,Uvas verdes frescas sin semillas. Se venden por manojo de 1 lb.,399,0,false,1,lb bunch,lb bunch,lb bunch,false,,true,false,false,true,1,https://d2lnr5mha7bycj.cloudfront.net/product-image/file/large_c117f005-345d-4885-8a7d-7cdc296d1700.jpg,,Fresh Fruit,Green Seedless Grapes,12,4498,weight,4,2026-04-14,2026-04-13
1,Pero Family Farms Mini Sweet Peppers,Pero Family Farms Mini Ajíes Dulces,"Mini sweet bell peppers. 8 oz bag, great for snacks or salads.","Mini ajíes dulces. Bolsa de 8 oz, ideales para meriendas o ensaladas.",349,0,false,8,oz,oz,oz,false,,true,false,false,true,1,https://d2lnr5mha7bycj.cloudfront.net/product-image/file/large_32449d78-4b88-4f10-b16d-d1365e6481e1.png,pero family farms,Fresh Vegetables,Pero Family Farms Mini Sweet Peppers,15,874896005582,unit,4,2026-04-14,2026-04-13
1,"Dole Carrots, Mini Cut","Dole Zanahorias, Mini Cortadas","Pre-cut baby carrots. 16 oz bag, ready to snack or cook.","Mini zanahorias ya cortadas. Bolsa de 16 oz, listas para merendar o cocinar.",199,0,false,16,oz,oz,oz,false,,true,false,false,true,1,https://d2lnr5mha7bycj.cloudfront.net/product-image/file/large_7fb5e86c-b82c-4d35-b8e1-01d47a1f4e71.png,dole,Fresh Vegetables,"Dole Carrots, Mini Cut",16,7143000025,unit,8199,2026-04-14,2026-04-13
1,Driscoll's Raspberries,Frambuesas Driscoll's,"Fresh raspberries. 6 oz package, sweet and ready to eat.","Frambuesas frescas. Paquete de 6 oz, dulces y listas para comer.",599,0,false,6,oz,oz,oz,false,,true,false,false,true,1,https://d2lnr5mha7bycj.cloudfront.net/product-image/file/large_29c99e4d-6f39-4776-929a-08d694a5b05c.jpg,driscoll's,Fresh Fruit,Driscoll's Raspberries,13,7503018074078,unit,4,2026-04-14,2026-04-13
1,Hass Avocado,Aguacate Hass,"Single Hass avocado. Creamy texture, great for guacamole or toast.","Un aguacate Hass. Textura cremosa, ideal para guacamole o tostadas.",125,0,false,1,ct,ct,ct,false,,true,false,false,true,1,https://d2lnr5mha7bycj.cloudfront.net/product-image/file/large_ce5de1ca-4770-404b-b166-274ac0d059dd.JPG,,Fresh Fruit,Hass Avocado,14,4046,unit,4,2026-04-14,2026-04-13
1,Black Plum,Ciruela Negra,"Fresh black plums. Sweet, juicy fruit sold by the pound.","Ciruelas negras frescas. Fruta dulce y jugosa, se vende por libra.",299,0,false,1,lb,lb,lb,false,,true,false,false,true,1,https://d2lnr5mha7bycj.cloudfront.net/product-image/file/large_ac12b1ee-c5f4-4310-ad1c-1c98f3e1ccce.jpg,,Fresh Fruit,Black Plum,15,4040,estimated_each,4,2026-04-14,2026-04-13
1,Romaine Lettuce,Lechuga Romana,Crisp romaine lettuce head for Caesar salads and sandwiches.,Cabeza de lechuga romana crujiente para ensaladas César y sándwiches.,199,0,false,1,ct,ct,ct,false,,true,false,false,true,1,https://d2lnr5mha7bycj.cloudfront.net/product-image/file/large_b149f8f0-0d2e-4d83-9c2e-4230db09130b.jpg,,Fresh Vegetables,Romaine Lettuce,17,4640,unit,4,2026-04-14,2026-04-13
1,"Green Giant Green Beans, Fresh","Green Giant Habichuelas Tiernas, Frescas","Fresh trimmed green beans. 12 oz bag, ready to cook.","Habichuelas tiernas frescas ya cortadas. Bolsa de 12 oz, listas para cocinar.",449,0,false,12,oz,oz,oz,false,,true,false,false,true,1,https://d2lnr5mha7bycj.cloudfront.net/product-image/file/large_834fa630-bbe5-4f9b-a31f-903f154f5366.png,green giant,Fresh Vegetables,"Green Giant Green Beans, Fresh",18,605806000065,unit,4,2026-04-14,2026-04-13
1,Blueberries Package,Paquete de Arándanos,"Fresh blueberries. 1 lb container, sweet and ready to eat.","Arándanos frescos. Envase de 1 lb, dulces y listos para comer.",899,0,false,1,lb container,lb container,lb container,false,,true,true,false,true,1,https://d2lnr5mha7bycj.cloudfront.net/product-image/file/large_6c60004b-c028-49b4-8e12-af06033476ab.jpg,,Fresh Fruit,Blueberries Package,16,850019194036,unit,9999,2026-04-14,2026-04-13
1,Giorgio Baby Bella Mushrooms,Giorgio Hongos Baby Bella,Fresh baby bella mushrooms. 8 oz pack for sautés and pastas.,Hongos baby bella frescos. Paquete de 8 oz para salteados y pastas.,349,0,false,8,oz,oz,oz,false,,true,false,false,true,1,https://d2lnr5mha7bycj.cloudfront.net/product-image/file/large_07f54dec-4a92-4925-8d4f-d49706e171d9.JPG,giorgio,Fresh Vegetables,Giorgio Baby Bella Mushrooms,20,70475656064,unit,4,2026-04-14,2026-04-13
1,Organic Avocado,Aguacate Orgánico,"Single organic avocado. Creamy, great for guacamole or toast.","Un aguacate orgánico. Cremoso, ideal para guacamole o tostadas.",250,0,false,1,each,each,each,true,200,true,false,false,true,1,https://d2lnr5mha7bycj.cloudfront.net/product-image/file/large_6b5c31c3-ffa7-4615-acff-a9ae20119774.jpg,,Fresh Fruit,Organic Avocado,17,94225,unit,4,2026-04-14,2026-04-13
1,Roma Tomato,Tomate Roma,"Fresh Roma tomatoes. Firm, meaty, great for sauces and salads.","Tomates Roma frescos. Firmes y carnosos, ideales para salsas y ensaladas.",299,0,false,1,lb,lb,lb,false,,true,false,false,true,1,https://d2lnr5mha7bycj.cloudfront.net/product-image/file/large_1828d9f6-1e6b-4465-b8de-a8e29104c816.jpg,,Fresh Vegetables,Roma Tomato,21,4087,weight,4,2026-04-14,2026-04-13
1,Dole Shredded Lettuce,Dole Lechuga Picada,"Pre-shredded lettuce. 8 oz bag, ready for tacos and salads.","Lechuga ya picada. Bolsa de 8 oz, lista para tacos y ensaladas.",249,0,false,8,oz,oz,oz,false,,true,false,false,true,1,https://d2lnr5mha7bycj.cloudfront.net/product-image/file/large_2ef8fdc0-b0bf-4a60-991a-8f836813c4c5.png,dole,Fresh Vegetables,Dole Shredded Lettuce,22,71430010655,unit,4,2026-04-14,2026-04-13
1,Green Cabbage,Repollo Verde,"Whole green cabbage head for slaws, soups, and stir-fries.","Cabeza entera de repollo verde para ensaladas, sopas y sofritos.",99,0,false,1,each,each,each,false,,true,false,false,true,1,https://d2lnr5mha7bycj.cloudfront.net/product-image/file/large_848473e2-7418-4f10-a154-a14531b9eb02.jpg,,Fresh Vegetables,Green Cabbage,25,4069,estimated_each,4,2026-04-14,2026-04-13
1,Clementine,Clementina,"Sweet, easy-peel clementines. 3 lb bag.","Clementinas dulces, fáciles de pelar. Bolsa de 3 lb.",799,0,false,3,lb,lb,lb,false,,true,false,false,true,1,https://d2lnr5mha7bycj.cloudfront.net/product-image/file/large_296335f4-8ba5-4030-8d22-7e5fcd69265c.png,,Fresh Fruit,Clementine,20,854487005160,unit,4,2026-04-14,2026-04-13
1,Sweet Onion,Cebolla Dulce,Mild sweet onion sold by the pound. Good raw or cooked.,"Cebolla dulce y suave, se vende por libra. Buena cruda o cocida.",149,0,false,1,lb,lb,lb,false,,true,false,false,true,1,https://d2lnr5mha7bycj.cloudfront.net/product-image/file/large_dfb14527-2775-4470-9401-63d3bd9fb887.jpg,,Fresh Vegetables,Sweet Onion,27,4166,estimated_each,4,2026-04-14,2026-04-13
1,Navel Orange,Naranja Navel,"Single sweet, seedless navel orange. Easy to peel.",Una naranja Navel dulce y sin semillas. Fácil de pelar.,100,0,false,1,each,each,each,false,,true,false,false,true,1,https://d2lnr5mha7bycj.cloudfront.net/product-image/file/large_f511cc86-b9c1-4848-ad58-283f98883f1b.jpg,,Fresh Fruit,Navel Orange,26,4013,unit,4,2026-04-14,2026-04-13
1,Best Yet Whole Kernel Golden Sweet Corn,Best Yet Maíz Dulce Dorado en Grano Entero,Canned whole kernel sweet corn. 15.25 oz can.,Maíz dulce en grano entero enlatado. Lata de 15.25 oz.,149,0,false,15.25,oz,oz,oz,false,,true,false,false,true,1,https://d2lnr5mha7bycj.cloudfront.net/product-image/file/large_ab6d5972-6690-4124-ad3e-ba4cee4c5c99.jpg,best yet,Canned Goods,Best Yet Whole Kernel Golden Sweet Corn,2,4218740600,unit,1,2026-04-14,2026-04-13
1,Garlic,Ajo,Fresh garlic sold by the pound. Essential for sofrito and seasoning.,"Ajo fresco, se vende por libra. Esencial para sofrito y sazonar.",599,0,false,1,lb,lb,lb,false,,true,false,false,true,1,https://d2lnr5mha7bycj.cloudfront.net/product-image/file/large_4a62fbcc-651b-429b-b798-06bb8dfbeb2f.jpg,,Fresh Vegetables,Garlic,50,4608,weight,4,2026-04-14,2026-04-13
1,"Green Giant Broccoli Florets, Fresh","Green Giant Floretes de Brócoli, Frescos","Fresh broccoli florets. 12 oz bag, ready to cook.","Floretes de brócoli frescos. Bolsa de 12 oz, listos para cocinar.",399,0,false,12,oz,oz,oz,false,,true,false,false,true,1,https://d2lnr5mha7bycj.cloudfront.net/product-image/file/large_879e5c29-b1e0-4bd2-b3e2-9cb47b6c6cf3.png,green giant,Fresh Vegetables,"Green Giant Broccoli Florets, Fresh",60,605806122200,unit,4,2026-04-14,2026-04-13
1,Red Onion,Cebolla Roja,Fresh red onion sold by the pound. Great for salads and salsa.,"Cebolla roja fresca, se vende por libra. Buena para ensaladas y salsa.",299,0,false,1,lb,lb,lb,true,199,true,false,false,true,1,https://d2lnr5mha7bycj.cloudfront.net/product-image/file/large_5e4c257a-5dc5-4631-a342-2d29593ad140.jpg,,Fresh Vegetables,Red Onion,80,4082,estimated_each,4,2026-04-14,2026-04-13
1,Celery Heart,Corazón de Apio,Tender inner stalks of celery. Great for sofrito and salads.,Tallos tiernos del centro del apio. Ideal para sofrito y ensaladas.,399,0,false,1,each,each,each,false,,true,false,false,true,1,https://d2lnr5mha7bycj.cloudfront.net/product-image/file/large_62a16cb5-66ce-45f2-9dfc-96bbf4096d8b.jpg,,Fresh Vegetables,Celery Heart,81,33383653013,unit,4,2026-04-14,2026-04-13
1,"Del Monte Corn, Whole Kernel","Del Monte Maíz, en Grano Entero",Canned whole kernel corn. 8.75 oz can.,Maíz en grano entero enlatado. Lata de 8.75 oz.,149,0,false,8.75,oz,oz,oz,false,,true,false,false,true,1,https://d2lnr5mha7bycj.cloudfront.net/product-image/file/large_5b02fa00-e166-487e-a6bd-ad28eb71277c.jpg,del monte,Canned Goods,"Del Monte Corn, Whole Kernel",6,24000014409,unit,1,2026-04-14,2026-04-13
1,Libby's Whole Kernel Sweet Corn,Libby's Maíz Dulce en Grano Entero,Canned whole kernel sweet corn. 15.25 oz can.,Maíz dulce en grano entero enlatado. Lata de 15.25 oz.,189,0,false,15.25,oz,oz,oz,false,,true,false,false,true,1,https://d2lnr5mha7bycj.cloudfront.net/product-image/file/large_3c5beddb-366f-44b0-912f-8bd0168768bb.png,libby's,Canned Goods,Libby's Whole Kernel Sweet Corn,7,37100036622,unit,1,2026-04-14,2026-04-13
1,Libby's Cream Style Sweet Corn,Libby's Maíz Dulce Estilo Crema,Canned cream-style sweet corn. 14.75 oz can.,Maíz dulce estilo crema enlatado. Lata de 14.75 oz.,189,0,false,14.75,oz,oz,oz,false,,true,false,false,true,1,https://d2lnr5mha7bycj.cloudfront.net/product-image/file/large_a73c1e2d-fb39-4ab4-b806-ad817a3cdc54.png,libby's,Canned Goods,Libby's Cream Style Sweet Corn,9,37100036134,unit,1,2026-04-14,2026-04-13
1,Yellow Onion,Cebolla Amarilla,"Fresh yellow onions. 2 lb bag, all-purpose for cooking.","Cebollas amarillas frescas. Bolsa de 2 lb, para todo tipo de cocina.",199,0,false,2,lb,lb,lb,false,,true,false,false,true,1,https://d2lnr5mha7bycj.cloudfront.net/product-image/file/large_0b1df0ec-e4c3-485d-ab32-530112d3539b.jpg,,Fresh Vegetables,Yellow Onion,101,33383600017,unit,9999,2026-04-14,2026-04-13
1,Wonderful Citrus Naturally Seedless Lemons,Wonderful Citrus Limones Amarillos Naturalmente sin Semillas,Fresh seedless lemons sold by the pound.,"Limones amarillos frescos sin semillas, se venden por libra.",449,0,false,1,lb,lb,lb,false,,true,false,false,true,1,https://d2lnr5mha7bycj.cloudfront.net/product-image/file/large_81cf7cbc-ea98-4211-b23c-2ded50c13bd5.png,wonderful citrus,Fresh Fruit,Wonderful Citrus Naturally Seedless Lemons,35,72240546785,weight,4,2026-04-14,2026-04-13
1,Fresh Picked Celery,Apio Recién Cosechado,"Whole celery stalk for sofrito, soups, and snacks.","Apio entero para sofrito, sopas y meriendas.",249,0,false,1,ct,ct,ct,false,,true,false,false,true,1,https://d2lnr5mha7bycj.cloudfront.net/product-image/file/large_d2b6e5b9-4513-4bfe-ba7f-252b18a5281b.jpg,fresh picked,Fresh Vegetables,Fresh Picked Celery,105,33383653259,unit,9999,2026-04-14,2026-04-13
1,Yellow Onion,Cebolla Amarilla,Fresh yellow onions. 10 lb bag for big-batch cooking.,Cebollas amarillas frescas. Bolsa de 10 lb para cocinar en cantidad.,899,0,false,10,lb,lb,lb,false,,true,false,false,true,1,https://d2lnr5mha7bycj.cloudfront.net/product-image/file/large_2f15ee44-ef1e-434f-9bc6-3b9b90fae719.jpg,,Fresh Vegetables,Yellow Onion,106,33383600048,unit,9999,2026-04-14,2026-04-13
1,Pluot,Pluot (Cruce de Ciruela y Albaricoque),Sweet plum-apricot hybrid fruit. Sold by the pound.,Fruta híbrida dulce de ciruela y albaricoque. Se vende por libra.,399,0,false,1,lb,lb,lb,false,,true,false,false,true,1,https://d2lnr5mha7bycj.cloudfront.net/product-image/file/large_08ca3bad-7ed8-4880-81be-88bd9870e8e7.jpg,,Fresh Fruit,Pluot,36,3609,estimated_each,4,2026-04-14,2026-04-13
1,Garland Fresh Peeled Garlic,Garland Ajo Pelado Fresco,"Pre-peeled fresh garlic cloves. 6 oz container, saves prep time.","Dientes de ajo frescos ya pelados. Envase de 6 oz, ahorra tiempo.",369,0,false,6,oz,oz,oz,false,,true,false,false,true,1,https://d2lnr5mha7bycj.cloudfront.net/product-image/file/large_e669d280-985e-4017-9218-23150b402132.png,garland,Fresh Vegetables,Garland Fresh Peeled Garlic,113,718940000058,unit,4,2026-04-14,2026-04-13
1,Mandarin Clementine,Mandarina Clementina,"Sweet, easy-peel clementines. 16 oz bag.","Clementinas dulces, fáciles de pelar. Bolsa de 16 oz.",399,0,false,16,oz,oz,oz,false,,true,false,false,true,1,https://d2lnr5mha7bycj.cloudfront.net/product-image/file/large_990d54e6-dcb4-4b3a-bb59-72e4bc337b33.jpg,,Fresh Fruit,Mandarin Clementine,37,3632,estimated_each,4,2026-04-14,2026-04-13
1,Butternut Squash,Calabaza Butternut,"Whole butternut squash. Great roasted, in soups, or pureed.","Calabaza butternut entera. Sabrosa al horno, en sopas o en puré.",149,0,false,1,lb,lb,lb,false,,true,false,false,true,1,https://d2lnr5mha7bycj.cloudfront.net/product-image/file/large_2901bd8d-8b25-45af-ab2b-18b3f6a7c3de.jpg,,Fresh Vegetables,Butternut Squash,118,4759,estimated_each,4,2026-04-14,2026-04-13
1,Green Bell Pepper,Pimiento Verde,Fresh green bell pepper sold by the pound. Essential for sofrito.,"Pimiento verde fresco, se vende por libra. Esencial para sofrito.",399,0,false,1,lb,lb,lb,false,,true,false,false,true,1,https://d2lnr5mha7bycj.cloudfront.net/product-image/file/large_a38b5326-5e4d-4b2e-bcbe-4bb6c0991c5e.jpg,,Fresh Vegetables,Green Bell Pepper,122,4065,estimated_each,4,2026-04-14,2026-04-13
1,Russet Potato,Papa Russet,"Single russet potato. Great for baking, mashing, and frying.","Una papa russet. Buena para hornear, hacer puré y freír.",129,0,false,1,lb,lb,lb,false,,true,true,false,true,1,https://d2lnr5mha7bycj.cloudfront.net/product-image/file/large_9f32776b-9a1e-44ad-9f40-42b2fd15c778.jpg,,Fresh Vegetables,Russet Potato,124,4072,estimated_each,4,2026-04-14,2026-04-13
1,Celery Root (Knob),Raíz de Apio (Apio-Nabo),"Whole celery root. Earthy flavor for soups, stews, and purees.","Raíz de apio entera. Sabor terroso para sopas, guisos y purés.",449,0,false,1,lb,lb,lb,true,299,true,false,false,true,1,https://d2lnr5mha7bycj.cloudfront.net/product-image/file/large_3db4b07d-52c3-4e24-80e4-107e38bb52a7.jpg,,Fresh Vegetables,Celery Root (Knob),128,4585,estimated_each,4,2026-04-14,2026-04-13
1,Green Banana,Guineo Verde,Unripe green bananas for boiling. Sold by the pound.,Guineos verdes para hervir. Se venden por libra.,79,0,false,1,lb,lb,lb,false,,true,false,false,true,1,https://d2lnr5mha7bycj.cloudfront.net/product-image/file/large_a1422a2d-2928-4c28-b88a-b6ae5bba173a.jpg,,Fresh Fruit,Green Banana,39,4231,estimated_each,9999,2026-04-14,2026-04-13
1,Navel Orange,Naranja Navel,"Sweet, seedless navel oranges. 4 lb bag, easy to peel.","Naranjas Navel dulces y sin semillas. Bolsa de 4 lb, fáciles de pelar.",399,0,false,4,lb,lb,lb,false,,true,false,false,true,1,https://d2lnr5mha7bycj.cloudfront.net/product-image/file/large_8e5bc0a9-01a1-4b75-974d-9e51d9e395a0.jpg,,Fresh Fruit,Navel Orange,41,33383110011,unit,4,2026-04-14,2026-04-13
1,Foxy Organic Celery Hearts,Foxy Corazones de Apio Orgánicos,Organic celery hearts. 2-count package for sofrito and salads.,Corazones de apio orgánicos. Paquete de 2 ct para sofrito y ensaladas.,499,0,false,2,ct,ct,ct,false,,true,false,false,true,1,https://d1s8987jlndkbs.cloudfront.net/assets/missing-item-4bbe82b8555e4d1c12626fd482cb2409713e8e30835645ff3650ef66a725d03c.png,foxy organic,Fresh Vegetables,Foxy Organic Celery Hearts,151,73574800017,unit,4,2026-04-14,2026-04-13
1,White Onion,Cebolla Blanca,Fresh white onion sold by the pound. Sharp flavor for salsa and cooking.,"Cebolla blanca fresca, se vende por libra. Sabor fuerte para salsa y cocina.",199,0,false,1,lb,lb,lb,false,,true,false,false,true,1,https://d2lnr5mha7bycj.cloudfront.net/product-image/file/large_ccb098ea-16f7-4b03-9b79-a9fa8e38140a.jpg,,Fresh Vegetables,White Onion,170,4663,estimated_each,4,2026-04-14,2026-04-13
1,The Little Potato Company A Little Garlic & Parsley,The Little Potato Company Un Poco de Ajo y Perejil,Pre-seasoned baby potatoes with garlic and parsley. 1 lb bag.,Mini papas ya sazonadas con ajo y perejil. Bolsa de 1 lb.,599,0,false,1,lb,lb,lb,false,,true,false,false,true,1,https://d2lnr5mha7bycj.cloudfront.net/product-image/file/large_b04d1f88-ccc0-4a17-a22d-11d4b8e22e7e.png,the little potato company,Fresh Vegetables,The Little Potato Company A Little Garlic & Parsley,173,629307015342,unit,4,2026-04-14,2026-04-13
1,Red Potato,Papa Roja,Fresh red potatoes sold by the pound. Great boiled or roasted.,"Papas rojas frescas, se venden por libra. Buenas hervidas o al horno.",169,0,false,1,lb,lb,lb,true,129,true,true,false,true,1,https://d2lnr5mha7bycj.cloudfront.net/product-image/file/large_8bc4f6b5-dca1-43a5-b814-4960c7a61582.jpg,,Fresh Vegetables,Red Potato,181,4073,estimated_each,4,2026-04-14,2026-04-13
1,Kabocha Squash,Calabaza Kabocha,Sweet Japanese pumpkin. Great roasted or in soups.,Calabaza japonesa dulce. Sabrosa al horno o en sopas.,199,0,false,1,lb,lb,lb,false,,true,false,false,true,1,https://d2lnr5mha7bycj.cloudfront.net/product-image/file/large_fb581178-d9f5-40e6-96b8-4a1e0cd6e8eb.jpg,,Fresh Vegetables,Kabocha Squash,183,4769,estimated_each,4,2026-04-14,2026-04-13
1,Goodness Gardens Oregano Farm Fresh Singles,"Goodness Gardens Orégano Fresco de Granja, Porción Individual",Fresh oregano in a single-use 0.25 oz pack for seasoning.,Orégano fresco en paquete individual de 0.25 oz para sazonar.,149,0,false,0.25,oz,oz,oz,false,,true,false,false,true,1,https://d2lnr5mha7bycj.cloudfront.net/product-image/file/large_578fdc20-23c7-4348-89ab-2d9c261fc0e6.jpg,goodness gardens,Fresh Vegetables,Goodness Gardens Oregano Farm Fresh Singles,186,21985200155,unit,4,2026-04-14,2026-04-13
1,"Dole Celery Hearts, Mild Flavor, Premium","Dole Corazones de Apio, Sabor Suave, Premium",Tender celery hearts. 16 oz pack for sofrito and snacks.,Corazones de apio tiernos. Paquete de 16 oz para sofrito y meriendas.,399,0,false,16,oz,oz,oz,false,,true,false,false,true,1,https://d2lnr5mha7bycj.cloudfront.net/product-image/file/large_76f19d34-c7a8-4eeb-82b1-6fb1b29d2fd4.png,dole,Fresh Vegetables,"Dole Celery Hearts, Mild Flavor, Premium",187,71430900055,unit,4,2026-04-14,2026-04-13
1,Goodness Gardens Organic Oregano,Goodness Gardens Orégano Orgánico,Fresh organic oregano. 0.75 oz pack for seasoning meats and stews.,Orégano fresco orgánico. Paquete de 0.75 oz para sazonar carnes y guisos.,369,0,false,0.75,oz,oz,oz,false,,true,false,false,true,1,https://d2lnr5mha7bycj.cloudfront.net/product-image/file/large_95761bc8-bc58-4552-b845-602fd17e82f8.jpg,goodness gardens,Fresh Vegetables,Goodness Gardens Organic Oregano,188,21985200940,unit,4,2026-04-14,2026-04-13
1,Garland Food Fresh Peeled Garlic,Garland Food Ajo Pelado Fresco,"Pre-peeled fresh garlic cloves. 1 lb container, saves prep time.","Dientes de ajo frescos ya pelados. Envase de 1 lb, ahorra tiempo.",899,0,false,1,lb,lb,lb,false,,true,false,false,true,1,https://d2lnr5mha7bycj.cloudfront.net/product-image/file/large_f7a1a38c-2d86-4880-ba4c-4c843cc6ef75.png,garland food,Fresh Vegetables,Garland Food Fresh Peeled Garlic,189,718940000072,unit,4,2026-04-14,2026-04-13
1,Cubanelle Pepper,Ají Cubanela,"Mild Cubanelle peppers, sold by the pound. Great for sofrito and frying.","Ajíes cubanela suaves, se venden por libra. Buenos para sofrito y freír.",399,0,false,1,lb,lb,lb,false,,true,false,false,true,1,https://d2lnr5mha7bycj.cloudfront.net/product-image/file/large_89c80eb1-9829-44b2-8bcc-6d2eb0a030a4.jpg,,Fresh Vegetables,Cubanelle Pepper,191,4687,estimated_each,4,2026-04-14,2026-04-13
1,Yucca,Yuca,"Fresh yuca root sold by the pound. Boil, fry, or mash.","Yuca fresca, se vende por libra. Para hervir, freír o hacer puré.",199,0,false,1,lb,lb,lb,true,79,true,false,false,true,1,https://d2lnr5mha7bycj.cloudfront.net/product-image/file/large_7a6c16bb-abe4-4965-8c77-d4863eab8711.jpg,,Fresh Vegetables,Yucca,192,4819,estimated_each,4,2026-04-14,2026-04-13
1,Best Yet Whole Okra,Best Yet Quimbombó Entero,Frozen whole okra. 16 oz bag for stews and gumbos.,Quimbombó entero congelado. Bolsa de 16 oz para guisos.,219,0,false,16,oz,oz,oz,false,,true,true,false,true,1,https://d2lnr5mha7bycj.cloudfront.net/product-image/file/large_a874dd45-1272-4832-a83c-8b8c0e0c5816.png,best yet,Fresh Vegetables,Best Yet Whole Okra,195,42187202266,unit,2,2026-04-14,2026-04-13
1,Turnip Greens Bunch,Manojo de Hojas de Nabo,Fresh turnip greens bunch. Cook like collards or spinach.,Manojo de hojas de nabo frescas. Se cocinan como berza o espinaca.,199,0,false,1,bunch,bunch,bunch,true,99,true,false,false,true,1,https://d2lnr5mha7bycj.cloudfront.net/product-image/file/large_3defcb3b-1041-4ce9-9f42-5adb3f0dfb22.jpg,,Fresh Vegetables,Turnip Greens Bunch,197,4619,estimated_each,4,2026-04-14,2026-04-13
1,AuerPak Elephant Garlic,AuerPak Ajo Elefante,"Single large elephant garlic bulb. Mild, sweet flavor.",Un bulbo grande de ajo elefante. Sabor suave y dulce.,399,0,false,1,each,each,each,false,,true,false,false,true,1,https://d2lnr5mha7bycj.cloudfront.net/product-image/file/large_a01c655b-e661-4c74-92d4-f56b48b3a0ee.jpg,auerpak,Fresh Vegetables,AuerPak Elephant Garlic,205,70873030015,unit,4,2026-04-14,2026-04-13
1,Goodness Gardens Organic Bay Leaves,Goodness Gardens Hojas de Laurel Orgánicas,"Fresh organic bay leaves. 20 ct pack for stews, beans, and rice.","Hojas de laurel frescas orgánicas. Paquete de 20 ct para guisos, habichuelas y arroz.",369,0,false,20,ct,ct,ct,false,,true,false,false,true,1,https://d2lnr5mha7bycj.cloudfront.net/product-image/file/large_87add4c7-d925-4b5d-92f9-7a382fa1c179.jpg,goodness gardens,Fresh Vegetables,Goodness Gardens Organic Bay Leaves,213,21985200995,unit,4,2026-04-14,2026-04-13
1,Red Beet,Remolacha Roja,"Fresh red beets sold by the pound. Roast, boil, or grate raw.","Remolachas rojas frescas, se venden por libra. Para asar, hervir o rallar crudas.",149,0,false,1,lb,lb,lb,false,,true,true,false,true,1,https://d2lnr5mha7bycj.cloudfront.net/product-image/file/large_10c67e67-b050-496c-a654-521e6c0325cf.jpg,,Fresh Vegetables,Red Beet,214,4540,estimated_each,4,2026-04-14,2026-04-13
1,"Green Giant Sweet Corn, Low Sodium, Whole Kernel","Green Giant Maíz Dulce, Bajo en Sodio, en Grano Entero",Canned whole kernel sweet corn with less salt. 15.25 oz can.,"Maíz dulce en grano entero enlatado, bajo en sal. Lata de 15.25 oz.",259,0,false,15.25,oz,oz,oz,false,,true,false,false,true,1,https://d2lnr5mha7bycj.cloudfront.net/product-image/file/large_2d959a5c-e54c-426d-a5ff-32f3fa006032.png,green giant,Canned Goods,"Green Giant Sweet Corn, Low Sodium, Whole Kernel",36,810153930075,unit,1,2026-04-14,2026-04-13
1,Pete’s Fresh Market Organic Green Bell Pepper,Pete’s Fresh Market Pimiento Verde Orgánico,"Organic green bell pepper. 12 oz pack, essential for sofrito.","Pimiento verde orgánico. Paquete de 12 oz, esencial para sofrito.",699,0,false,12,oz,oz,oz,false,,true,false,false,true,1,https://d1s8987jlndkbs.cloudfront.net/assets/missing-item-4bbe82b8555e4d1c12626fd482cb2409713e8e30835645ff3650ef66a725d03c.png,pete’s fresh market,Fresh Vegetables,Pete’s Fresh Market Organic Green Bell Pepper,224,91234000867,unit,4,2026-04-14,2026-04-13
1,Jade Elephant Garlic,Jade Ajo Elefante,Large mild elephant garlic. 7 oz pack with sweet flavor.,Ajo elefante grande y suave. Paquete de 7 oz de sabor dulce.,299,0,false,7,oz,oz,oz,false,,true,false,false,true,1,https://d2lnr5mha7bycj.cloudfront.net/product-image/file/large_ec365170-7b7f-4b9c-9397-e39dd9f186b6.jpeg,jade elephant,Fresh Vegetables,Jade Elephant Garlic,233,68044407055,unit,9999,2026-04-14,2026-04-13
1,Green Giant Niblets Whole Kernel Sweet Corn,Green Giant Niblets Maíz Dulce en Grano Entero,"Canned whole kernel sweet corn. 7 oz can, single-serve size.","Maíz dulce en grano entero enlatado. Lata de 7 oz, porción individual.",159,0,false,7,oz,oz,oz,false,,true,false,false,true,1,https://d2lnr5mha7bycj.cloudfront.net/product-image/file/large_fd145aaf-a533-4744-b6cc-adfa909aac70.png,green giant,Canned Goods,Green Giant Niblets Whole Kernel Sweet Corn,40,810153930037,unit,1,2026-04-14,2026-04-13
1,Organic Roma Tomatoes,Tomates Roma Orgánicos,"Organic Roma tomatoes. 16 oz pack, great for sauces and salads.","Tomates Roma orgánicos. Paquete de 16 oz, ideales para salsas y ensaladas.",599,0,false,16,oz,oz,oz,false,,true,false,false,true,1,https://d2lnr5mha7bycj.cloudfront.net/product-image/file/large_b010fb3c-465a-49b2-a804-f3c6d711a3b1.jpg,,Fresh Vegetables,Organic Roma Tomatoes,234,91234000911,unit,4,2026-04-14,2026-04-13
1,Potato,Papa,Fresh potato sold by the pound. All-purpose for any cooking method.,"Papa fresca, se vende por libra. Para cualquier forma de cocinar.",129,0,false,1,lb,lb,lb,false,,true,false,false,true,1,https://d2lnr5mha7bycj.cloudfront.net/product-image/file/large_69d3e06e-6877-4dbd-aaf8-e9b9c9eb0c80.jpg,,Fresh Vegetables,Potato,245,4083,estimated_each,4,2026-04-14,2026-04-13
4,"Daisy Sour Cream, Pure & Natural","Daisy Crema Agria, Pura y Natural","All-natural sour cream. 14 oz tub for tacos, baked potatoes, dips.","Crema agria 100% natural. Envase de 14 oz para tacos, papas y dips.",399,0,false,14,oz,oz,oz,false,,true,false,false,true,1,https://d2lnr5mha7bycj.cloudfront.net/product-image/file/large_c361cf4a-f76e-4844-9f83-f5a9172751f0.png,daisy,Sour Cream Products,"Daisy Sour Cream, Pure & Natural",1,73420016142,unit,3,2026-04-14,2026-04-13
4,Bluebonnet Original Vegetable Oil Spread Sticks,Bluebonnet Margarina Original en Barras,Vegetable oil spread sticks. 16 oz pack for cooking and baking.,Margarina vegetal en barras. Paquete de 16 oz para cocinar y hornear.,279,0,false,16,oz,oz,oz,true,229,true,false,false,true,1,https://d2lnr5mha7bycj.cloudfront.net/product-image/file/large_9ccdabfa-4225-4d7e-b3ee-4bcefd2212e0.jpg,bluebonnet,Dairy Spreads,Bluebonnet Original Vegetable Oil Spread Sticks,1,2900000822,unit,3,2026-04-14,2026-04-13
4,"Sargento Natural Mozzarella String Cheese Sticks, 12-Count","Sargento Palitos de Queso Mozzarella Natural, 12 ct",Mozzarella string cheese sticks. 12-count pack for snacks or lunches.,Palitos de queso mozzarella. Paquete de 12 ct para meriendas o almuerzos.,699,0,false,12,ct,ct,ct,true,649,true,false,false,true,1,https://d2lnr5mha7bycj.cloudfront.net/product-image/file/large_038ce4ff-3978-42db-93b0-5d49fb2d497a.jpg,sargento,Cheese,"Sargento Natural Mozzarella String Cheese Sticks, 12-Count",1,4610000715,unit,3,2026-04-14,2026-04-13
4,Kraft American Cheese Slices,Kraft Lonchas de Queso Americano,Sliced American cheese. 24-count pack for sandwiches and burgers.,Lonchas de queso americano. Paquete de 24 ct para sándwiches y hamburguesas.,779,0,false,24,ct,ct,ct,true,649,true,false,false,true,1,https://d2lnr5mha7bycj.cloudfront.net/product-image/file/large_db29bedd-fb22-4aac-83c2-381cee847545.jpg,kraft,Cheese,Kraft American Cheese Slices,2,21000615261,unit,3,2026-04-14,2026-04-13
4,Imperial Vegetable Oil Spread Sticks,Imperial Margarina Vegetal en Barras,Vegetable oil spread sticks. 16 oz pack for cooking and baking.,Margarina vegetal en barras. Paquete de 16 oz para cocinar y hornear.,239,0,false,16,oz,oz,oz,false,,true,false,false,true,1,https://d2lnr5mha7bycj.cloudfront.net/product-image/file/large_3eea4654-70b6-48ed-ac58-617ebd1b3b82.png,imperial,Dairy Spreads,Imperial Vegetable Oil Spread Sticks,2,1111587132,unit,3,2026-04-14,2026-04-13
4,"Eggland's Best Classic Large White Eggs, 12 count","Eggland's Best Huevos Blancos Grandes Clásicos, 12 ct",Large white eggs. Carton of 12.,Huevos blancos grandes. Cartón de 12.,499,0,false,12,ct,ct,ct,false,,true,false,false,true,1,https://d2lnr5mha7bycj.cloudfront.net/product-image/file/large_84abc63e-4cf2-452a-b307-237bb1687a4c.png,eggland's best,Eggs,Eggland's Best Classic Large White Eggs,1,715141503494,unit,3,2026-04-14,2026-04-13
4,"fairlife 2% Reduced Fat Ultra-Filtered Milk, Lactose Free","fairlife Leche Ultrafiltrada 2% Reducida en Grasa, Sin Lactosa",Lactose-free 2% milk with extra protein. 52 fl oz bottle.,Leche 2% sin lactosa con proteína extra. Botella de 52 fl oz.,699,0,false,52,fl oz,fl oz,fl oz,false,,true,false,false,true,1,https://d2lnr5mha7bycj.cloudfront.net/product-image/file/large_82c8eaa8-e230-4d72-b7d8-d1819f4a4750.jpg,fairlife,Milk,"fairlife 2% Reduced Fat Ultra-Filtered Milk, Lactose Free",1,856312002771,unit,3,2026-04-14,2026-04-13
4,"International Delight Coffee Creamer, Sweet & Creamy, Refrigerated Flavored Creamer, 32 FL OZ Bottle","International Delight Crema para Café, Dulce y Cremosa, Crema Saborizada Refrigerada, Botella de 32 fl oz",Sweet flavored coffee creamer. 32 fl oz refrigerated bottle.,Crema saborizada dulce para café. Botella refrigerada de 32 fl oz.,599,0,false,32,fl oz,fl oz,fl oz,true,549,true,false,false,true,1,https://d2lnr5mha7bycj.cloudfront.net/product-image/file/large_f4d0d1ce-9a16-4b0c-9aa0-251ab2c64615.jpg,international delight,Coffee Creamers,"International Delight Coffee Creamer, Sweet & Creamy, Refrigerated Flavored Creamer Bottle",1,4127100472,unit,3,2026-04-14,2026-04-13
4,"fairlife Whole Ultra-Filtered Milk, Lactose Free","fairlife Leche Entera Ultrafiltrada, Sin Lactosa",Lactose-free whole milk with extra protein. 52 fl oz bottle.,Leche entera sin lactosa con proteína extra. Botella de 52 fl oz.,699,0,false,52,fl oz,fl oz,fl oz,false,,true,false,false,true,1,https://d2lnr5mha7bycj.cloudfront.net/product-image/file/large_0f23dfec-e1c6-44bc-b11f-2573074f938e.jpg,fairlife,Milk,"fairlife Whole Ultra-Filtered Milk, Lactose Free",2,811620020169,unit,3,2026-04-14,2026-04-13
4,"International Delight Coffee Creamer, Caramel Macchiato, Refrigerated Flavored Creamer, 32 FL OZ Bottle","International Delight Crema para Café, Caramel Macchiato, Crema Saborizada Refrigerada, Botella de 32 fl oz",Caramel macchiato flavored coffee creamer. 32 fl oz refrigerated bottle.,Crema saborizada caramel macchiato para café. Botella refrigerada de 32 fl oz.,599,0,false,32,fl oz,fl oz,fl oz,true,549,true,false,false,true,1,https://d2lnr5mha7bycj.cloudfront.net/product-image/file/large_52dd009d-353d-4038-a957-13e8175d0c94.jpg,international delight,Coffee Creamers,"International Delight Coffee Creamer, Caramel Macchiato, Refrigerated Flavored Creamer Bottle",2,4127100955,unit,3,2026-04-14,2026-04-13
4,"Land O Lakes Half And Half, Traditional, Coffee Creamer, 1 Quart","Land O Lakes Media Crema Tradicional, Crema para Café, 1 Cuarto",Traditional half and half for coffee. 32 fl oz quart carton.,Media crema tradicional para café. Cartón de 32 fl oz.,549,0,false,32,fl oz,fl oz,fl oz,false,,true,false,false,true,1,https://d2lnr5mha7bycj.cloudfront.net/product-image/file/large_dbf2e342-cd4e-4194-a6b3-e67265900919.jpg,land o lakes,Half & Half,"Land O Lakes Half And Half, Traditional, Coffee Creamer, 1 Quart",1,34500632027,unit,3,2026-04-14,2026-04-13
4,"Land O Lakes Butter, Salted","Land O Lakes Mantequilla, con Sal",Salted butter sticks. 1 lb package for cooking and baking.,Barras de mantequilla con sal. Paquete de 1 lb para cocinar y hornear.,649,0,false,1,lb,lb,lb,false,,true,false,false,true,1,https://d2lnr5mha7bycj.cloudfront.net/product-image/file/large_303f928a-43fa-45ac-b8b4-f5ee8de9d94d.png,land o lakes,Dairy Spreads,"Land O Lakes Butter, Salted",4,34500151368,unit,3,2026-04-14,2026-04-13
4,"Sargento Natural Sharp Cheddar Sliced Cheese, 11 Slices","Sargento Queso Cheddar Fuerte Natural en Lonchas, 11 Lonchas",Sharp cheddar cheese slices. 8 oz pack with 11 slices.,Lonchas de queso cheddar fuerte. Paquete de 8 oz con 11 lonchas.,579,0,false,8,oz,oz,oz,false,,true,true,false,true,1,https://d2lnr5mha7bycj.cloudfront.net/product-image/file/large_a5d615e6-684f-4224-8929-c2cfa7d67fd0.jpg,sargento,Cheese,"Sargento Natural Sharp Cheddar Sliced Cheese, 11 Slices",3,46100001134,unit,3,2026-04-14,2026-04-13
4,"Chobani Yogurt, Greek, Cookie Dough","Chobani Yogur, Griego, Masa de Galletas",Greek yogurt with cookie dough mix-ins. 4.5 oz cup.,Yogur griego con trozos de masa de galletas. Vasito de 4.5 oz.,279,0,false,4.5,oz,oz,oz,false,,true,false,false,true,1,https://d2lnr5mha7bycj.cloudfront.net/product-image/file/large_16ca8d18-a0c7-443a-a46f-5fe8edb51b62.png,chobani,Yogurt,"Chobani Yogurt, Greek, Cookie Dough",1,818290016652,unit,3,2026-04-14,2026-04-13
4,Lactaid 2% Reduced Fat Milk,Lactaid Leche 2% Reducida en Grasa,Lactose-free 2% milk. 64 fl oz bottle.,Leche 2% sin lactosa. Botella de 64 fl oz.,599,0,false,64,fl oz,fl oz,fl oz,false,,true,false,false,true,1,https://d2lnr5mha7bycj.cloudfront.net/product-image/file/large_a40d8a51-0ef3-4d4f-abb0-b24bd220ab23.jpg,lactaid,Milk,Lactaid 2% Reduced Fat Milk,4,41383090103,unit,3,2026-04-14,2026-04-13
4,"Eggland's Best Classic Extra Large White Eggs, 12 count","Eggland's Best Huevos Blancos Extra Grandes Clásicos, 12 ct",Extra large white eggs. Carton of 12.,Huevos blancos extra grandes. Cartón de 12.,519,0,false,12,ct,ct,ct,false,,true,false,false,true,1,https://d2lnr5mha7bycj.cloudfront.net/product-image/file/large_476174bf-cecf-4b77-9c95-f3291b2effaf.png,eggland's best,Eggs,Eggland's Best Classic Extra Large White Eggs,9,715141729283,unit,3,2026-04-14,2026-04-13
4,"Land O Lakes Large Brown Eggs, 12 Count","Land O Lakes Huevos Marrones Grandes, 12 ct",Large brown eggs. Carton of 12.,Huevos marrones grandes. Cartón de 12.,549,0,false,12,ct,ct,ct,false,,true,false,false,true,1,https://d2lnr5mha7bycj.cloudfront.net/product-image/file/large_c3e09593-1da2-4497-a2f5-cc0412dbf112.png,land o lakes,Eggs,Land O Lakes Large Brown Eggs,10,852810488123,unit,3,2026-04-14,2026-04-13
4,"Brown Cow® Brown Cow Cream Top Maple Whole Milk Yogurt, 5.3 oz. Cup - Creamy, Delicious Yogurt","Brown Cow® Yogur de Leche Entera Cream Top Sabor Arce, Vasito de 5.3 oz - Yogur Cremoso y Delicioso",Whole milk maple yogurt with cream on top. 5.3 oz cup.,Yogur de leche entera con sabor a arce y crema arriba. Vasito de 5.3 oz.,159,0,false,5.3,oz,oz,oz,false,,true,false,false,true,1,https://d2lnr5mha7bycj.cloudfront.net/product-image/file/large_fa2c6c50-3588-473a-afa9-f35936ef3118.jpg,brown cow®,Yogurt,"Brown Cow® Brown Cow Cream Top Maple Whole Milk Yogurt Cup - Creamy, Delicious Yogurt",3,88194703143,unit,3,2026-04-14,2026-04-13
4,Lactaid Whole Milk,Lactaid Leche Entera,Lactose-free whole milk. Half-gallon carton.,Leche entera sin lactosa. Cartón de medio galón.,599,0,false,0.5,gal,gal,gal,false,,true,true,false,true,1,https://d2lnr5mha7bycj.cloudfront.net/product-image/file/large_c5f4fc93-e04b-44de-9dbe-fa5210b67559.jpg,lactaid,Milk,Lactaid Whole Milk,8,41383090363,unit,3,2026-04-14,2026-04-13
4,Yoplait Whips Strawberry Mist Reduced Fat Yogurt Mousse Cup,Yoplait Whips Mousse de Yogur Reducido en Grasa Sabor Brisa de Fresa,Whipped strawberry yogurt mousse. 4 oz cup.,Mousse batido de yogur de fresa. Vasito de 4 oz.,99,0,false,4,oz,oz,oz,false,,true,false,false,true,1,https://d2lnr5mha7bycj.cloudfront.net/product-image/file/large_d2be600c-3bc0-4b3a-a44d-f9037f0aa7ae.png,yoplait,Yogurt,Yoplait Whips Strawberry Mist Reduced Fat Yogurt Mousse Cup,5,70470001098,unit,3,2026-04-14,2026-04-13
4,La Yogurt Probiotic Strawberry Banana Blended Lowfat Yogurt,La Yogurt Yogur Probiótico Bajo en Grasa Mezclado de Fresa y Guineo,Blended lowfat yogurt with probiotics. 6 fl oz cup.,Yogur bajo en grasa mezclado con probióticos. Vasito de 6 fl oz.,99,0,false,6,fl oz,fl oz,fl oz,false,,true,false,false,true,1,https://d2lnr5mha7bycj.cloudfront.net/product-image/file/large_c5d59ace-aef9-4223-a87f-6eecd8a979f9.jpg,la yogurt,Yogurt,La Yogurt Probiotic Strawberry Banana Blended Lowfat Yogurt,7,5360000081,unit,3,2026-04-14,2026-04-13
4,"Chobani Yogurt, Greek, S'more S'mores","Chobani Yogur, Griego, S'mores",Greek yogurt with s'mores mix-ins. 4.5 oz cup.,Yogur griego con trozos sabor s'mores. Vasito de 4.5 oz.,279,0,false,4.5,oz,oz,oz,false,,true,false,false,true,1,https://d2lnr5mha7bycj.cloudfront.net/product-image/file/large_c1340da3-f1c3-46b5-af18-c25314c179f4.png,chobani,Yogurt,"Chobani Yogurt, Greek, S'more S'mores",9,818290010735,unit,3,2026-04-14,2026-04-13
4,Yoplait Original Low Fat Harvest Peach Yogurt Cup,Yoplait Original Yogur Bajo en Grasa Sabor Melocotón de Cosecha,Lowfat peach yogurt. 6 oz cup.,Yogur bajo en grasa de melocotón. Vasito de 6 oz.,99,0,false,6,oz,oz,oz,false,,true,false,false,true,1,https://d2lnr5mha7bycj.cloudfront.net/product-image/file/large_92cac25e-d298-48ab-9741-e94b065b7135.png,yoplait,Yogurt,Yoplait Original Low Fat Harvest Peach Yogurt Cup,10,70470003078,unit,3,2026-04-14,2026-04-13
4,"Land O Lakes Fat-Free Half And Half, Nonfat Coffee Creamer, 1 Quart","Land O Lakes Media Crema Sin Grasa, Crema para Café Sin Grasa, 1 Cuarto",Fat-free half and half for coffee. 32 fl oz quart carton.,Media crema sin grasa para café. Cartón de 32 fl oz.,549,0,false,32,fl oz,fl oz,fl oz,false,,true,false,false,true,1,https://d2lnr5mha7bycj.cloudfront.net/product-image/file/large_43110c38-5afb-4f0b-a878-274c05bcedba.jpg,land o lakes,Half & Half,"Land O Lakes Fat-Free Half And Half, Nonfat Coffee Creamer, 1 Quart",2,34500632102,unit,3,2026-04-14,2026-04-13
4,Stonyfield Organic Whole Milk Vanilla Yogurt,Stonyfield Yogur Orgánico de Leche Entera Sabor Vainilla,Organic whole milk vanilla yogurt. 3.5 oz cup.,Yogur orgánico de leche entera sabor vainilla. Vasito de 3.5 oz.,289,0,false,3.5,oz,oz,oz,false,,true,false,false,true,1,https://d2lnr5mha7bycj.cloudfront.net/product-image/file/large_8b01642b-fea7-4bbf-bcaa-674eea834182.jpg,stonyfield organic,Yogurt,Stonyfield Organic Whole Milk Vanilla Yogurt,12,52159701048,unit,3,2026-04-14,2026-04-13
4,TEMP TEE Whipped Cream Cheese,TEMP TEE Queso Crema Batido,Whipped cream cheese for spreading. 11.5 oz tub.,Queso crema batido para untar. Envase de 11.5 oz.,899,0,false,11.5,oz,oz,oz,false,,true,false,false,true,1,https://d2lnr5mha7bycj.cloudfront.net/product-image/file/large_d51f899b-085a-4a0b-8b3e-c3a7909820ac.jpg,temp tee,Cream Cheese,TEMP TEE Whipped Cream Cheese,3,21000036677,unit,3,2026-04-14,2026-04-13
4,TEMP TEE Whipped Cream Cheese,TEMP TEE Queso Crema Batido,Whipped cream cheese for spreading. 8 oz tub.,Queso crema batido para untar. Envase de 8 oz.,699,0,false,8,oz,oz,oz,false,,true,false,false,true,1,https://d2lnr5mha7bycj.cloudfront.net/product-image/file/large_8ffdf029-dc02-43cb-8fe3-1ec74f63b7af.jpg,temp tee,Cream Cheese,TEMP TEE Whipped Cream Cheese,4,21000300280,unit,3,2026-04-14,2026-04-13
4,FAGE Milkfat Greek Strained Yogurt with Mixed Berries,FAGE Yogur Griego Colado con Mezcla de Bayas,Strained Greek yogurt with mixed berries. 5.3 oz cup.,Yogur griego colado con mezcla de bayas. Vasito de 5.3 oz.,219,0,false,5.3,oz,oz,oz,false,,true,false,false,true,1,https://d2lnr5mha7bycj.cloudfront.net/product-image/file/large_2e90a2f9-4f04-4c18-9d1b-a60b59fa9173.png,fage,Yogurt,FAGE Milkfat Greek Strained Yogurt with Mixed Berries,15,689544081777,unit,3,2026-04-14,2026-04-13
4,Full Circle Organic 2% Reduced Fat Milk,Full Circle Leche Orgánica 2% Reducida en Grasa,Organic 2% reduced fat milk. Half-gallon carton.,Leche orgánica 2% reducida en grasa. Cartón de medio galón.,599,0,false,0.5,gal,gal,gal,false,,true,false,false,true,1,https://d2lnr5mha7bycj.cloudfront.net/product-image/file/large_b8fca885-175c-49b8-929e-f9eb4094fd03.png,full circle,Milk,Full Circle Organic 2% Reduced Fat Milk,16,36800057333,unit,3,2026-04-14,2026-04-13
4,Full Circle Organic Whole Milk,Full Circle Leche Entera Orgánica,Organic whole milk. Half-gallon carton.,Leche entera orgánica. Cartón de medio galón.,599,0,false,0.5,gal,gal,gal,false,,true,false,false,true,1,https://d2lnr5mha7bycj.cloudfront.net/product-image/file/large_bd81138f-c098-4194-9643-aa7102d760d3.png,full circle,Milk,Full Circle Organic Whole Milk,17,36800057326,unit,3,2026-04-14,2026-04-13
4,Stonyfield Organic Reduced Fat Milk,Stonyfield Leche Orgánica Reducida en Grasa,Organic reduced fat milk. Half-gallon carton.,Leche orgánica reducida en grasa. Cartón de medio galón.,699,0,false,0.5,gal,gal,gal,false,,true,false,false,true,1,https://d2lnr5mha7bycj.cloudfront.net/product-image/file/large_42cfa90d-45f2-4824-990f-76068258a723.jpg,stonyfield organic,Milk,Stonyfield Organic Reduced Fat Milk,18,52159012045,unit,3,2026-04-14,2026-04-13
4,Foodtown Grated Parmesan Cheese,Foodtown Queso Parmesano Rallado,Grated parmesan cheese. 8 oz container for pasta and salads.,Queso parmesano rallado. Envase de 8 oz para pastas y ensaladas.,469,0,false,8,oz,oz,oz,false,,true,false,false,true,1,https://d2lnr5mha7bycj.cloudfront.net/product-image/file/large_5797b26f-36a7-49f7-9b1c-f72bd30982a5.png,foodtown,Cheese,Foodtown Grated Parmesan Cheese,4,11153912072,unit,3,2026-04-14,2026-04-13
4,Planet Oat Caramel Coffee Creamer,Planet Oat Crema de Avena para Café Sabor Caramelo,Dairy-free oatmilk coffee creamer with caramel flavor. 32 fl oz.,"Crema de avena para café sabor caramelo, sin lácteos. 32 fl oz.",549,0,false,32,fl oz,fl oz,fl oz,false,,true,false,false,true,1,https://d2lnr5mha7bycj.cloudfront.net/product-image/file/large_ede754bc-38ae-4165-8d7b-c0bfe002c98d.jpg,planet oat,Coffee Creamers,Planet Oat Caramel Coffee Creamer,7,44100190759,unit,3,2026-04-14,2026-04-13
4,"Daisy Sour Cream, Pure & Natural","Daisy Crema Agria, Pura y Natural","All-natural sour cream. 8 oz tub for tacos, baked potatoes, dips.","Crema agria 100% natural. Envase de 8 oz para tacos, papas y dips.",259,0,false,8,oz,oz,oz,false,,true,false,false,true,1,https://d2lnr5mha7bycj.cloudfront.net/product-image/file/large_3fc6bcca-65d6-4878-ac4b-fe35e608cf1c.png,daisy,Sour Cream Products,"Daisy Sour Cream, Pure & Natural",2,73420000066,unit,3,2026-04-14,2026-04-13
4,"Yoplait Oui French Style Strawberry Whole Milk Yogurt, Glass Yogurt Jar","Yoplait Oui Yogur Estilo Francés de Leche Entera Sabor Fresa, Frasco de Vidrio",French-style whole milk strawberry yogurt in a glass jar. 5 oz.,Yogur estilo francés de leche entera sabor fresa en frasco de vidrio. 5 oz.,219,0,false,5,oz,oz,oz,false,,true,false,false,true,1,https://d2lnr5mha7bycj.cloudfront.net/product-image/file/large_aadbcccd-d256-437d-affc-a3285f2bdf52.png,yoplait oui,Yogurt,"Yoplait Oui French Style Strawberry Whole Milk Yogurt, Glass Yogurt Jar",21,70470496474,unit,3,2026-04-14,2026-04-13
4,Califia Farms Dairy Free Half & Half,Califia Farms Media Crema Sin Lácteos,Plant-based half and half for coffee. 16.9 fl oz bottle.,Media crema vegetal para café. Botella de 16.9 fl oz.,419,0,false,16.9,fl oz,fl oz,fl oz,false,,true,false,false,true,1,https://d2lnr5mha7bycj.cloudfront.net/product-image/file/large_507b8a39-1d79-44ae-bb4b-670056d5af73.jpg,califia farms,Coffee Creamers,Califia Farms Dairy Free Half & Half,14,813636020225,unit,3,2026-04-14,2026-04-13
4,Foodtown Fresh Eggs,Foodtown Huevos Frescos,Fresh eggs. Carton of 12.,Huevos frescos. Cartón de 12.,339,0,false,12,ct,ct,ct,false,,true,false,false,true,1,https://d2lnr5mha7bycj.cloudfront.net/product-image/file/large_82483f36-7bb0-4dc9-b482-98915f444391.png,foodtown,Eggs,Foodtown Fresh Eggs,15,11153600023,unit,3,2026-04-14,2026-04-13
4,"La Yogurt Yogurt, Lowfat, Blended, Original, Peach","La Yogurt Yogur, Bajo en Grasa, Mezclado, Original, Melocotón",Lowfat blended peach yogurt. 6 fl oz cup.,Yogur bajo en grasa mezclado de melocotón. Vasito de 6 fl oz.,99,0,false,6,fl oz,fl oz,fl oz,false,,true,false,false,true,1,https://d2lnr5mha7bycj.cloudfront.net/product-image/file/large_3091b220-50ee-4d9d-a5a0-36711367aff1.png,la yogurt,Yogurt,"La Yogurt Yogurt, Lowfat, Blended, Original, Peach",27,5360000021,unit,3,2026-04-14,2026-04-13
4,"La Yogurt Yogurt, Blended, Lowfat, Original, Strawberry","La Yogurt Yogur, Mezclado, Bajo en Grasa, Original, Fresa",Lowfat blended strawberry yogurt. 6 fl oz cup.,Yogur bajo en grasa mezclado de fresa. Vasito de 6 fl oz.,99,0,false,6,fl oz,fl oz,fl oz,false,,true,false,false,true,1,https://d2lnr5mha7bycj.cloudfront.net/product-image/file/large_15ee8551-f9b2-4534-a3a2-6c48077eea7b.png,la yogurt,Yogurt,"La Yogurt Yogurt, Blended, Lowfat, Original, Strawberry",29,53600000512,unit,3,2026-04-14,2026-04-13
4,Coffee mate natural bliss Sweet Cream Liquid Coffee Creamer,Coffee mate natural bliss Crema Líquida para Café Sabor Crema Dulce,Liquid coffee creamer with sweet cream flavor. 16 fl oz bottle.,Crema líquida para café sabor crema dulce. Botella de 16 fl oz.,579,0,false,16,fl oz,fl oz,fl oz,false,,true,false,false,true,1,https://d2lnr5mha7bycj.cloudfront.net/product-image/file/large_200970ac-2a4f-4aa6-bb81-e01bb28a7b2b.png,coffee mate natural bliss,Coffee Creamers,Coffee mate natural bliss Sweet Cream Liquid Coffee Creamer,16,50000029730,unit,3,2026-04-14,2026-04-13
4,"Danimals Smoothie Strawberry Dairy Drink Multi-Pack, Creamy and Delicious Low Fat Snacks for Kids, 6 Ct, 3.1 oz Smoothie Bottles​​","Danimals Batido de Fresa Multipaquete, Meriendas Cremosas y Deliciosas Bajas en Grasa para Niños, 6 ct, Botellitas de 3.1 oz",Lowfat strawberry yogurt smoothies for kids. 6-pack of 3.1 oz bottles.,Batidos de yogur bajo en grasa de fresa para niños. Paquete de 6 botellitas de 3.1 oz.,499,0,false,3.1,fl oz,fl oz,fl oz,false,,true,false,false,true,1,https://d2lnr5mha7bycj.cloudfront.net/product-image/file/large_3b3886b8-04a0-4c07-aa40-ea20308fbf14.jpg,danimals,Yogurt,"Danimals Smoothie Strawberry Dairy Drink Multi-Pack, Creamy and Delicious Low Fat Snacks for Kids Smoothie Bottles​​",31,36632036407,unit,3,2026-04-14,2026-04-13
4,Kraft Singles American Cheese Slices,Kraft Singles Lonchas de Queso Americano,Sliced American cheese. 16-count pack for sandwiches.,Lonchas de queso americano. Paquete de 16 ct para sándwiches.,599,0,false,16,ct,ct,ct,false,,true,false,false,true,1,https://d2lnr5mha7bycj.cloudfront.net/product-image/file/large_48390631-51cf-48b1-8b4d-28533f966d86.jpg,kraft,Cheese,Kraft Singles American Cheese Slices,10,21000604647,unit,3,2026-04-14,2026-04-13
4,"PLANET OAT French Vanilla Coffee Creamer, 32 oz","PLANET OAT Crema de Avena para Café Sabor Vainilla Francesa, 32 oz",Dairy-free oatmilk coffee creamer with French vanilla flavor. 32 oz.,"Crema de avena para café sabor vainilla francesa, sin lácteos. 32 oz.",549,0,false,32,fl oz,fl oz,fl oz,false,,true,false,false,true,1,https://d2lnr5mha7bycj.cloudfront.net/product-image/file/large_74a43bbb-9e0a-4f98-8c2f-4887f414225f.jpg,planet oat,Coffee Creamers,PLANET OAT French Vanilla Coffee Creamer,19,44100190742,unit,3,2026-04-14,2026-04-13
4,"Yoplait Oui French Style Blueberry Whole Milk Yogurt, Glass Yogurt Jar","Yoplait Oui Yogur Estilo Francés de Leche Entera Sabor Arándano, Frasco de Vidrio",French-style whole milk blueberry yogurt in a glass jar. 5 oz.,Yogur estilo francés de leche entera sabor arándano en frasco de vidrio. 5 oz.,219,0,false,5,oz,oz,oz,false,,true,false,false,true,1,https://d2lnr5mha7bycj.cloudfront.net/product-image/file/large_87f1a90e-15d4-4518-8c58-3105011896c6.png,yoplait oui,Yogurt,"Yoplait Oui French Style Blueberry Whole Milk Yogurt, Glass Yogurt Jar",37,70470496535,unit,3,2026-04-14,2026-04-13
4,"Borden Slices, Sharp Cheddar","Borden Lonchas, Cheddar Fuerte",Sharp cheddar cheese slices. 10 individual slices for sandwiches.,Lonchas de queso cheddar fuerte. 10 lonchas individuales para sándwiches.,479,0,false,10,each,each,each,false,,true,false,false,true,1,https://d2lnr5mha7bycj.cloudfront.net/product-image/file/large_1f2a012e-f830-4574-b5ba-a114dedc04f8.png,borden,Cheese,"Borden Slices, Sharp Cheddar",12,53000053408,unit,3,2026-04-14,2026-04-13
4,Philadelphia Original Cream Cheese,Philadelphia Queso Crema Original,Original cream cheese. 8 oz brick for spreading and baking.,Queso crema original. Bloque de 8 oz para untar y hornear.,549,0,false,8,oz,oz,oz,false,,true,false,false,true,1,https://d2lnr5mha7bycj.cloudfront.net/product-image/file/large_a17bf0af-bb30-499f-aa4f-f45eb8dc20e2.jpg,philadelphia,Cream Cheese,Philadelphia Original Cream Cheese,8,2100061223,unit,3,2026-04-14,2026-04-13
4,Reddi-wip Original Dairy Whipped Topping,Reddi-wip Crema Batida Original con Lácteos,Sweetened whipped cream topping in a spray can. 6.5 oz.,Crema batida endulzada en lata con rociador. 6.5 oz.,499,0,false,6.5,oz,oz,oz,true,449,true,false,false,true,1,https://d2lnr5mha7bycj.cloudfront.net/product-image/file/large_2033a304-8609-4ad5-b614-b3af0eee7970.jpg,reddi-wip,Creams,Reddi-wip Original Dairy Whipped Topping,2,7027223202,unit,3,2026-04-14,2026-04-13
4,Chobani Nonfat Greek Vanilla Yogurt,Chobani Yogur Griego Sin Grasa Sabor Vainilla,Nonfat Greek vanilla yogurt. 5.3 oz cup.,Yogur griego sin grasa sabor vainilla. Vasito de 5.3 oz.,259,0,false,5.3,oz,oz,oz,false,,true,false,false,true,1,https://d2lnr5mha7bycj.cloudfront.net/product-image/file/large_f2f2fe13-889b-4028-a9ea-609908599d76.png,chobani,Yogurt,Chobani Nonfat Greek Vanilla Yogurt,46,89470001002,unit,3,2026-04-14,2026-04-13
4,Hood Small Curd Cottage Cheese with Pineapple Added,Hood Queso Cottage de Grano Pequeño con Piña,Small curd cottage cheese with pineapple chunks. 16 oz tub.,Queso cottage de grano pequeño con trozos de piña. Envase de 16 oz.,489,0,false,16,oz,oz,oz,false,,true,false,false,true,1,https://d2lnr5mha7bycj.cloudfront.net/product-image/file/large_c93c375b-e867-4647-aeb5-f0edc13cfbd7.jpg,hood,Cheese,Hood Small Curd Cottage Cheese with Pineapple Added,15,44100102172,unit,3,2026-04-14,2026-04-13
4,Almond Breeze Unsweetened Original Almondmilk,Almond Breeze Leche de Almendras Original sin Azúcar,"Unsweetened almondmilk. 32 fl oz carton, dairy-free.","Leche de almendras sin azúcar. Cartón de 32 fl oz, sin lácteos.",299,0,false,32,fl oz,fl oz,fl oz,false,,true,false,false,true,1,https://d2lnr5mha7bycj.cloudfront.net/product-image/file/large_42111fb3-136a-4038-b025-9860247b8ab7.jpg,almond breeze,Milk,Almond Breeze Unsweetened Original Almondmilk,57,41570054130,unit,1,2026-04-14,2026-04-13
4,Lactaid Cottage Cheese,Lactaid Queso Cottage,Lactose-free cottage cheese. 16 oz tub.,Queso cottage sin lactosa. Envase de 16 oz.,549,0,false,16,oz,oz,oz,false,,true,false,false,true,1,https://d2lnr5mha7bycj.cloudfront.net/product-image/file/large_e65d0de3-c855-4eb7-93cf-6eb5165705fa.jpg,lactaid,Cheese,Lactaid Cottage Cheese,18,41383155482,unit,3,2026-04-14,2026-04-13
4,"Dannon Fruit on the Bottom Peach Low Fat Yogurt, Gluten Free Snacks with Real Peach Pieces, Good Source of Calcium and Vitamin D, 5.3 OZ Yogurt Container","Dannon Yogur Bajo en Grasa con Fruta al Fondo Sabor Melocotón, Merienda Sin Gluten con Trozos Reales de Melocotón, Buena Fuente de Calcio y Vitamina D, Envase de 5.3 oz",Lowfat peach yogurt with real fruit on the bottom. 5.3 oz cup.,Yogur bajo en grasa de melocotón con fruta real al fondo. Vasito de 5.3 oz.,119,0,false,5.3,oz,oz,oz,false,,true,false,false,true,1,https://d2lnr5mha7bycj.cloudfront.net/product-image/file/large_4ba37b98-8033-44ad-a0ba-80386be0f285.jpg,dannon,Yogurt,"Dannon Fruit on the Bottom Peach Low Fat Yogurt, Gluten Free Snacks with Real Peach Pieces, Good Source of Calcium and Vitamin D Yogurt Container",56,36632001122,unit,3,2026-04-14,2026-04-13
4,Nestlé NESQUIK Chocolate Lowfat Milk Ready to Drink,Nestlé NESQUIK Leche Baja en Grasa Sabor Chocolate Lista para Beber,Ready-to-drink chocolate lowfat milk. 14 fl oz bottle.,Leche baja en grasa sabor chocolate lista para beber. Botella de 14 fl oz.,250,0,false,14,fl oz,fl oz,fl oz,false,,true,false,false,true,1,https://d2lnr5mha7bycj.cloudfront.net/product-image/file/large_8607a89b-7668-4f53-b6c0-7f9577176a7c.jpg,nestlé nesquik,Milk,Nestlé NESQUIK Chocolate Lowfat Milk Ready to Drink,59,28000772123,unit,3,2026-04-14,2026-04-13
4,Hotel Bar Salted Butter,Hotel Bar Mantequilla con Sal,Salted butter sticks. 16 oz pack for cooking and baking.,Barras de mantequilla con sal. Paquete de 16 oz para cocinar y hornear.,799,0,false,16,oz,oz,oz,false,,true,false,false,true,1,https://d2lnr5mha7bycj.cloudfront.net/product-image/file/large_a15e78bc-cf00-4700-ae8b-8f8e5d1b0c8f.png,hotel bar,Dairy Spreads,Hotel Bar Salted Butter,8,1570045010,unit,3,2026-04-14,2026-04-13
4,"Cabot Whipped Cream, 7 oz","Cabot Crema Batida, 7 oz",Real dairy whipped cream in a spray can. 7 oz.,Crema batida real con lácteos en lata con rociador. 7 oz.,349,0,false,7,oz,oz,oz,false,,true,false,false,true,1,https://d2lnr5mha7bycj.cloudfront.net/product-image/file/large_95543e19-9431-41b8-8f71-ccd057e269c0.jpg,cabot,Creams,Cabot Whipped Cream,3,78354828458,unit,3,2026-04-14,2026-04-13
4,Breakstone's All Natural Sour Cream oz Tub,Breakstone's Crema Agria 100% Natural en Envase,"All-natural sour cream. 16 oz tub for tacos, baked potatoes, dips.","Crema agria 100% natural. Envase de 16 oz para tacos, papas y dips.",399,0,false,16,oz,oz,oz,false,,true,false,false,true,1,https://d2lnr5mha7bycj.cloudfront.net/product-image/file/large_fbf41d09-c3ba-454d-9ddc-38f7ca296028.jpg,breakstone's,Sour Cream Products,Breakstone's All Natural Sour Cream oz Tub,5,2100030165,unit,3,2026-04-14,2026-04-13
4,"Chobani Coffee Creamer, Sweet Cream","Chobani Crema para Café, Sabor Crema Dulce",Sweet cream coffee creamer. 24 fl oz bottle.,Crema para café sabor crema dulce. Botella de 24 fl oz.,799,0,false,24,fl oz,fl oz,fl oz,false,,true,false,false,true,1,https://d2lnr5mha7bycj.cloudfront.net/product-image/file/large_a3c1586f-c20e-435a-ab44-3c6527e3a90c.png,chobani,Coffee Creamers,"Chobani Coffee Creamer, Sweet Cream",27,818290016928,unit,3,2026-04-14,2026-04-13
4,Country Crock Original Spread,Country Crock Margarina Original,Original buttery spread for cooking and toast. 45 oz tub.,Margarina original sabor mantequilla para cocinar y tostadas. Envase de 45 oz.,1199,0,false,45,oz,oz,oz,false,,true,false,false,true,1,https://d2lnr5mha7bycj.cloudfront.net/product-image/file/large_c5c2853c-3dd4-4473-b005-6183df9d12e8.png,country crock,Dairy Spreads,Country Crock Original Spread,10,2740026499,unit,3,2026-04-14,2026-04-13
4,Chobani Extra Creamy Oatmilk,Chobani Leche de Avena Extra Cremosa,Extra creamy oatmilk for drinks and coffee. 52 fl oz carton.,Leche de avena extra cremosa para bebidas y café. Cartón de 52 fl oz.,649,0,false,52,fl oz,fl oz,fl oz,true,599,true,false,false,true,1,https://d2lnr5mha7bycj.cloudfront.net/product-image/file/large_18d0e438-4b1f-4a24-aa5e-c37b0ecf26f1.png,chobani,Milk,Chobani Extra Creamy Oatmilk,62,81829001703,unit,3,2026-04-14,2026-04-13
4,"Chobani Coffee Creamer, Vanilla","Chobani Crema para Café, Vainilla",Vanilla flavored coffee creamer. 24 fl oz bottle.,Crema para café sabor vainilla. Botella de 24 fl oz.,799,0,false,24,fl oz,fl oz,fl oz,false,,true,false,false,true,1,https://d2lnr5mha7bycj.cloudfront.net/product-image/file/large_37554cce-44c0-4a6a-8db2-c86791aad94b.png,chobani,Coffee Creamers,"Chobani Coffee Creamer, Vanilla",28,818290016935,unit,3,2026-04-14,2026-04-13
4,"Land O Lakes White Deli American Cheese, Packaged Sliced Cheese, 8oz, 10 Slices","Land O Lakes Queso Americano Blanco Estilo Deli, Queso en Lonchas, 8 oz, 10 Lonchas",White American deli cheese slices. 8 oz pack with 10 slices.,Lonchas de queso americano blanco estilo deli. Paquete de 8 oz con 10 lonchas.,499,0,false,8,oz,oz,oz,false,,true,true,false,true,1,https://d2lnr5mha7bycj.cloudfront.net/product-image/file/large_1214734c-c990-49ae-8087-2cc3fe225b35.png,land o lakes,Cheese,"Land O Lakes White Deli American Cheese, Packaged Sliced Cheese, 10 Slices",28,34500446884,unit,3,2026-04-14,2026-04-13
4,Nestlé NESQUIK Strawberry Flavored Lowfat Milk Ready To Drink,Nestlé NESQUIK Leche Baja en Grasa Sabor Fresa Lista para Beber,Ready-to-drink strawberry lowfat milk. 14 fl oz bottle.,Leche baja en grasa sabor fresa lista para beber. Botella de 14 fl oz.,250,0,false,14,fl oz,fl oz,fl oz,false,,true,false,false,true,1,https://d2lnr5mha7bycj.cloudfront.net/product-image/file/large_6bd15a48-3926-4c68-9973-4a2d38743403.jpg,nestlé nesquik,Milk,Nestlé NESQUIK Strawberry Flavored Lowfat Milk Ready To Drink,63,28000515751,unit,3,2026-04-14,2026-04-13
4,Almond Breeze Unsweetened Vanilla Shelf-Stable Almondmilk,"Almond Breeze Leche de Almendras Sabor Vainilla sin Azúcar, No Perecedera",Shelf-stable unsweetened vanilla almondmilk. 32 fl oz carton.,"Leche de almendras sabor vainilla sin azúcar, no perecedera. Cartón de 32 fl oz.",299,0,false,32,fl oz,fl oz,fl oz,false,,true,false,false,true,1,https://d2lnr5mha7bycj.cloudfront.net/product-image/file/large_8b6440ac-9c34-4f68-9b8b-231336545d6e.jpg,almond breeze,Milk,Almond Breeze Unsweetened Vanilla Shelf-Stable Almondmilk,64,41570054161,unit,1,2026-04-14,2026-04-13
4,Best Yet Grade A Extra Large White Eggs,Best Yet Huevos Blancos Extra Grandes Grado A,Extra large white eggs. Carton of 12.,Huevos blancos extra grandes. Cartón de 12.,299,0,false,12,ct,ct,ct,false,,true,false,false,true,1,https://d2lnr5mha7bycj.cloudfront.net/product-image/file/large_50b34e5a-3628-4ed6-94ff-a205c8db7342.png,best yet,Eggs,Best Yet Grade A Extra Large White Eggs,16,42187203201,unit,3,2026-04-14,2026-04-13
4,Hillandale Farms White Farm Fresh Large Eggs,Hillandale Farms Huevos Blancos Grandes Frescos de Granja,Large white eggs from the farm. Carton of 6.,Huevos blancos grandes frescos de granja. Cartón de 6.,159,0,false,6,ct,ct,ct,false,,true,false,false,true,1,https://d2lnr5mha7bycj.cloudfront.net/product-image/file/large_df76f810-30a3-43ba-8a80-80b14c105330.png,hillandale farms,Eggs,Hillandale Farms White Farm Fresh Large Eggs,17,77438555266,unit,3,2026-04-14,2026-04-13
4,Dannon Classic Blended All Natural Coffee Lowfat Yogurt,Dannon Yogur Bajo en Grasa Clásico Mezclado 100% Natural Sabor Café,Lowfat blended coffee-flavored yogurt. 5.3 oz cup.,Yogur bajo en grasa mezclado sabor café. Vasito de 5.3 oz.,119,0,false,5.3,oz,oz,oz,false,,true,false,false,true,1,https://d2lnr5mha7bycj.cloudfront.net/product-image/file/large_8440e94e-43cf-45a7-ab60-12f5c4670cf3.jpg,dannon,Yogurt,Dannon Classic Blended All Natural Coffee Lowfat Yogurt,73,36632013743,unit,3,2026-04-14,2026-04-13
4,Kate's Real Buttermilk,Kate's Suero de Mantequilla Real,Real cultured buttermilk for baking and pancakes. 32 fl oz.,Suero de mantequilla cultivado real para hornear y panqueques. 32 fl oz.,349,0,false,32,fl oz,fl oz,fl oz,false,,true,false,false,true,1,https://d2lnr5mha7bycj.cloudfront.net/product-image/file/large_ed114d11-773a-407d-b73f-221bb4f1c064.png,kate's,Milk,Kate's Real Buttermilk,67,41231001022,unit,3,2026-04-14,2026-04-13
4,Country Crock Original Spread,Country Crock Margarina Original,Original buttery spread for cooking and toast. 15 oz tub.,Margarina original sabor mantequilla para cocinar y tostadas. Envase de 15 oz.,549,0,false,15,oz,oz,oz,false,,true,false,false,true,1,https://d2lnr5mha7bycj.cloudfront.net/product-image/file/large_978df194-73a1-43f9-b481-a7508af066dd.png,country crock,Dairy Spreads,Country Crock Original Spread,13,27400103070,unit,3,2026-04-14,2026-04-13
4,"Land O Lakes Spread, Butter with Canola Oil","Land O Lakes Untable, Mantequilla con Aceite de Canola",Butter blended with canola oil for easy spreading. 8 oz tub.,Mantequilla mezclada con aceite de canola para untar fácilmente. Envase de 8 oz.,359,0,false,8,oz,oz,oz,false,,true,false,false,true,1,https://d2lnr5mha7bycj.cloudfront.net/product-image/file/large_5496bb40-7953-4dc8-b40a-f140e2f14c4f.png,land o lakes,Dairy Spreads,"Land O Lakes Spread, Butter with Canola Oil",16,34500151290,unit,3,2026-04-14,2026-04-13
4,Philadelphia Neufchatel Cheese with a Third Less Fat than Cream Cheese,Philadelphia Queso Neufchatel con un Tercio Menos de Grasa que el Queso Crema,Lighter Neufchatel cheese for spreading. 8 oz brick.,Queso Neufchatel más liviano para untar. Bloque de 8 oz.,99,0,false,8,oz,oz,oz,false,,true,false,false,true,1,https://d2lnr5mha7bycj.cloudfront.net/product-image/file/large_960223d9-8299-4dad-8876-d7e12c36f1fe.jpg,philadelphia,Cream Cheese,Philadelphia Neufchatel Cheese with a Third Less Fat than Cream Cheese,14,21000612475,unit,3,2026-04-14,2026-04-13
4,Land O Lakes Light Butter with Canola Oil,Land O Lakes Mantequilla Light con Aceite de Canola,Light butter blended with canola oil. 8 oz tub.,Mantequilla light mezclada con aceite de canola. Envase de 8 oz.,359,0,false,8,oz,oz,oz,false,,true,false,false,true,1,https://d2lnr5mha7bycj.cloudfront.net/product-image/file/large_9697f27b-63d8-4754-88bc-7620aa7dd1f7.png,land o lakes,Dairy Spreads,Land O Lakes Light Butter with Canola Oil,19,34500151160,unit,3,2026-04-14,2026-04-13
4,"Borden Singles, American","Borden Singles, Americano",Single 0.75 oz American cheese slice. Buy in bulk for sandwiches.,Loncha individual de 0.75 oz de queso americano. Para sándwiches al por mayor.,429,0,false,0.75,oz,oz,oz,false,,true,false,false,true,1,https://d2lnr5mha7bycj.cloudfront.net/product-image/file/large_6802c296-d62e-465f-af19-69d476ddcbd6.png,borden,Cheese,"Borden Singles, American",42,5300000636,unit,3,2026-04-14,2026-04-13
4,"Parmalat Milk, Reduced Fat, 2%","Parmalat Leche, Reducida en Grasa, 2%",Shelf-stable 2% reduced fat milk. 1 qt carton.,"Leche 2% reducida en grasa, no perecedera. Cartón de 1 cuarto.",449,0,false,1,qt,qt,qt,true,399,true,false,false,true,1,https://d2lnr5mha7bycj.cloudfront.net/product-image/file/large_d5388cd1-208e-4177-82c9-bdabf8dd934d.jpg,parmalat,Milk,"Parmalat Milk, Reduced Fat, 2%",70,85706500702,unit,1,2026-04-14,2026-04-13
4,Daisy 4% Milkfat with Strawberries Cottage Cheese,Daisy Queso Cottage 4% Grasa Láctea con Fresas,Cottage cheese with real strawberries. 6 oz cup.,Queso cottage con fresas reales. Vasito de 6 oz.,219,0,false,6,oz,oz,oz,false,,true,false,false,true,1,https://d2lnr5mha7bycj.cloudfront.net/product-image/file/large_2b8af7da-ab28-438d-a584-42c999362cb1.png,daisy,Cheese,Daisy 4% Milkfat with Strawberries Cottage Cheese,52,73420531225,unit,3,2026-04-14,2026-04-13
4,FAGE All Natural Sour Cream,FAGE Crema Agria 100% Natural,"All-natural sour cream. 16 oz tub for tacos, baked potatoes, dips.","Crema agria 100% natural. Envase de 16 oz para tacos, papas y dips.",399,0,false,16,oz,oz,oz,false,,true,false,false,true,1,https://d2lnr5mha7bycj.cloudfront.net/product-image/file/large_9ba7d8fe-a2c2-4b78-b5b5-b738fecae638.png,fage,Sour Cream Products,FAGE All Natural Sour Cream,8,689544075011,unit,3,2026-04-14,2026-04-13
4,Hood Lowfat Small Curd Cottage Cheese with Peaches,Hood Queso Cottage Bajo en Grasa de Grano Pequeño con Melocotones,Lowfat small curd cottage cheese with peaches. 16 oz tub.,Queso cottage bajo en grasa de grano pequeño con melocotones. Envase de 16 oz.,489,0,false,16,oz,oz,oz,false,,true,false,false,true,1,https://d2lnr5mha7bycj.cloudfront.net/product-image/file/large_e3ec5fcb-f652-4bff-ac1d-b1b7ebbbd9fb.jpg,hood,Cheese,Hood Lowfat Small Curd Cottage Cheese with Peaches,59,44100118418,unit,3,2026-04-14,2026-04-13
4,Best Yet Grade A Jumbo Brown Eggs,Best Yet Huevos Marrones Jumbo Grado A,Jumbo brown eggs. Carton of 12.,Huevos marrones jumbo. Cartón de 12.,259,0,false,12,ct,ct,ct,false,,true,false,false,true,1,https://d2lnr5mha7bycj.cloudfront.net/product-image/file/large_7c05d693-1806-4b56-b0a1-ba674f95ff60.png,best yet,Eggs,Best Yet Grade A Jumbo Brown Eggs,18,42187212029,unit,3,2026-04-14,2026-04-13
4,Chobani Vanilla Oatmilk,Chobani Leche de Avena Sabor Vainilla,"Vanilla oatmilk for drinks, coffee, and cereal. 52 fl oz carton.","Leche de avena sabor vainilla para bebidas, café y cereal. Cartón de 52 fl oz.",649,0,false,52,fl oz,fl oz,fl oz,true,599,true,false,false,true,1,https://d2lnr5mha7bycj.cloudfront.net/product-image/file/large_426690ff-a392-49e2-889f-35288d652488.png,chobani,Milk,Chobani Vanilla Oatmilk,72,81829001699,unit,3,2026-04-14,2026-04-13
4,Daisy 4% Milkfat with Crushed Pineapples Cottage Cheese,Daisy Queso Cottage 4% Grasa Láctea con Piña Triturada,Cottage cheese with crushed pineapple. 6 oz cup.,Queso cottage con piña triturada. Vasito de 6 oz.,219,0,false,6,oz,oz,oz,false,,true,false,false,true,1,https://d2lnr5mha7bycj.cloudfront.net/product-image/file/large_d4637e1f-923b-4a12-8b3c-859fda895dfc.png,daisy,Cheese,Daisy 4% Milkfat with Crushed Pineapples Cottage Cheese,63,73420531218,unit,3,2026-04-14,2026-04-13
4,Smart Balance Buttery Spread Made with Extra Virgin Olive Oil,Smart Balance Margarina Sabor Mantequilla Hecha con Aceite de Oliva Extra Virgen,Buttery spread with olive oil. 13 oz tub for cooking and toast.,Margarina sabor mantequilla con aceite de oliva. Envase de 13 oz para cocinar y tostadas.,799,0,false,13,oz,oz,oz,false,,true,false,false,true,1,https://d2lnr5mha7bycj.cloudfront.net/product-image/file/large_9c6b6090-a52e-4722-9d43-381389c0f61d.jpg,smart balance,Dairy Spreads,Smart Balance Buttery Spread Made with Extra Virgin Olive Oil,25,3377601130,unit,3,2026-04-14,2026-04-13
4,Parmalat Whole Milk Shelf Stable,"Parmalat Leche Entera, No Perecedera",Shelf-stable whole milk. 32 fl oz carton.,Leche entera no perecedera. Cartón de 32 fl oz.,449,0,false,32,fl oz,fl oz,fl oz,true,399,true,false,false,true,1,https://d2lnr5mha7bycj.cloudfront.net/product-image/file/large_9fa8a733-bc5a-44ab-9c2f-79c7f3cf9b90.jpg,parmalat,Milk,Parmalat Whole Milk Shelf Stable,73,857065007013,unit,1,2026-04-14,2026-04-13
4,VELVEETA Original Flavored Cheese Slices,VELVEETA Lonchas de Queso Sabor Original,Original VELVEETA cheese slices. 16-count pack for melting.,Lonchas de queso VELVEETA sabor original. Paquete de 16 ct para derretir.,699,0,false,16,ct,ct,ct,false,,true,false,false,true,1,https://d2lnr5mha7bycj.cloudfront.net/product-image/file/large_59f600ff-0817-4a37-9fb4-715c76d2d922.jpg,velveeta,Cheese,VELVEETA Original Flavored Cheese Slices,72,21000611447,unit,3,2026-04-14,2026-04-13
4,Best Yet Whipped Cream Cheese Spread,Best Yet Queso Crema Batido para Untar,Whipped cream cheese spread. 8 oz tub for bagels and toast.,Queso crema batido para untar. Envase de 8 oz para bagels y tostadas.,299,0,false,8,oz,oz,oz,false,,true,false,false,true,1,https://d2lnr5mha7bycj.cloudfront.net/product-image/file/large_c77dcf41-f6d4-41ce-8af6-4ed782edd91e.png,best yet,Cream Cheese,Best Yet Whipped Cream Cheese Spread,15,42187023564,unit,3,2026-04-14,2026-04-13
4,Coffee mate Nestle Hazelnut Liquid Coffee Creamer,Coffee mate Nestle Crema Líquida para Café Sabor Avellana,Hazelnut flavored liquid coffee creamer. 16 fl oz bottle.,Crema líquida para café sabor avellana. Botella de 16 fl oz.,419,0,false,16,fl oz,fl oz,fl oz,false,,true,false,false,true,1,https://d2lnr5mha7bycj.cloudfront.net/product-image/file/large_80f7464e-3ed7-4f85-a725-03fc7bbeb970.jpg,coffee mate,Coffee Creamers,Coffee mate Nestle Hazelnut Liquid Coffee Creamer,37,50000328222,unit,3,2026-04-14,2026-04-13
4,VELVEETA Original Flavored Cheese Slices,VELVEETA Lonchas de Queso Sabor Original,Original VELVEETA cheese slices. 1 lb pack for melting.,Lonchas de queso VELVEETA sabor original. Paquete de 1 lb para derretir.,779,0,false,1,lb,lb,lb,true,649,true,false,false,true,1,https://d2lnr5mha7bycj.cloudfront.net/product-image/file/large_8b04ea7e-b84f-496f-83c0-858a45fc6ae5.jpg,velveeta,Cheese,VELVEETA Original Flavored Cheese Slices,80,21000611461,unit,3,2026-04-14,2026-04-13
4,Dannon Light + Fit Original Peach Fat Free Yogurt,Dannon Light + Fit Yogur Sin Grasa Original Sabor Melocotón,Fat-free peach yogurt. 5.3 oz cup.,Yogur sin grasa sabor melocotón. Vasito de 5.3 oz.,119,0,false,5.3,oz,oz,oz,false,,true,false,false,true,1,https://d2lnr5mha7bycj.cloudfront.net/product-image/file/large_71711b1d-8304-447f-b372-0c21d70c234f.jpg,dannon light + fit,Yogurt,Dannon Light + Fit Original Peach Fat Free Yogurt,94,36632013088,unit,3,2026-04-14,2026-04-13
4,"Tropical Sour Cream, Cultured, Crema Mexicana","Tropical Crema Agria, Cultivada, Crema Mexicana",Mexican-style cultured sour cream. 14 oz container for tacos and dishes.,Crema mexicana cultivada estilo tradicional. Envase de 14 oz para tacos y platos.,399,0,false,14,oz,oz,oz,false,,true,false,false,true,1,https://d2lnr5mha7bycj.cloudfront.net/product-image/file/large_1de5240b-3c93-4856-bb6b-e6cab513b878.png,tropical,Sour Cream Products,"Tropical Sour Cream, Cultured, Crema Mexicana",9,27568051565,unit,7019,2026-04-14,2026-04-13
4,Best Yet Pepper Jack Monterey Jack Cheese With Jalapeno Peppers,Best Yet Queso Pepper Jack Monterey Jack con Jalapeños,"Monterey Jack cheese with jalapeños. 8 oz block, mildly spicy.","Queso Monterey Jack con jalapeños. Bloque de 8 oz, ligeramente picante.",259,0,false,8,oz,oz,oz,false,,true,true,false,true,1,https://d2lnr5mha7bycj.cloudfront.net/product-image/file/large_d07cd253-d58c-4499-81c8-22e0aece9edf.png,best yet,Cheese,Best Yet Pepper Jack Monterey Jack Cheese With Jalapeno Peppers,96,42187013060,unit,3,2026-04-14,2026-04-13
4,Best Yet Colby & Monterey Jack Cheese Bar,Best Yet Bloque de Queso Colby y Monterey Jack,"Colby and Monterey Jack cheese block. 8 oz, mild flavor.","Bloque de queso Colby y Monterey Jack. 8 oz, sabor suave.",259,0,false,8,oz,oz,oz,false,,true,true,false,true,1,https://d2lnr5mha7bycj.cloudfront.net/product-image/file/large_84e42616-bf37-4161-af3d-df571ffe22ed.png,best yet,Cheese,Best Yet Colby & Monterey Jack Cheese Bar,99,42187013077,unit,3,2026-04-14,2026-04-13
4,Best Yet Half & Half,Best Yet Media Crema,Half and half for coffee and recipes. 1 qt carton.,Media crema para café y recetas. Cartón de 1 cuarto.,399,0,false,1,qt,qt,qt,false,,true,false,false,true,1,https://d2lnr5mha7bycj.cloudfront.net/product-image/file/large_d1b51c4b-5a5f-4a26-bb71-ac0c6f120ed9.png,best yet,Half & Half,Best Yet Half & Half,9,42187500775,unit,3,2026-04-14,2026-04-13
4,Tropical Plus+ Original Cultured Dairy Beverage,Tropical Plus+ Bebida Láctea Cultivada Original,"Cultured dairy drink, like a small probiotic shot. 2.1 fl oz.","Bebida láctea cultivada, como un pequeño shot probiótico. 2.1 fl oz.",129,0,false,2.1,fl oz,fl oz,fl oz,false,,true,false,false,true,1,https://d2lnr5mha7bycj.cloudfront.net/product-image/file/large_9f059777-0932-4e34-b25a-1c62eea3314a.jpg,tropical plus+,Yogurt,Tropical Plus+ Original Cultured Dairy Beverage,97,27568080633,unit,7019,2026-04-14,2026-04-13
4,"Danimals Smoothie Raspberry Dairy Drink Multi-Pack, Creamy and Delicious Low Fat Snacks for Kids, 6 Ct, 3.1 oz Smoothie Bottles​​","Danimals Batido de Frambuesa Multipaquete, Meriendas Cremosas y Deliciosas Bajas en Grasa para Niños, 6 ct, Botellitas de 3.1 oz",Lowfat raspberry yogurt smoothies for kids. 6-pack of 3.1 oz bottles.,Batidos de yogur bajo en grasa de frambuesa para niños. Paquete de 6 botellitas de 3.1 oz.,499,0,false,3.1,fl oz,fl oz,fl oz,false,,true,false,false,true,1,https://d2lnr5mha7bycj.cloudfront.net/product-image/file/large_1dde0d47-a80e-47a2-a9c7-2db17bbdb4e0.jpg,danimals,Yogurt,"Danimals Smoothie Raspberry Dairy Drink Multi-Pack, Creamy and Delicious Low Fat Snacks for Kids Smoothie Bottles​​",98,3663203643,unit,3,2026-04-14,2026-04-13
4,Tuscan Half & Half Ultra-Pasteurized,Tuscan Media Crema Ultra Pasteurizada,Ultra-pasteurized half and half. 1 pt carton.,Media crema ultra pasteurizada. Cartón de 1 pt.,229,0,false,1,pt,pt,pt,false,,true,false,false,true,1,https://d2lnr5mha7bycj.cloudfront.net/product-image/file/large_d1273561-2986-4f4c-96f2-b5127c6e7231.png,tuscan,Half & Half,Tuscan Half & Half Ultra-Pasteurized,10,70600000373,unit,3,2026-04-14,2026-04-13
4,Best Yet Pasteurized Cream Cheese,Best Yet Queso Crema Pasteurizado,Pasteurized cream cheese for spreading and baking. 8 oz brick.,Queso crema pasteurizado para untar y hornear. Bloque de 8 oz.,199,0,false,8,oz,oz,oz,false,,true,false,false,true,1,https://d2lnr5mha7bycj.cloudfront.net/product-image/file/large_37a58056-e52e-47d1-bcc9-34f285ea4fe9.png,best yet,Cream Cheese,Best Yet Pasteurized Cream Cheese,16,42187020426,unit,3,2026-04-14,2026-04-13
4,Best Yet Half & Half,Best Yet Media Crema,Half and half for coffee and recipes. 64 fl oz carton.,Media crema para café y recetas. Cartón de 64 fl oz.,749,0,false,64,fl oz,fl oz,fl oz,false,,true,false,false,true,1,https://d2lnr5mha7bycj.cloudfront.net/product-image/file/large_3bbb836b-1dc2-4a6e-a6ec-b35d21620407.png,best yet,Half & Half,Best Yet Half & Half,11,42187212364,unit,3,2026-04-14,2026-04-13
4,Foodtown Large Grade AAA White Eggs,Foodtown Huevos Blancos Grandes Grado AAA,Large grade AAA white eggs. Carton of 12.,Huevos blancos grandes grado AAA. Cartón de 12.,329,0,false,12,ct,ct,ct,false,,true,false,false,true,1,https://d2lnr5mha7bycj.cloudfront.net/product-image/file/large_787660f7-2b5b-46fa-b744-089076e9a13b.png,foodtown,Eggs,Foodtown Large Grade AAA White Eggs,26,11153600047,unit,3,2026-04-14,2026-04-13
4,Best Yet Grade A Medium White Eggs,Best Yet Huevos Blancos Medianos Grado A,Medium white eggs. Carton of 12.,Huevos blancos medianos. Cartón de 12.,199,0,false,12,ct,ct,ct,false,,true,false,false,true,1,https://d2lnr5mha7bycj.cloudfront.net/product-image/file/large_1d4adecc-75ec-47da-824e-7d0a36b7df63.png,best yet,Eggs,Best Yet Grade A Medium White Eggs,27,42187203188,unit,3,2026-04-14,2026-04-13
4,"Dannon Light + Fit Dannon Light + Fit Strawberry Original Nonfat Yogurt, 0 Fat and 70 Calories, Creamy and Delicious Strawberry Yogurt, 5.3 OZ Cup","Dannon Light + Fit Yogur Sin Grasa Original Sabor Fresa, 0 Grasa y 70 Calorías, Yogur Cremoso y Delicioso de Fresa, Vasito de 5.3 oz",Nonfat strawberry yogurt with 70 calories. 5.3 oz cup.,Yogur sin grasa sabor fresa con 70 calorías. Vasito de 5.3 oz.,119,0,false,5.3,oz,oz,oz,false,,true,false,false,true,1,https://d2lnr5mha7bycj.cloudfront.net/product-image/file/large_1a497c7f-4d0e-4aa6-860f-d604b2ac4920.jpg,dannon light + fit,Yogurt,"Dannon Light + Fit Dannon Light + Fit Strawberry Original Nonfat Yogurt, 0 Fat and 70 Calories, Creamy and Delicious Strawberry Yogurt Cup",102,36632013064,unit,3,2026-04-14,2026-04-13
4,Foodtown Sweet Unsalted Whipped Butter,Foodtown Mantequilla Batida Dulce sin Sal,Whipped unsalted butter for easy spreading. 8 oz tub.,Mantequilla batida sin sal para untar fácilmente. Envase de 8 oz.,279,0,false,8,oz,oz,oz,false,,true,false,false,true,1,https://d2lnr5mha7bycj.cloudfront.net/product-image/file/large_aa86e7eb-29e2-4959-8856-0bcc0d686310.png,foodtown,Dairy Spreads,Foodtown Sweet Unsalted Whipped Butter,34,11153013069,unit,3,2026-04-14,2026-04-13
4,Foodtown Shredded Mild Cheddar Cheese,Foodtown Queso Cheddar Suave Rallado,Shredded mild cheddar cheese. 8 oz bag for tacos and pasta.,Queso cheddar suave rallado. Bolsa de 8 oz para tacos y pasta.,279,0,false,8,oz,oz,oz,false,,true,false,false,true,1,https://d2lnr5mha7bycj.cloudfront.net/product-image/file/large_eec2fdbe-dab4-4714-8b95-9a5e24314e0a.png,foodtown,Cheese,Foodtown Shredded Mild Cheddar Cheese,117,11153960189,unit,3,2026-04-14,2026-04-13
4,Best Yet Salted Whipped Butter Tub,Best Yet Mantequilla Batida con Sal en Envase,Whipped salted butter for easy spreading. 8 oz tub.,Mantequilla batida con sal para untar fácilmente. Envase de 8 oz.,279,0,false,8,oz,oz,oz,false,,true,false,false,true,1,https://d2lnr5mha7bycj.cloudfront.net/product-image/file/large_1824317c-cf4f-45a3-b305-62f251dfa88d.png,best yet,Dairy Spreads,Best Yet Salted Whipped Butter Tub,36,42187024004,unit,3,2026-04-14,2026-04-13
4,Best Yet Organic Whip Topping - Aero,Best Yet Crema Batida Orgánica - Aero,Organic whipped topping in a spray can. 6.5 oz.,Crema batida orgánica en lata con rociador. 6.5 oz.,369,0,false,6.5,oz,oz,oz,false,,true,false,false,true,1,https://d2lnr5mha7bycj.cloudfront.net/product-image/file/large_29a482e2-9fc0-4502-b548-35d12699d6bf.png,best yet,Creams,Best Yet Organic Whip Topping - Aero,8,42187200231,unit,3,2026-04-14,2026-04-13
4,Farmland Fresh Dairies 1.5% Reduced Fat Cultured Buttermilk,Farmland Fresh Dairies Suero de Mantequilla Cultivado 1.5% Reducido en Grasa,Cultured buttermilk for baking and pancakes. 1 qt carton.,Suero de mantequilla cultivado para hornear y panqueques. Cartón de 1 cuarto.,299,0,false,1,qt,qt,qt,false,,true,false,false,true,1,https://d2lnr5mha7bycj.cloudfront.net/product-image/file/large_45a7059a-c12c-4048-b3af-b10340dc8f7d.jpg,farmland fresh dairies,Milk,Farmland Fresh Dairies 1.5% Reduced Fat Cultured Buttermilk,78,813868020314,unit,3,2026-04-14,2026-04-13
4,Best Yet Ultra-Pasteurized Grade A Heavy Cream,Best Yet Crema Espesa Grado A Ultra Pasteurizada,Ultra-pasteurized heavy cream for cooking and baking. 16 fl oz.,Crema espesa ultra pasteurizada para cocinar y hornear. 16 fl oz.,399,0,false,16,fl oz,fl oz,fl oz,false,,true,false,false,true,1,https://d2lnr5mha7bycj.cloudfront.net/product-image/file/large_4f2f9056-e045-48ab-b570-d1b82b173783.png,best yet,Creams,Best Yet Ultra-Pasteurized Grade A Heavy Cream,9,42187212166,unit,3,2026-04-14,2026-04-13
4,Imperial Vegetable Oil Spread,Imperial Margarina Vegetal,Vegetable oil spread tub for cooking and toast. 15 oz.,Margarina vegetal en envase para cocinar y tostadas. 15 oz.,339,0,false,15,oz,oz,oz,false,,true,false,false,true,1,https://d2lnr5mha7bycj.cloudfront.net/product-image/file/large_2f6ba98a-d42d-4073-818c-78833f722989.png,imperial,Dairy Spreads,Imperial Vegetable Oil Spread,40,1111500006,unit,3,2026-04-14,2026-04-13
4,"Danimals Smoothie Cotton Candy Dairy Drink Multi-Pack, Creamy and Delicious Low Fat Snacks for Kids, 6 Ct, 3.1 oz Smoothie Bottles​​","Danimals Batido Sabor Algodón de Azúcar Multipaquete, Meriendas Cremosas y Deliciosas Bajas en Grasa para Niños, 6 ct, Botellitas de 3.1 oz",Lowfat cotton candy yogurt smoothies for kids. 6-pack of 3.1 oz bottles.,Batidos de yogur bajo en grasa sabor algodón de azúcar para niños. Paquete de 6 botellitas de 3.1 oz.,499,0,false,3.1,fl oz,fl oz,fl oz,false,,true,false,false,true,1,https://d2lnr5mha7bycj.cloudfront.net/product-image/file/large_f23057a2-28dc-4507-b864-928ec9fc5b97.jpg,danimals,Yogurt,"Danimals Smoothie Cotton Candy Dairy Drink Multi-Pack, Creamy and Delicious Low Fat Snacks for Kids Smoothie Bottles​​",105,36632010131,unit,3,2026-04-14,2026-04-13
4,Nestle Premium Quality Table Cream,Nestle Crema de Mesa de Calidad Premium,Shelf-stable table cream for sauces and desserts. 7.6 fl oz can.,Crema de mesa no perecedera para salsas y postres. Lata de 7.6 fl oz.,339,0,false,7.6,fl oz,fl oz,fl oz,false,,true,false,false,true,1,https://d2lnr5mha7bycj.cloudfront.net/product-image/file/large_9e1b56cb-c3e5-4593-b1fc-1afcd3555d10.png,nestle,Coffee Creamers,Nestle Premium Quality Table Cream,42,28000723644,unit,1,2026-04-14,2026-04-13
4,Foodtown Farmer's Choice Mild Cheddar Cheese Slices,Foodtown Farmer's Choice Lonchas de Queso Cheddar Suave,Mild cheddar cheese slices. 8 oz pack for sandwiches.,Lonchas de queso cheddar suave. Paquete de 8 oz para sándwiches.,449,0,false,8,oz,oz,oz,false,,true,false,false,true,1,https://d2lnr5mha7bycj.cloudfront.net/product-image/file/large_269d7f58-0f60-481b-a7eb-e2a6e89397b9.png,foodtown farmer's choice,Cheese,Foodtown Farmer's Choice Mild Cheddar Cheese Slices,139,11153093061,unit,3,2026-04-14,2026-04-13
4,"Silk Soy Milk Original, Shelf Stable, Dairy Free, Lactose Free, Vegan Milk with 8g Protein per Serving, 32 fl oz","Silk Leche de Soya Original, No Perecedera, Sin Lácteos, Sin Lactosa, Leche Vegana con 8 g de Proteína por Porción, 32 fl oz",Shelf-stable soy milk with 8g protein per serving. 32 fl oz carton.,Leche de soya no perecedera con 8 g de proteína por porción. Cartón de 32 fl oz.,369,0,false,32,fl oz,fl oz,fl oz,false,,true,true,false,true,1,https://d2lnr5mha7bycj.cloudfront.net/product-image/file/large_8de1275a-7f54-431c-b7bf-3fa631c912f2.jpg,silk,Milk,"Silk Soy Milk Original, Shelf Stable, Dairy Free, Lactose Free, Vegan Milk with Protein per Serving",80,25293600904,unit,1,2026-04-14,2026-04-13
4,Best Yet Classic Non-Dairy Creamer,Best Yet Crema No Láctea Clásica,Powdered non-dairy coffee creamer. 35.3 oz canister.,Crema en polvo no láctea para el café. Envase de 35.3 oz.,849,0,false,35.3,oz,oz,oz,false,,true,false,false,true,1,https://d2lnr5mha7bycj.cloudfront.net/product-image/file/large_76db0408-07be-41c2-a58b-3ff83cbaf257.png,best yet,Coffee Creamers,Best Yet Classic Non-Dairy Creamer,43,42187405605,unit,1,2026-04-14,2026-04-13
4,Foodtown Plain Non Fat Yogurt,Foodtown Yogur Natural Sin Grasa,Plain fat-free yogurt for breakfast or smoothies. 32 oz tub.,Yogur natural sin grasa para desayuno o batidos. Envase de 32 oz.,369,0,false,32,oz,oz,oz,false,,true,true,false,true,1,https://d2lnr5mha7bycj.cloudfront.net/product-image/file/large_21ddc8b8-f108-4082-9144-e82e30d157c4.png,foodtown,Yogurt,Foodtown Plain Non Fat Yogurt,109,11153073193,unit,3,2026-04-14,2026-04-13
4,Five Acre Farms Whole Milk Buttermilk,Five Acre Farms Suero de Leche Entera,"Whole milk buttermilk for pancakes, biscuits, and baking. 1 pt.","Suero de leche entera para panqueques, bizcochos y repostería. 1 pt.",379,0,false,1,pt,pt,pt,false,,true,false,false,true,1,https://d2lnr5mha7bycj.cloudfront.net/product-image/file/large_2a175cac-5622-4060-ab68-b7a1fc3bdb2f.jpg,five acre farms,Milk,Five Acre Farms Whole Milk Buttermilk,81,852262003363,unit,3,2026-04-14,2026-04-13
4,FAGE All Natural Sour Cream,FAGE Crema Agria Natural,"All-natural sour cream for tacos, soups, or dips. 8 oz tub.","Crema agria natural para tacos, sopas o dips. Envase de 8 oz.",199,0,false,8,oz,oz,oz,false,,true,false,false,true,1,https://d2lnr5mha7bycj.cloudfront.net/product-image/file/large_93caf6d6-e3bb-4313-9655-fa3ee8e6db6a.png,fage,Sour Cream Products,FAGE All Natural Sour Cream,11,689544075004,unit,3,2026-04-14,2026-04-13
4,Foodtown Whole Milk Plain Yogurt,Foodtown Yogur Natural de Leche Entera,Plain whole milk yogurt for breakfast or cooking. 32 oz tub.,Yogur natural de leche entera para desayuno o cocina. Envase de 32 oz.,369,0,false,32,oz,oz,oz,false,,true,true,false,true,1,https://d2lnr5mha7bycj.cloudfront.net/product-image/file/large_68d67058-4083-4c89-ac0e-be025a301fbf.png,foodtown,Yogurt,Foodtown Whole Milk Plain Yogurt,111,11153073216,unit,3,2026-04-14,2026-04-13
4,Parmalat 1% Milk Shelf Stable,Parmalat Leche 1% No Refrigerada,Shelf-stable 1% low-fat milk. No refrigeration until opened. 1 qt.,"Leche 1% baja en grasa, no requiere refrigeración hasta abrir. 1 qt.",449,0,false,1,qt,qt,qt,true,399,true,false,false,true,1,https://d2lnr5mha7bycj.cloudfront.net/product-image/file/large_4794c417-d885-4b66-a54d-124b3514d560.jpg,parmalat,Milk,Parmalat 1% Milk Shelf Stable,83,857065007037,unit,1,2026-04-14,2026-04-13
4,Borden Kid Builder Low-moisture Part-skim Mozzarella String Cheese,Borden Kid Builder Queso Mozzarella en Tiras Semidescremado,Part-skim mozzarella string cheese sticks for kids' snacks. 12 oz.,Palitos de queso mozzarella semidescremado para merienda de niños. 12 oz.,599,0,false,12,oz,oz,oz,false,,true,false,false,true,1,https://d2lnr5mha7bycj.cloudfront.net/product-image/file/large_b808ad8a-2e47-4993-93ba-18ef39866d72.jpg,borden kid builder,Cheese,Borden Kid Builder Low-moisture Part-skim Mozzarella String Cheese,198,5300000046,unit,3,2026-04-14,2026-04-13
4,Land O Lakes Low-Moisture Part-Skim Mozzarella Farmstyle Cut Shredded Cheese,Land O Lakes Queso Mozzarella Rallado Semidescremado Estilo Granja,"Shredded part-skim mozzarella for pizza, pasta, and baking. 8 oz bag.","Queso mozzarella rallado semidescremado para pizza, pasta y hornear. Bolsa de 8 oz.",449,0,false,8,oz,oz,oz,false,,true,false,false,true,1,https://d2lnr5mha7bycj.cloudfront.net/product-image/file/large_cf2f024c-864a-47b2-bee3-01718881b656.png,land o lakes,Cheese,Land O Lakes Low-Moisture Part-Skim Mozzarella Farmstyle Cut Shredded Cheese,199,34500417044,unit,3,2026-04-14,2026-04-13
4,Country Crock Dairy Free Plant Butter with Olive Oil,Country Crock Mantequilla Vegetal Sin Lácteos con Aceite de Oliva,Plant-based dairy-free butter made with olive oil. 14 oz tub.,Mantequilla vegetal sin lácteos hecha con aceite de oliva. Envase de 14 oz.,749,0,false,14,oz,oz,oz,false,,true,false,false,true,1,https://d2lnr5mha7bycj.cloudfront.net/product-image/file/large_6079b8fb-737d-451a-b4e8-0b8047e1bfc6.png,country crock,Dairy Spreads,Country Crock Dairy Free Plant Butter with Olive Oil,44,2740080062,unit,3,2026-04-14,2026-04-13
4,Tropical Plus+ Strawberry Cultured Dairy Beverage,Tropical Plus+ Bebida Láctea Cultivada de Fresa,Strawberry kefir-style cultured dairy drink with probiotics. 2.1 fl oz bottle.,Bebida láctea cultivada estilo kefir de fresa con probióticos. Botella de 2.1 fl oz.,129,0,false,2.1,fl oz,fl oz,fl oz,false,,true,false,false,true,1,https://d2lnr5mha7bycj.cloudfront.net/product-image/file/large_c75af63d-4fc9-4fea-a315-d58f8492b3ee.jpg,tropical plus+,Yogurt,Tropical Plus+ Strawberry Cultured Dairy Beverage,128,27568080657,unit,7019,2026-04-14,2026-04-13
4,Country Crock Homestyle Dairy Free Heavy Whipping Cream,Country Crock Crema para Batir Espesa Sin Lácteos Estilo Casero,Dairy-free heavy whipping cream for cooking and desserts. 16.9 fl oz.,"Crema espesa para batir sin lácteos, para cocinar y postres. 16.9 fl oz.",599,0,false,16.9,fl oz,fl oz,fl oz,false,,true,false,false,true,1,https://d2lnr5mha7bycj.cloudfront.net/product-image/file/large_a3888237-9540-4e86-b1f3-1de2a0616edd.png,country crock,Coffee Creamers,Country Crock Homestyle Dairy Free Heavy Whipping Cream,45,1111500195,unit,3,2026-04-14,2026-04-13
4,"Nutrament Eggnog Nutrition Drink, Energy Drink with Vitamins, Minerals and Protein, 11 FL OZ Can","Nutrament Bebida Nutritiva de Ponche de Huevo, Bebida Energética con Vitaminas, Minerales y Proteína, Lata 11 FL OZ",Eggnog-flavored nutritional shake with vitamins and protein. 11 fl oz can.,Batido nutricional sabor ponche de huevo con vitaminas y proteína. Lata de 11 fl oz.,279,0,false,11,fl oz,fl oz,fl oz,false,,true,false,true,true,1,https://d2lnr5mha7bycj.cloudfront.net/product-image/file/large_92c28fc6-632c-4880-9cd9-b889ac738e4f.jpg,nutrament,Milk,"Nutrament Eggnog Nutrition Drink, Energy Drink with Vitamins, Minerals and Protein Can",89,889497645013,unit,1,2026-04-14,2026-04-13
4,Bestyet Pepper Jack Monterey Jack Cheese With Jalapeno Peppers Sliced Cheese,Bestyet Queso Pepper Jack Monterey Jack con Jalapeños en Lonjas,Sliced Monterey Jack cheese with jalapeños for sandwiches and burgers. 8 oz.,Queso Monterey Jack en lonjas con jalapeños para sándwiches y hamburguesas. 8 oz.,259,0,false,8,oz,oz,oz,false,,true,false,false,true,1,https://d2lnr5mha7bycj.cloudfront.net/product-image/file/large_16c004c1-f042-4162-ad7c-b872ba41999f.jpg,bestyet,Cheese,Bestyet Pepper Jack Monterey Jack Cheese With Jalapeno Peppers Sliced Cheese,228,42187013428,unit,3,2026-04-14,2026-04-13
4,Kourellas Blood Orange Tangerine Traditional Greek Yogurt,Kourellas Yogur Griego Tradicional de Naranja Sanguina y Mandarina,Traditional Greek yogurt with blood orange and tangerine. 4.2 oz cup.,Yogur griego tradicional con naranja sanguina y mandarina. Vaso de 4.2 oz.,99,0,false,4.2,oz,oz,oz,false,,true,false,false,true,1,https://d2lnr5mha7bycj.cloudfront.net/product-image/file/large_78528297-e6f7-4cbb-83da-6e8f7dc659ef.jpg,kourellas,Yogurt,Kourellas Blood Orange Tangerine Traditional Greek Yogurt,139,856668006157,unit,9999,2026-04-14,2026-04-13
7,Crystal Geyser Spring Water,Crystal Geyser Agua de Manantial,Natural spring water for drinking and cooking. 1 gal jug.,Agua de manantial natural para beber y cocinar. Galón de 1 gal.,179,0,false,1,gal,gal,gal,true,150,true,false,true,true,1,https://d2lnr5mha7bycj.cloudfront.net/product-image/file/large_99bdee78-41a4-4f42-b581-8a2e72c0dd7c.png,crystal geyser,Still Water,Crystal Geyser Spring Water,1,7514000515,unit,1,2026-04-14,2026-04-13
7,"Poland Spring Maine Spring Water, 16.9 fl oz  bottles (Pack of 24)","Poland Spring Agua de Manantial de Maine, botellas de 16.9 fl oz (Paquete de 24)","Natural spring water in 16.9 fl oz bottles, 24 pk.","Agua de manantial natural en botellas de 16.9 fl oz, paquete de 24.",849,0,false,16.9,fl oz,fl oz,fl oz,false,,true,false,true,true,1,https://d2lnr5mha7bycj.cloudfront.net/product-image/file/large_82370e65-d44d-4685-9981-efae476b22b9.jpg,poland spring,Still Water,Poland Spring Maine Spring Water bottles (Pack of 24),3,7572000409,unit,1,2026-04-14,2026-04-13
7,Mott's 100% Original Apple Juice,Mott's Jugo de Manzana 100% Original,Pure 100% apple juice with no added sugar. 64 fl oz bottle.,Jugo de manzana 100% puro sin azúcar añadida. Botella de 64 fl oz.,569,0,false,64,fl oz,fl oz,fl oz,false,,true,true,true,true,1,https://d2lnr5mha7bycj.cloudfront.net/product-image/file/large_883fc8f8-43f0-4964-bed6-53bc239ffb03.jpg,mott's,Fruit Juice,Mott's 100% Original Apple Juice,3,14800000344,unit,1,2026-04-14,2026-04-13
7,Harmless Harvest Organic Coconut Water,Harmless Harvest Agua de Coco Orgánica,Organic coconut water for natural hydration. 16 fl oz bottle.,Agua de coco orgánica para hidratación natural. Botella de 16 fl oz.,699,0,false,16,fl oz,fl oz,fl oz,false,,true,false,false,true,1,https://d2lnr5mha7bycj.cloudfront.net/product-image/file/large_e3fc792e-bb45-4865-bf77-dabaf88ddb85.png,harmless harvest,Coconut Water,Harmless Harvest Organic Coconut Water,1,859078002153,unit,6009,2026-04-14,2026-04-13
7,Pure Leaf Real Brewed Tea Lemon 64 Fl Oz,Pure Leaf Té Real Preparado Sabor Limón 64 Fl Oz,Real brewed iced tea with lemon flavor. 64 fl oz bottle.,Té helado real preparado con sabor a limón. Botella de 64 fl oz.,419,0,false,64,fl oz,fl oz,fl oz,true,399,true,false,false,true,1,https://d2lnr5mha7bycj.cloudfront.net/product-image/file/large_909da7bf-89aa-41ea-9c83-fe3abfb49b32.png,pure leaf,Bottled Tea,Pure Leaf Real Brewed Tea Lemon,2,12000142093,unit,4460,2026-04-14,2026-04-13
7,Welch's Passion Fruit,Welch's Jugo de Parcha,Passion fruit juice drink. 59 fl oz bottle.,Bebida de jugo de parcha (maracuyá). Botella de 59 fl oz.,499,0,false,59,fl oz,fl oz,fl oz,false,,true,false,true,true,1,https://d2lnr5mha7bycj.cloudfront.net/product-image/file/large_e7138e09-871a-4f4f-968a-bf657a8aff79.jpg,welch's,Fruit Juice,Welch's Passion Fruit,6,41800401277,unit,3,2026-04-14,2026-04-13
7,"Turkey Hill Iced Tea, Lemon Flavored, Diet Decaf","Turkey Hill Té Helado, Sabor Limón, Diet Descafeinado",Diet decaffeinated lemon-flavored iced tea. 0.5 gal jug.,Té helado diet descafeinado sabor limón. Jarra de 0.5 gal.,349,0,false,0.5,gal,gal,gal,false,,true,false,true,true,1,https://d2lnr5mha7bycj.cloudfront.net/product-image/file/large_fc6a337e-4335-4354-916f-8a42e45dc245.png,turkey hill,Bottled Tea,"Turkey Hill Iced Tea, Lemon Flavored, Diet Decaf",3,20735092873,unit,3,2026-04-14,2026-04-13
7,Capri Sun Pacific Cooler Mixed Fruit Naturally Flavored Juice Drink Blend,Capri Sun Pacific Cooler Bebida de Jugo de Frutas Mixtas con Sabor Natural,Mixed fruit juice drink pouches for kids' lunchboxes. 6 fl oz.,Jugo de frutas mixtas en pouches para lonchera de niños. 6 fl oz.,649,0,false,6,fl oz,fl oz,fl oz,false,,true,false,true,true,1,https://d2lnr5mha7bycj.cloudfront.net/product-image/file/large_82b10e03-f5d7-4df1-86a7-e10adaeb8172.jpg,capri sun,Fruit Juice,Capri Sun Pacific Cooler Mixed Fruit Naturally Flavored Juice Drink Blend,8,87684000953,unit,1,2026-04-14,2026-04-13
7,"Turkey Hill Green Tea, Mango","Turkey Hill Té Verde, Sabor Mango",Mango-flavored green iced tea. 0.5 gal jug.,Té verde helado con sabor a mango. Jarra de 0.5 gal.,349,0,false,0.5,gal,gal,gal,false,,true,false,true,true,1,https://d2lnr5mha7bycj.cloudfront.net/product-image/file/large_bc1fe7c0-1279-4f05-bb65-bf21c64b53f7.png,turkey hill,Bottled Tea,"Turkey Hill Green Tea, Mango",5,20735093344,unit,3,2026-04-14,2026-04-13
7,Turkey Hill Lemonade,Turkey Hill Limonada,Classic lemonade ready to drink. 1 gal jug.,Limonada clásica lista para tomar. Galón de 1 gal.,469,0,false,1,gal,gal,gal,false,,true,false,true,true,1,https://d2lnr5mha7bycj.cloudfront.net/product-image/file/large_8543eda9-5b2a-4766-867f-9f67a8a1ca4c.png,turkey hill,Fruit Juice,Turkey Hill Lemonade,9,20735092866,unit,3,2026-04-14,2026-04-13
7,"Tropicana 100% Juice, Orange, Original, No Pulp","Tropicana Jugo 100% Naranja, Original, Sin Pulpa","Pure 100% orange juice, no pulp. 128 fl oz jug.","Jugo de naranja 100% puro, sin pulpa. Envase de 128 fl oz.",1099,0,false,128,fl oz,fl oz,fl oz,false,,true,false,false,true,1,https://d2lnr5mha7bycj.cloudfront.net/product-image/file/large_3e06b993-6ee1-46e1-852f-6b208a9810d2.png,tropicana,Fruit Juice,"Tropicana 100% Juice, Orange, Original, No Pulp",12,48500007174,unit,3,2026-04-14,2026-04-13
7,Café Bustelo Roast & Ground Coffee,Café Bustelo Café Tostado y Molido,Dark roast ground espresso coffee for stovetop or drip. 10 oz.,Café espresso molido tostado oscuro para greca o cafetera. 10 oz.,899,0,false,10,oz,oz,oz,false,,true,false,false,true,1,https://d2lnr5mha7bycj.cloudfront.net/product-image/file/large_c84d430b-3808-4dce-9a63-6afd9f9063fa.jpg,café bustelo,Coffee Beans,Café Bustelo Roast & Ground Coffee,1,7447101720,unit,1,2026-04-14,2026-04-13
7,Capri Sun Strawberry Kiwi Naturally Flavored Juice Drink Blend,Capri Sun Bebida de Jugo Sabor Natural Fresa Kiwi,Strawberry kiwi juice drink pouches for kids. 6 fl oz.,Pouches de jugo sabor fresa kiwi para niños. 6 fl oz.,649,0,false,6,fl oz,fl oz,fl oz,false,,true,false,true,true,1,https://d2lnr5mha7bycj.cloudfront.net/product-image/file/large_af386b40-e3b0-4361-80e4-6a1c2072f311.jpg,capri sun,Fruit Juice,Capri Sun Strawberry Kiwi Naturally Flavored Juice Drink Blend,13,87684000991,unit,1,2026-04-14,2026-04-13
7,Minute Maid Zero Sugar Lemonade Bottle,Minute Maid Limonada Sin Azúcar en Botella,"Zero sugar lemonade, ready to drink. 52 fl oz bottle.","Limonada sin azúcar, lista para tomar. Botella de 52 fl oz.",369,0,false,52,fl oz,fl oz,fl oz,false,,true,false,true,true,1,https://d2lnr5mha7bycj.cloudfront.net/product-image/file/large_37ce04c3-8649-408c-a808-2202aaaaf53d.jpg,minute maid,Fruit Juice,Minute Maid Zero Sugar Lemonade Bottle,14,25000120527,unit,3,2026-04-14,2026-04-13
7,DEER PARK Natural Spring Water,DEER PARK Agua de Manantial Natural,Natural spring water for drinking. 101.4 fl oz bottle.,Agua de manantial natural para beber. Botella de 101.4 fl oz.,259,0,false,101.4,fl oz,fl oz,fl oz,false,,true,false,true,true,1,https://d2lnr5mha7bycj.cloudfront.net/product-image/file/large_0b613604-3ccd-44fb-8579-0441bc98d54c.jpg,deer park,Still Water,DEER PARK Natural Spring Water,11,82657334127,unit,1,2026-04-14,2026-04-13
7,"Bigelow Black Tea, Cinnamon Stick, Tea Bags","Bigelow Té Negro, Rama de Canela, Bolsas de Té","Cinnamon-flavored black tea bags, 20 ct box.","Bolsas de té negro con sabor a canela, caja de 20 ct.",449,0,false,20,each,each,each,false,,true,false,false,true,1,https://d2lnr5mha7bycj.cloudfront.net/product-image/file/large_655060da-b8db-48a7-82eb-94d70571a162.png,bigelow,Leaf Tea,"Bigelow Black Tea, Cinnamon Stick, Tea Bags",1,72310001787,unit,6017,2026-04-14,2026-04-13
7,Gold Peak Diet Tea,Gold Peak Té Diet,"Diet iced tea, zero sugar. 52 fl oz bottle.","Té helado diet, sin azúcar. Botella de 52 fl oz.",399,0,false,52,fl oz,fl oz,fl oz,false,,true,false,false,true,1,https://d2lnr5mha7bycj.cloudfront.net/product-image/file/large_518608ce-5dae-46bb-9bff-f8b1d3cdbc07.jpg,gold peak,Bottled Tea,Gold Peak Diet Tea,12,49000074178,unit,3,2026-04-14,2026-04-13
7,Minute Maid Pink Lemonade Zero Sugar,Minute Maid Limonada Rosada Sin Azúcar,"Zero sugar pink lemonade, ready to drink. 52 fl oz.","Limonada rosada sin azúcar, lista para tomar. 52 fl oz.",369,0,false,52,fl oz,fl oz,fl oz,false,,true,false,true,true,1,https://d2lnr5mha7bycj.cloudfront.net/product-image/file/large_524bd9d1-b571-4ace-82c3-38833f58e6c1.jpg,minute maid,Fruit Juice,Minute Maid Pink Lemonade Zero Sugar,17,25000120541,unit,3,2026-04-14,2026-04-13
7,Malta Goya Malt Beverage,Malta Goya Bebida de Malta,"Non-alcoholic malt beverage, classic Caribbean favorite. 7 fl oz bottle.","Bebida de malta sin alcohol, favorita del Caribe. Botella de 7 fl oz.",999,0,false,7,fl oz,fl oz,fl oz,false,,true,false,true,true,1,https://d2lnr5mha7bycj.cloudfront.net/product-image/file/large_16552657-b351-406e-bc77-f3427d802ab7.png,malta goya,Non-Alcoholic Beers,Malta Goya Malt Beverage,1,41331040082,unit,5600,2026-04-14,2026-04-13
7,Vintage Seltzer Plain Water Seltzer,Vintage Seltzer Agua Mineral con Gas Natural,Plain unflavored sparkling seltzer water. 1 L bottle.,Agua mineral con gas natural sin sabor. Botella de 1 L.,99,0,false,1,l,l,l,false,,true,false,true,true,1,https://d2lnr5mha7bycj.cloudfront.net/product-image/file/large_a7881944-7e1b-4419-9a56-562544cc3018.png,vintage,Sparkling Water,Vintage Seltzer Plain Water Seltzer,2,72521049608,unit,1,2026-04-14,2026-04-13
7,Mott's for Tots Apple Juice Drink,Mott's for Tots Bebida de Jugo de Manzana,"Diluted apple juice drink for toddlers, less sugar. 64 fl oz.","Bebida de jugo de manzana diluida para niños pequeños, menos azúcar. 64 fl oz.",569,0,false,64,fl oz,fl oz,fl oz,false,,true,false,false,true,1,https://d2lnr5mha7bycj.cloudfront.net/product-image/file/large_380c2a61-8cea-4495-b472-eb06d842caed.jpg,mott's,Fruit Juice,Mott's for Tots Apple Juice Drink,18,14800318203,unit,1,2026-04-14,2026-04-13
7,"OLIPOP Prebiotic Soda, Orange Squeeze","OLIPOP Soda Prebiótica, Sabor Naranja","Prebiotic soda with fiber, orange flavor. 12 fl oz can.","Soda prebiótica con fibra, sabor naranja. Lata de 12 fl oz.",269,0,false,12,fl oz,fl oz,fl oz,false,,true,false,true,true,1,https://d2lnr5mha7bycj.cloudfront.net/product-image/file/large_d15cd435-ea14-4021-9e34-08d6488f0692.jpg,olipop,Beverages,"OLIPOP Prebiotic Soda, Orange Squeeze",5,860439001081,unit,6017,2026-04-14,2026-04-13
7,"Vintage Seltzer, Lemon Lime","Vintage Seltzer, Sabor Limón","Lemon-lime sparkling seltzer water, zero calories. 1 L bottle.","Agua con gas sabor limón, cero calorías. Botella de 1 L.",99,0,false,1,l,l,l,false,,true,false,true,true,1,https://d2lnr5mha7bycj.cloudfront.net/product-image/file/large_9dff6793-aa99-4ab1-9616-fff8d1bfbec6.png,vintage,Sparkling Water,"Vintage Seltzer, Lemon Lime",5,72521049653,unit,1,2026-04-14,2026-04-13
7,"Schweppes Ginger Ale, Caffeine Free, Dry Grape","Schweppes Ginger Ale, Sin Cafeína, Sabor Uva",Caffeine-free dry grape-flavored ginger ale soda. 2 L bottle.,Ginger ale sin cafeína con sabor a uva. Botella de 2 L.,339,0,false,2,l,l,l,true,233,true,false,true,true,1,https://d2lnr5mha7bycj.cloudfront.net/product-image/file/large_34abe1bb-dc6b-4010-8f8f-46a75ca4f1be.png,schweppes,Ginger Ale,"Schweppes Ginger Ale, Caffeine Free, Dry Grape",1,78000204469,unit,4460,2026-04-14,2026-04-13
7,Lakewood Organic Pure Pineapple Juice,Lakewood Jugo Orgánico Puro de Piña,"Organic pure pineapple juice, no added sugar. 32 fl oz bottle.","Jugo orgánico puro de piña, sin azúcar añadida. Botella de 32 fl oz.",1099,0,false,32,fl oz,fl oz,fl oz,false,,true,false,false,true,1,https://d2lnr5mha7bycj.cloudfront.net/product-image/file/large_ebc8e373-8035-485e-88fa-fb1f93bd16af.png,lakewood organic,Fruit Juice,Lakewood Organic Pure Pineapple Juice,20,42608459057,unit,6009,2026-04-14,2026-04-13
7,"Dunkin' Dunkin’ Original Blend Medium Roast Coffee, Keurig K-Cup Pods","Dunkin' Café Original Blend Tostado Medio, Cápsulas K-Cup para Keurig",Medium roast coffee K-Cup pods for Keurig brewers. 0.37 oz each.,Cápsulas K-Cup de café tostado medio para máquinas Keurig. 0.37 oz cada una.,1299,0,false,0.37,oz,oz,oz,false,,true,false,false,true,1,https://d2lnr5mha7bycj.cloudfront.net/product-image/file/large_6f7f10e9-de38-4546-a06d-641c980084fd.jpg,dunkin',Coffee Pods,"Dunkin' Dunkin’ Original Blend Medium Roast Coffee, Keurig K-Cup Pods",1,881334002980,unit,1,2026-04-14,2026-04-13
7,"OLIPOP Prebiotic Soda, Cherry Vanilla","OLIPOP Soda Prebiótica, Sabor Cereza y Vainilla","Prebiotic soda with fiber, cherry vanilla flavor. 12 fl oz can.","Soda prebiótica con fibra, sabor cereza y vainilla. Lata de 12 fl oz.",269,0,false,12,fl oz,fl oz,fl oz,false,,true,false,false,true,1,https://d2lnr5mha7bycj.cloudfront.net/product-image/file/large_43277357-3607-4927-a0f4-55f863b2479b.jpg,olipop,Beverages,"OLIPOP Prebiotic Soda, Cherry Vanilla",10,860003223307,unit,6017,2026-04-14,2026-04-13
7,Polar Seltzer Blackberry Mango,Polar Seltzer Sabor Mora y Mango,"Sparkling seltzer water, blackberry mango, zero calories. 1 L.","Agua con gas sabor mora y mango, cero calorías. 1 L.",199,0,false,1,l,l,l,true,150,true,false,true,true,1,https://d2lnr5mha7bycj.cloudfront.net/product-image/file/large_e1ab0099-83ca-49da-b482-47ea6cd9ad03.jpg,polar seltzer,Sparkling Water,Polar Seltzer Blackberry Mango,13,71537021318,unit,4460,2026-04-14,2026-04-13
7,"Polar Seltzer, Vanilla","Polar Seltzer, Sabor Vainilla","Vanilla-flavored sparkling seltzer water, zero calories. 1 L.","Agua con gas sabor vainilla, cero calorías. 1 L.",199,0,false,1,l,l,l,true,150,true,false,true,true,1,https://d2lnr5mha7bycj.cloudfront.net/product-image/file/large_fd167268-e5ca-4c03-85c0-a6fc7f3976d1.png,polar,Sparkling Water,"Polar Seltzer, Vanilla",14,71537020373,unit,4460,2026-04-14,2026-04-13
7,Canada Dry Black Cherry Sparkling Seltzer Water,Canada Dry Agua con Gas Sabor Cereza Negra,Black cherry flavored sparkling seltzer water. 2 L bottle.,Agua con gas sabor cereza negra. Botella de 2 L.,299,0,false,2,l,l,l,true,200,true,false,true,true,1,https://d2lnr5mha7bycj.cloudfront.net/product-image/file/large_216eb7c3-9679-49f5-ab84-eb0acb469ceb.jpg,canada dry,Sparkling Water,Canada Dry Black Cherry Sparkling Seltzer Water,15,7800002562,unit,4666,2026-04-14,2026-04-13
7,Juicy Juice 100% Juice Orange Tangerine,Juicy Juice Jugo 100% Naranja y Mandarina,100% orange tangerine juice boxes for kids. 6.75 fl oz.,Cajitas de jugo 100% naranja y mandarina para niños. 6.75 fl oz.,549,0,false,6.75,fl oz,fl oz,fl oz,false,,true,false,false,true,1,https://d2lnr5mha7bycj.cloudfront.net/product-image/file/large_ea910545-2f74-49ba-a9eb-687bed8df4b2.jpg,juicy juice,Fruit Juice,Juicy Juice 100% Juice Orange Tangerine,32,889497258954,unit,1,2026-04-14,2026-04-13
7,"International Delight Iced Coffee, Caramel Macchiato, Ready to Pour Coffee Drinks Made with Real Milk and Cream, 64 FL OZ Carton","International Delight Café Helado, Caramel Macchiato, Bebidas de Café Listas para Servir con Leche y Crema Real, Cartón de 64 FL OZ",Ready-to-drink caramel macchiato iced coffee with real milk. 0.5 gal.,Café helado caramel macchiato listo para tomar con leche real. 0.5 gal.,549,0,false,0.5,gal,gal,gal,false,,true,false,false,true,1,https://d2lnr5mha7bycj.cloudfront.net/product-image/file/large_d47c04f7-806c-428c-9762-f504f3bf3cdb.jpg,international delight,Coffee Drinks,"International Delight Iced Coffee, Caramel Macchiato, Ready to Pour Coffee Drinks Made with Real Milk and Cream Carton",6,41271018271,unit,3,2026-04-14,2026-04-13
7,Capri Sun Strawberry Kiwi Surf Naturally Flavored Kids Water Beverage Drink Pouches,Capri Sun Strawberry Kiwi Surf Pouches de Bebida para Niños Sabor Natural,Strawberry kiwi flavored water drink pouches for kids. 6 fl oz.,Pouches de bebida de agua sabor fresa kiwi para niños. 6 fl oz.,649,0,false,6,fl oz,fl oz,fl oz,false,,true,false,true,true,1,https://d2lnr5mha7bycj.cloudfront.net/product-image/file/large_0a7ab9dc-41ae-49fd-8b16-94959214e32d.jpg,capri sun,Still Water,Capri Sun Strawberry Kiwi Surf Naturally Flavored Kids Water Beverage Drink Pouches,15,87684001141,unit,1,2026-04-14,2026-04-13
7,Simply Cranberry Juice Drink Bottle,Simply Bebida de Jugo de Arándano en Botella,Cranberry juice drink with no artificial flavors. 52 fl oz bottle.,Bebida de jugo de arándano sin sabores artificiales. Botella de 52 fl oz.,549,0,false,52,fl oz,fl oz,fl oz,false,,true,false,true,true,1,https://d2lnr5mha7bycj.cloudfront.net/product-image/file/large_d226ef74-bd48-4e56-ad7c-1afbbb0b20b7.jpg,simply,Fruit Juice,Simply Cranberry Juice Drink Bottle,33,25000040542,unit,3,2026-04-14,2026-04-13
7,Crystal Light Grape Powdered Drink Mix with Caffeine,Crystal Light Mezcla en Polvo Sabor Uva con Cafeína,"Powdered grape drink mix with caffeine, low calorie. 10 ct box.","Mezcla en polvo sabor uva con cafeína, bajo en calorías. Caja de 10 ct.",499,0,false,10,ct,ct,ct,false,,true,false,true,true,1,https://d2lnr5mha7bycj.cloudfront.net/product-image/file/large_f965b111-a767-45c9-a84c-4ff4439a4156.jpg,crystal light,Powdered Drink Mix,Crystal Light Grape Powdered Drink Mix with Caffeine,1,43000041918,unit,1,2026-04-14,2026-04-13
7,Goya Coconut Water with Pulp,Goya Agua de Coco con Pulpa,Coconut water with real coconut pulp. 17.6 fl oz bottle.,Agua de coco con pulpa de coco real. Botella de 17.6 fl oz.,229,0,false,17.6,fl oz,fl oz,fl oz,true,166,true,false,false,true,1,https://d2lnr5mha7bycj.cloudfront.net/product-image/file/large_64112040-e734-4321-8866-313bd4c3be03.png,goya,Coconut Water,Goya Coconut Water with Pulp,2,41331027878,unit,5600,2026-04-14,2026-04-13
7,"Dunkin' French Vanilla Artificially Flavored Coffee, Keurig K-Cup Pods","Dunkin' Café Sabor Vainilla Francesa Artificial, Cápsulas K-Cup para Keurig",French vanilla flavored coffee K-Cup pods for Keurig. 3.7 oz.,Cápsulas K-Cup de café sabor vainilla francesa para Keurig. 3.7 oz.,1299,0,false,3.7,oz,oz,oz,false,,true,false,false,true,1,https://d2lnr5mha7bycj.cloudfront.net/product-image/file/large_0fa28bcd-828d-41ec-b565-268c98e2a531.jpg,dunkin',Coffee Pods,"Dunkin' French Vanilla Artificially Flavored Coffee, Keurig K-Cup Pods",2,88133400300,unit,1,2026-04-14,2026-04-13
7,Stewart's Root Beer,Stewart's Root Beer,Classic root beer soda in a glass bottle. 12 fl oz.,Soda root beer clásica en botella de vidrio. 12 fl oz.,499,0,false,12,fl oz,fl oz,fl oz,false,,true,false,true,true,1,https://d2lnr5mha7bycj.cloudfront.net/product-image/file/large_65c59189-9240-43f5-8c43-a6d0b7751b90.jpg,stewart's,Root Beer,Stewart's Root Beer,1,98794515046,unit,4666,2026-04-14,2026-04-13
7,Abuelita Mexican Style Instant Hot Chocolate Mix,Abuelita Mezcla Instantánea de Chocolate Caliente Estilo Mexicano,Instant Mexican-style hot chocolate mix with cinnamon. 8 ct packets.,Mezcla instantánea de chocolate caliente estilo mexicano con canela. 8 ct sobres.,359,0,false,8,ct,ct,ct,false,,true,false,false,true,1,https://d2lnr5mha7bycj.cloudfront.net/product-image/file/large_a8593b9c-cbc1-4c52-b9f5-9cff3216f8c3.jpg,abuelita,Hot Cocoa Mix,Abuelita Mexican Style Instant Hot Chocolate Mix,1,28000525538,unit,1,2026-04-14,2026-04-13
7,Snapple Orangeade Juice Drink,Snapple Bebida de Jugo de Naranjada,Sweet orangeade juice drink. 64 fl oz bottle.,Bebida dulce de jugo de naranjada. Botella de 64 fl oz.,379,0,false,64,fl oz,fl oz,fl oz,true,167,true,false,true,true,1,https://d2lnr5mha7bycj.cloudfront.net/product-image/file/large_7e9fecf6-739d-41a4-9f13-ae4575d6615b.jpg,snapple,Fruit Juice,Snapple Orangeade Juice Drink,37,76183001622,unit,4666,2026-04-14,2026-04-13
7,"Electrolit Lemon-Lime, Electrolyte Beverage, Premium Hydration","Electrolit Sabor Limón, Bebida con Electrolitos, Hidratación Premium","Electrolyte hydration drink, lemon-lime flavor. 21 fl oz bottle.","Bebida de hidratación con electrolitos, sabor limón. Botella de 21 fl oz.",379,0,false,21,fl oz,fl oz,fl oz,true,199,true,false,false,true,1,https://d2lnr5mha7bycj.cloudfront.net/product-image/file/large_7384863d-e831-46b4-ac15-ce69a1f4b1cd.png,electrolit,Beverages,"Electrolit Lemon-Lime, Electrolyte Beverage, Premium Hydration",18,887725000061,unit,4,2026-04-14,2026-04-13
7,Diet Pepsi Diet Cola,Diet Pepsi Cola Diet,Zero sugar diet cola soda. 2 L bottle.,Soda cola diet sin azúcar. Botella de 2 L.,339,0,false,2,l,l,l,true,233,true,false,true,true,1,https://d2lnr5mha7bycj.cloudfront.net/product-image/file/large_6e16c3e9-41de-4f89-b7de-516f51bfae39.png,diet pepsi,Cola,Diet Pepsi Diet Cola,4,12000172526,unit,4460,2026-04-14,2026-04-13
7,Pure Leaf Real Raspberry Brewed Tea,Pure Leaf Té Real Preparado Sabor Frambuesa,Real brewed iced tea with raspberry flavor. 59 fl oz bottle.,Té helado real preparado con sabor a frambuesa. Botella de 59 fl oz.,369,0,false,59,fl oz,fl oz,fl oz,false,,true,false,false,true,1,https://d2lnr5mha7bycj.cloudfront.net/product-image/file/large_82d024c9-32ca-4e08-9fbe-76ec6a22baf0.png,pure leaf,Bottled Tea,Pure Leaf Real Raspberry Brewed Tea,18,48500021576,unit,3,2026-04-14,2026-04-13
7,Crystal Light Strawberry Orange Banana Artificially Flavored Powdered Drink Mix,"Crystal Light Mezcla en Polvo Sabor Artificial Fresa, Naranja y Guineo","Powdered drink mix, strawberry orange banana, low calorie. 6 ct.","Mezcla en polvo sabor fresa, naranja y guineo, baja en calorías. 6 ct.",599,0,false,6,ct,ct,ct,false,,true,false,true,true,1,https://d2lnr5mha7bycj.cloudfront.net/product-image/file/large_921da4b1-0504-4412-beee-e5a7ffcff3bb.jpg,crystal light,Powdered Drink Mix,Crystal Light Strawberry Orange Banana Artificially Flavored Powdered Drink Mix,2,43000950548,unit,1,2026-04-14,2026-04-13
7,KeVita Tart Cherry Kombucha,KeVita Kombucha de Cereza Ácida,Fermented kombucha probiotic drink with tart cherry. 15.2 fl oz.,Bebida probiótica de kombucha fermentada con cereza ácida. 15.2 fl oz.,449,0,false,15.2,fl oz,fl oz,fl oz,false,,true,false,true,true,1,https://d2lnr5mha7bycj.cloudfront.net/product-image/file/large_232ac23a-3dfa-4930-88c1-6b7fecfbb270.png,kevita,Beverages,KeVita Tart Cherry Kombucha,20,853311003617,unit,4,2026-04-14,2026-04-13
7,Starbucks Veranda Blend Blonde Roast K-Cup Coffee,Starbucks Veranda Blend Café Tostado Claro en K-Cup,Light blonde roast coffee K-Cup pods for Keurig brewers. 4.2 oz.,Cápsulas K-Cup de café tostado claro para máquinas Keurig. 4.2 oz.,1499,0,false,4.2,oz,oz,oz,false,,true,false,false,true,1,https://d2lnr5mha7bycj.cloudfront.net/product-image/file/large_fcadbfd1-69db-4b3a-ba0f-49a713b90da6.png,starbucks,Coffee Pods,Starbucks Veranda Blend Blonde Roast K-Cup Coffee,3,762111895318,unit,1,2026-04-14,2026-04-13
7,Dole Pineapple 100% Juice,Dole Jugo 100% de Piña,"Pure 100% pineapple juice, no added sugar. 6 fl oz can.","Jugo 100% puro de piña, sin azúcar añadida. Lata de 6 fl oz.",649,0,false,6,fl oz,fl oz,fl oz,false,,true,false,false,true,1,https://d2lnr5mha7bycj.cloudfront.net/product-image/file/large_d32e6e65-5e00-4054-9c97-a26f10418d98.png,dole,Fruit Juice,Dole Pineapple 100% Juice,44,38900009472,unit,1,2026-04-14,2026-04-13
7,Café Pilon Roast & Ground Coffee,Café Pilon Café Tostado y Molido,Dark roast ground espresso coffee for stovetop greca. 10 oz.,Café espresso molido tostado oscuro para greca. 10 oz.,899,0,false,10,oz,oz,oz,false,,true,false,false,true,1,https://d2lnr5mha7bycj.cloudfront.net/product-image/file/large_144529a7-4661-4d66-8092-dae1137dd4ee.jpg,café pilon,Coffee Beans,Café Pilon Roast & Ground Coffee,5,74471101016,unit,1,2026-04-14,2026-04-13
7,"Aloevine Aloe Vera Drink, Refreshing, Mango","Aloevine Bebida de Sábila, Refrescante, Sabor Mango","Aloe vera drink with real pulp, mango flavor. 16.9 fl oz.","Bebida de sábila con pulpa real, sabor mango. 16.9 fl oz.",189,0,false,16.9,fl oz,fl oz,fl oz,false,,true,false,true,true,1,https://d2lnr5mha7bycj.cloudfront.net/product-image/file/large_5df2a433-e219-4111-be9f-e806db581dcf.png,aloevine,Aloe Vera Juice,"Aloevine Aloe Vera Drink, Refreshing, Mango",1,896650001487,unit,1,2026-04-14,2026-04-13
7,"Café Bustelo Sweet & Creamy Café con Leche Coffee, Keurig K-Cup Pods","Café Bustelo Café con Leche Dulce y Cremoso, Cápsulas K-Cup para Keurig",Sweet creamy café con leche K-Cup pods for Keurig. 4.44 oz.,Cápsulas K-Cup de café con leche dulce y cremoso para Keurig. 4.44 oz.,1199,0,false,4.44,oz,oz,oz,false,,true,false,false,true,1,https://d2lnr5mha7bycj.cloudfront.net/product-image/file/large_792745c6-d855-463e-b937-8b3b97d3cd93.jpg,café bustelo,Coffee Pods,"Café Bustelo Sweet & Creamy Café con Leche Coffee, Keurig K-Cup Pods",4,74471018925,unit,1,2026-04-14,2026-04-13
7,"Aloevine Aloe Vera Drink, Refreshing, Aloe","Aloevine Bebida de Sábila, Refrescante, Sabor Sábila",Refreshing aloe vera drink with real pulp. 16.9 fl oz bottle.,Bebida refrescante de sábila con pulpa real. Botella de 16.9 fl oz.,189,0,false,16.9,fl oz,fl oz,fl oz,false,,true,false,true,true,1,https://d2lnr5mha7bycj.cloudfront.net/product-image/file/large_0361f289-9b19-4f04-9cca-ded5fc471b5c.png,aloevine,Aloe Vera Juice,"Aloevine Aloe Vera Drink, Refreshing, Aloe",2,896650001647,unit,4,2026-04-14,2026-04-13
7,Starbucks Pike Place Medium Roast K-Cup Coffee,Starbucks Pike Place Café Tostado Medio en K-Cup,Medium roast coffee K-Cup pods for Keurig brewers. 4.4 oz.,Cápsulas K-Cup de café tostado medio para máquinas Keurig. 4.4 oz.,1499,0,false,4.4,oz,oz,oz,false,,true,false,false,true,1,https://d2lnr5mha7bycj.cloudfront.net/product-image/file/large_f9bb01f9-80ed-4ddd-a3c5-5f80d61d1fd4.jpg,starbucks,Coffee Pods,Starbucks Pike Place Medium Roast K-Cup Coffee,5,762111888105,unit,1,2026-04-14,2026-04-13
7,Turkey Hill Lemonade,Turkey Hill Limonada,Classic lemonade ready to drink. 0.5 gal jug.,Limonada clásica lista para tomar. Jarra de 0.5 gal.,349,0,false,0.5,gal,gal,gal,false,,true,false,true,true,1,https://d2lnr5mha7bycj.cloudfront.net/product-image/file/large_dfcb85ab-b686-4042-b323-5f55e56f23ce.png,turkey hill,Fruit Juice,Turkey Hill Lemonade,48,20735092767,unit,3,2026-04-14,2026-04-13
7,"Starbucks Coffee Drink, Coffee, Chilled","Starbucks Bebida de Café, Café, Frío",Chilled ready-to-drink bottled coffee. 13.7 fl oz bottle.,Café frío embotellado listo para tomar. Botella de 13.7 fl oz.,499,0,false,13.7,fl oz,fl oz,fl oz,true,399,true,false,false,true,1,https://d2lnr5mha7bycj.cloudfront.net/product-image/file/large_e2c537f5-49dd-4388-a3bd-bba0a70820c7.png,starbucks,Coffee Drinks,"Starbucks Coffee Drink, Coffee, Chilled",7,12000001802,unit,4460,2026-04-14,2026-04-13
7,"SToK Extra Bold Black Unsweetened Cold Brew Coffee, Ready to Drink Bottled Coffee, 48 fl oz​","SToK Cold Brew Extra Fuerte Negro Sin Azúcar, Café Embotellado Listo para Tomar, 48 fl oz","Unsweetened cold brew coffee, extra bold. 48 fl oz bottle.","Café cold brew sin azúcar, extra fuerte. Botella de 48 fl oz.",799,0,false,48,fl oz,fl oz,fl oz,false,,true,false,false,true,1,https://d2lnr5mha7bycj.cloudfront.net/product-image/file/large_6b2c625c-3901-443b-8bd5-c70ad6f66046.jpg,stok,Coffee Drinks,"SToK Extra Bold Black Unsweetened Cold Brew Coffee, Ready to Drink Bottled Coffee​",8,36632072627,unit,3,2026-04-14,2026-04-13
7,Seagram's Ginger Ale Soda Soft Drinks,Seagram's Soda Ginger Ale,Classic ginger ale soda in small cans. 7.5 fl oz.,Soda ginger ale clásica en latas pequeñas. 7.5 fl oz.,649,0,false,7.5,fl oz,fl oz,fl oz,false,,true,false,true,true,1,https://d2lnr5mha7bycj.cloudfront.net/product-image/file/large_1f6521f7-8987-426a-8f74-98e5ded94bb9.jpg,seagram's,Ginger Ale,Seagram's Ginger Ale Soda Soft Drinks,4,72979004433,unit,4070,2026-04-14,2026-04-13
7,"Gatorade Thirst Quencher, Grape","Gatorade Bebida Deportiva, Sabor Uva",Grape-flavored sports drink with electrolytes. 28 fl oz bottle.,Bebida deportiva sabor uva con electrolitos. Botella de 28 fl oz.,299,0,false,28,fl oz,fl oz,fl oz,false,,true,false,true,true,1,https://d2lnr5mha7bycj.cloudfront.net/product-image/file/large_45bb5167-60d8-4942-8690-6d7c59186d44.png,gatorade,Beverages,"Gatorade Thirst Quencher, Grape",22,52000135169,unit,4460,2026-04-14,2026-04-13
7,International Delight Vanilla Iced Coffee,International Delight Café Helado Sabor Vainilla,Ready-to-drink vanilla iced coffee with milk. 0.5 gal carton.,Café helado sabor vainilla listo para tomar con leche. Cartón de 0.5 gal.,499,0,false,0.5,gal,gal,gal,false,,true,false,false,true,1,https://d2lnr5mha7bycj.cloudfront.net/product-image/file/large_0c3f58a6-bada-4607-abf8-07664db9b8c9.jpg,international delight,Coffee Drinks,International Delight Vanilla Iced Coffee,9,41271004922,unit,3,2026-04-14,2026-04-13
7,"Sparkling Ice® Sparkling Water, Zero Sugar, Coconut Pineapple","Sparkling Ice® Agua con Gas, Sin Azúcar, Sabor Coco y Piña","Zero sugar sparkling water, coconut pineapple flavor. 17 fl oz.","Agua con gas sin azúcar, sabor coco y piña. 17 fl oz.",159,0,false,17,fl oz,fl oz,fl oz,false,,true,false,true,true,1,https://d2lnr5mha7bycj.cloudfront.net/product-image/file/large_1ada2858-bd39-4d52-be65-e10bc7a0794a.png,sparkling ice®,Sparkling Water,"Sparkling Ice® Sparkling Water, Zero Sugar, Coconut Pineapple",41,16571940331,unit,4025,2026-04-14,2026-04-13
7,Coca-Cola Coke de Mexico,Coca-Cola Coke de Mexico,Mexican Coca-Cola made with cane sugar in glass bottle. 355 ml.,Coca-Cola mexicana hecha con azúcar de caña en botella de vidrio. 355 ml.,229,0,false,355,ml,ml,ml,false,,true,false,true,true,1,https://d2lnr5mha7bycj.cloudfront.net/product-image/file/large_d07a1094-ce86-41ed-b57c-ebda5da0df03.jpg,coca-cola,Cola,Coca-Cola Coke de Mexico,11,49000004632,unit,4070,2026-04-14,2026-04-13
7,"Yogi Tea Herbal Tea, Honey Chai Turmeric Vitality, Caffeine Free","Yogi Tea Té Herbal, Chai con Miel y Cúrcuma, Sin Cafeína","Caffeine-free herbal tea, honey chai turmeric, 16 ct bags.","Té herbal sin cafeína, chai con miel y cúrcuma, 16 ct bolsas.",599,0,false,16,ct,ct,ct,false,,true,false,false,true,1,https://d2lnr5mha7bycj.cloudfront.net/product-image/file/large_45417d6d-a1bf-431c-8c43-72753a08efb1.jpg,yogi tea,Leaf Tea,"Yogi Tea Herbal Tea, Honey Chai Turmeric Vitality, Caffeine Free",3,76950206489,unit,6009,2026-04-14,2026-04-13
7,Gold Peak Sweet Tea,Gold Peak Té Dulce,Southern-style sweet iced tea. 52 fl oz bottle.,Té helado dulce estilo sureño. Botella de 52 fl oz.,399,0,false,52,fl oz,fl oz,fl oz,false,,true,false,true,true,1,https://d2lnr5mha7bycj.cloudfront.net/product-image/file/large_a0134fd5-82db-4a06-a192-dbce2ba950be.jpg,gold peak,Bottled Tea,Gold Peak Sweet Tea,25,49000074154,unit,3,2026-04-14,2026-04-13
7,"Poppi Prebiotic Soda, Raspberry Rose","Poppi Soda Prebiótica, Sabor Frambuesa y Rosa","Prebiotic soda with apple cider vinegar, raspberry rose. 12 fl oz.","Soda prebiótica con vinagre de manzana, sabor frambuesa y rosa. 12 fl oz.",250,0,false,12,fl oz,fl oz,fl oz,true,233,true,false,false,true,1,https://d2lnr5mha7bycj.cloudfront.net/product-image/file/large_8470b3b1-e25c-4f93-86f8-9ce1688cf744.jpg,poppi,Beverages,"Poppi Prebiotic Soda, Raspberry Rose",29,709586514894,unit,4025,2026-04-14,2026-04-13
7,Swiss Miss Chocolate Hot Cocoa Mix With Marshmallows,Swiss Miss Mezcla de Chocolate Caliente con Malvaviscos,Instant hot cocoa mix with mini marshmallows. 11.04 oz box.,Mezcla instantánea de chocolate caliente con mini malvaviscos. Caja de 11.04 oz.,499,0,false,11.04,oz,oz,oz,false,,true,false,false,true,1,https://d2lnr5mha7bycj.cloudfront.net/product-image/file/large_946b7fb0-1d7f-4d37-bec5-e1cfa2aee4ee.jpg,swiss miss,Hot Cocoa Mix,Swiss Miss Chocolate Hot Cocoa Mix With Marshmallows,3,70920476346,unit,1,2026-04-14,2026-04-13
7,Vitaminwater Energy Tropical Citrus Flavored Water Beverage Bottle,Vitaminwater Energy Bebida de Agua Sabor Cítricos Tropicales,"Vitamin-enhanced water with caffeine, tropical citrus. 20 fl oz.","Agua con vitaminas y cafeína, sabor cítricos tropicales. 20 fl oz.",239,0,false,20,fl oz,fl oz,fl oz,true,200,true,false,true,true,1,https://d2lnr5mha7bycj.cloudfront.net/product-image/file/large_db4adf18-4bb5-4c90-81c3-a27b41e18751.jpg,vitaminwater,Still Water,Vitaminwater Energy Tropical Citrus Flavored Water Beverage Bottle,21,786162080004,unit,4070,2026-04-14,2026-04-13
7,AriZona Sun Brewed Style Iced Tea with Lemon Flavor,AriZona Té Helado Estilo Sun Brewed con Sabor a Limón,Sun-brewed style iced tea with lemon. 128 fl oz jug.,Té helado estilo sun brewed con sabor a limón. Envase de 128 fl oz.,449,0,false,128,fl oz,fl oz,fl oz,false,,true,false,false,true,1,https://d2lnr5mha7bycj.cloudfront.net/product-image/file/large_fdf9cd5c-a300-4e31-8fb3-5e4e4e139810.png,arizona,Bottled Tea,AriZona Sun Brewed Style Iced Tea with Lemon Flavor,27,613008735135,unit,1,2026-04-14,2026-04-13
7,Ocean Spray Cran-Pineapple Juice Drink,Ocean Spray Bebida de Jugo de Arándano y Piña,Cranberry pineapple juice drink blend. 64 fl oz bottle.,Bebida mezcla de jugo de arándano y piña. Botella de 64 fl oz.,499,0,false,64,fl oz,fl oz,fl oz,true,449,true,false,true,true,1,https://d2lnr5mha7bycj.cloudfront.net/product-image/file/large_7f69131f-9e9f-4d5f-aae5-6e69caa323c3.jpg,ocean spray,Fruit Juice,Ocean Spray Cran-Pineapple Juice Drink,61,3120002821,unit,1,2026-04-14,2026-04-13
7,Clear Choice Ice Pineapple Coconut Flavored Sparkling Water Beverage,Clear Choice Ice Agua con Gas Sabor Piña y Coco,Pineapple coconut flavored sparkling water. 33.8 fl oz bottle.,Agua con gas sabor piña y coco. Botella de 33.8 fl oz.,119,0,false,33.8,fl oz,fl oz,fl oz,false,,true,false,true,true,1,https://d2lnr5mha7bycj.cloudfront.net/product-image/file/large_7a58ca60-cc35-4c80-b85b-555ae1711009.jpg,clear choice ice,Sparkling Water,Clear Choice Ice Pineapple Coconut Flavored Sparkling Water Beverage,49,61500005827,unit,1,2026-04-14,2026-04-13
7,Crystal Light Peach Mango Green Tea Naturally Flavored Powdered Drink Mix,Crystal Light Mezcla en Polvo de Té Verde Sabor Natural Melocotón y Mango,"Powdered green tea drink mix, peach mango, low calorie. 1.85 oz.","Mezcla en polvo de té verde sabor melocotón y mango, baja calorías. 1.85 oz.",599,0,false,1.85,oz,oz,oz,false,,true,false,false,true,1,https://d2lnr5mha7bycj.cloudfront.net/product-image/file/large_feb4694b-0da6-45de-8ddc-d503b36da837.jpg,crystal light,Powdered Tea,Crystal Light Peach Mango Green Tea Naturally Flavored Powdered Drink Mix,2,43000028858,unit,1,2026-04-14,2026-04-13
7,Kool-Aid Bursts Grape,Kool-Aid Bursts Sabor Uva,Grape-flavored juice drink in kids' squeeze bottles. 6.75 fl oz.,Bebida de jugo sabor uva en botellitas para niños. 6.75 fl oz.,289,0,false,6.75,fl oz,fl oz,fl oz,false,,true,false,true,true,1,https://d2lnr5mha7bycj.cloudfront.net/product-image/file/large_0bbdae9e-2fab-48d8-93c5-2c8b1bf07f79.jpg,kool-aid,Fruit Juice,Kool-Aid Bursts Grape,65,43000953709,unit,1,2026-04-14,2026-04-13
7,Stewart's Key Lime Made with Sugar,Stewart's Soda de Lima Hecha con Azúcar,Key lime flavored soda made with real sugar. 12 fl oz bottle.,Soda sabor lima hecha con azúcar real. Botella de 12 fl oz.,499,0,false,12,fl oz,fl oz,fl oz,false,,true,false,true,true,1,https://d2lnr5mha7bycj.cloudfront.net/product-image/file/large_80195ea3-553c-437e-9b6d-d3148672521b.jpg,stewart's,Lemon & Lime Soda,Stewart's Key Lime Made with Sugar,2,98794000221,unit,4666,2026-04-14,2026-04-13
7,Crystal Light Lemon Iced Tea Naturally Flavored Powdered Drink Mix,Crystal Light Mezcla en Polvo de Té Helado Sabor Natural Limón,"Powdered lemon iced tea mix, low calorie. 6 ct packets.","Mezcla en polvo de té helado de limón, baja en calorías. 6 ct sobres.",599,0,false,6,ct,ct,ct,false,,true,false,false,true,1,https://d2lnr5mha7bycj.cloudfront.net/product-image/file/large_d4a1fd03-e8dd-417e-8151-47d6020b8776.jpg,crystal light,Powdered Tea,Crystal Light Lemon Iced Tea Naturally Flavored Powdered Drink Mix,3,43000950647,unit,1,2026-04-14,2026-04-13
7,Pepsi Cola Soda,Pepsi Soda Cola,Classic cola soda. 2 L bottle.,Soda cola clásica. Botella de 2 L.,339,0,false,2,l,l,l,true,233,true,false,true,true,1,https://d2lnr5mha7bycj.cloudfront.net/product-image/file/large_8d626fa7-0327-4922-b6de-cf92187bd518.png,pepsi,Cola,Pepsi Cola Soda,12,12000001130,unit,4460,2026-04-14,2026-04-13
7,Kool-Aid Liquid Tropical Punch Naturally Flavored Soft Drink Mix,Kool-Aid Mezcla Líquida para Bebida Sabor Natural Ponche Tropical,"Liquid drink mix, tropical punch, squeeze into water. 1.62 fl oz.","Mezcla líquida para bebida, ponche tropical, se añade al agua. 1.62 fl oz.",479,0,false,1.62,fl oz,fl oz,fl oz,false,,true,false,true,true,1,https://d2lnr5mha7bycj.cloudfront.net/product-image/file/large_0b614f4a-6863-4bb1-9436-b5c725e7c028.jpg,kool-aid,Beverages,Kool-Aid Liquid Tropical Punch Naturally Flavored Soft Drink Mix,38,43000005729,unit,1,2026-04-14,2026-04-13
7,Califia Farms Pure Black Medium Roast Cold Brew Coffee,Califia Farms Cold Brew Café Negro Puro Tostado Medio,"Ready-to-drink black cold brew coffee, medium roast. 48 fl oz.","Café cold brew negro listo para tomar, tostado medio. 48 fl oz.",749,0,false,48,fl oz,fl oz,fl oz,false,,true,false,false,true,1,https://d2lnr5mha7bycj.cloudfront.net/product-image/file/large_f908434c-e138-4d9d-a66c-f47160979b42.jpg,califia farms,Coffee Drinks,Califia Farms Pure Black Medium Roast Cold Brew Coffee,12,813636020645,unit,3,2026-04-14,2026-04-13
7,Juicy Juice 100% Juice Orange Tangerine,Juicy Juice Jugo 100% Naranja y Mandarina,100% orange tangerine juice in kids' size box. 4.23 fl oz.,Jugo 100% naranja y mandarina en cajita para niños. 4.23 fl oz.,399,0,false,4.23,fl oz,fl oz,fl oz,false,,true,false,false,true,1,https://d2lnr5mha7bycj.cloudfront.net/product-image/file/large_83774de9-8b31-43ff-b7eb-19d464429034.jpg,juicy juice,Fruit Juice,Juicy Juice 100% Juice Orange Tangerine,71,889497348594,unit,1,2026-04-14,2026-04-13
7,"Poland Spring Maine Spring Water, 1-Liter  bottle","Poland Spring Agua de Manantial de Maine, botella de 1 Litro",Natural spring water in 1 L bottle. 33.8 fl oz.,Agua de manantial natural en botella de 1 L. 33.8 fl oz.,129,0,false,33.8,fl oz,fl oz,fl oz,false,,true,false,true,true,1,https://d2lnr5mha7bycj.cloudfront.net/product-image/file/large_279ea952-efcc-4ce9-8a6f-ec78a4203374.jpg,poland spring,Still Water,"Poland Spring Maine Spring Water, 1-Liter bottle",26,75720000616,unit,1,2026-04-14,2026-04-13
7,"So Good So You Detox, Pineapple Orange Probiotic Juice Shot","So Good So You Detox, Shot de Jugo Probiótico de Piña y Naranja","Probiotic juice shot, pineapple orange detox blend. 1.7 fl oz.","Shot de jugo probiótico, mezcla detox de piña y naranja. 1.7 fl oz.",449,0,false,1.7,fl oz,fl oz,fl oz,false,,true,false,true,true,1,https://d2lnr5mha7bycj.cloudfront.net/product-image/file/large_16fdaa8b-d9f5-4996-a8be-46872f3225a8.png,so good so you,Juice Shots,"So Good So You Detox, Pineapple Orange Probiotic Juice Shot",1,851481006414,unit,4,2026-04-14,2026-04-13
7,Folgers Instant Coffee Crystals Classic Roast Single Serve Packets,Folgers Cristales de Café Instantáneo Tostado Clásico en Sobres Individuales,"Instant coffee single serve packets, classic roast. 7 ct.","Café instantáneo en sobres individuales, tostado clásico. 7 ct.",189,0,false,7,ct,ct,ct,false,,true,false,false,true,1,https://d2lnr5mha7bycj.cloudfront.net/product-image/file/large_207e8eb8-2ec4-495e-9d08-c46d559da0ce.jpg,folgers,Instant Coffee,Folgers Instant Coffee Crystals Classic Roast Single Serve Packets,1,25500201887,unit,1,2026-04-14,2026-04-13
7,"Vita Coco Coconut Water, The Original","Vita Coco Agua de Coco, La Original",100% natural coconut water for hydration. 16.9 fl oz carton.,Agua de coco 100% natural para hidratación. Cartón de 16.9 fl oz.,319,0,false,16.9,fl oz,fl oz,fl oz,false,,true,false,false,true,1,https://d2lnr5mha7bycj.cloudfront.net/product-image/file/large_9d141c4b-457c-465f-a158-ce31c7443681.png,vita coco,Coconut Water,"Vita Coco Coconut Water, The Original",4,898999010007,unit,4666,2026-04-14,2026-04-13
7,"Yogi Tea Herbal Tea, Breathe Deep, Caffeine Free","Yogi Tea Té Herbal, Breathe Deep, Sin Cafeína","Caffeine-free herbal tea for breathing, Breathe Deep blend. 1.12 oz.","Té herbal sin cafeína para respiración, mezcla Breathe Deep. 1.12 oz.",599,0,false,1.12,oz,oz,oz,false,,false,false,false,true,1,https://d2lnr5mha7bycj.cloudfront.net/product-image/file/large_59222916-4879-4c79-93f1-49792648da44.jpg,yogi tea,Leaf Tea,"Yogi Tea Herbal Tea, Breathe Deep, Caffeine Free",4,76950450042,unit,6009,2026-04-14,2026-04-13
7,AriZona Unsweetened Southern Style Brewed Tea,AriZona Té Preparado Estilo Sureño Sin Azúcar,Unsweetened southern-style brewed iced tea. 1 gal jug.,Té helado preparado estilo sureño sin azúcar. Galón de 1 gal.,449,0,false,1,gal,gal,gal,false,,true,false,false,true,1,https://d2lnr5mha7bycj.cloudfront.net/product-image/file/large_75c962ee-53fe-4ee5-94ab-c05aa88184cb.png,arizona,Bottled Tea,AriZona Unsweetened Southern Style Brewed Tea,31,61300871981,unit,1,2026-04-14,2026-04-13
7,Vitaminwater Focus Kiwi Strawberry Flavored Water Beverage Bottle,Vitaminwater Focus Bebida de Agua Sabor Kiwi y Fresa,"Vitamin-enhanced water, kiwi strawberry flavor. 20 fl oz bottle.","Agua con vitaminas, sabor kiwi y fresa. Botella de 20 fl oz.",239,0,false,20,fl oz,fl oz,fl oz,true,200,true,false,true,true,1,https://d2lnr5mha7bycj.cloudfront.net/product-image/file/large_9db3e349-d944-4120-8761-e94cec67a660.jpg,vitaminwater,Still Water,Vitaminwater Focus Kiwi Strawberry Flavored Water Beverage Bottle,27,786162070005,unit,4070,2026-04-14,2026-04-13
7,"Snapple Tea, Peach, Diet","Snapple Té, Sabor Melocotón, Diet","Diet peach-flavored iced tea, zero sugar. 64 fl oz bottle.","Té helado diet sabor melocotón, sin azúcar. Botella de 64 fl oz.",379,0,false,64,fl oz,fl oz,fl oz,true,167,true,false,false,true,1,https://d2lnr5mha7bycj.cloudfront.net/product-image/file/large_e2b05280-8b83-45c7-8b74-dd769dcdc1aa.jpg,snapple,Bottled Tea,"Snapple Tea, Peach, Diet",32,76183643570,unit,4666,2026-04-14,2026-04-13
7,Goya Pineapple Juice,Goya Jugo de Piña,Pineapple juice from concentrate. 33.8 fl oz bottle.,Jugo de piña de concentrado. Botella de 33.8 fl oz.,549,0,false,33.8,fl oz,fl oz,fl oz,false,,true,false,false,true,1,https://d2lnr5mha7bycj.cloudfront.net/product-image/file/large_9eb83796-bc58-47a9-956c-1f7c0edea809.jpg,goya,Fruit Juice,Goya Pineapple Juice,81,41331028028,unit,5600,2026-04-14,2026-04-13
7,Café Bustelo Instant Coffee,Café Bustelo Café Instantáneo,"Instant espresso-style coffee, dark roast. 7.05 oz jar.","Café instantáneo estilo espresso, tostado oscuro. Frasco de 7.05 oz.",449,0,false,7.05,oz,oz,oz,false,,true,false,false,true,1,https://d2lnr5mha7bycj.cloudfront.net/product-image/file/large_d4e92c98-9462-4f65-9f5f-b63b6f5f64a1.jpg,café bustelo,Instant Coffee,Café Bustelo Instant Coffee,2,74471011087,unit,9999,2026-04-14,2026-04-13
7,"Poland Spring Maine Spring Water, 1.5-Liter  bottle","Poland Spring Agua de Manantial de Maine, botella de 1.5 Litros",Natural spring water in larger bottle. 1.5 L.,Agua de manantial natural en botella grande. 1.5 L.,199,0,false,1.5,l,l,l,true,166,true,false,true,true,1,https://d2lnr5mha7bycj.cloudfront.net/product-image/file/large_1f98ab89-5fb8-4d65-9467-2672a8f214c7.jpg,poland spring,Still Water,"Poland Spring Maine Spring Water, 1.5-Liter bottle",28,75720000715,unit,1,2026-04-14,2026-04-13
7,"Beetology 100% Organic Cold Pressed Juice, Beet & Berry","Beetology Jugo 100% Orgánico Prensado en Frío, Remolacha y Bayas",Organic cold-pressed beet and berry juice. 8.45 fl oz bottle.,Jugo orgánico prensado en frío de remolacha y bayas. Botella de 8.45 fl oz.,449,0,false,8.45,fl oz,fl oz,fl oz,true,349,true,false,false,true,1,https://d2lnr5mha7bycj.cloudfront.net/product-image/file/large_7c1d2f4a-7971-423c-af66-4bd8fa1e5180.png,beetology,Fruit and Vegetable Juice Blends,"Beetology 100% Organic Cold Pressed Juice, Beet & Berry",1,73490159015,unit,6009,2026-04-14,2026-04-13
7,"Libby's Juice, Pineapple",Libby's Jugo de Piña,Pineapple juice from concentrate. 64 fl oz can.,Jugo de piña de concentrado. Lata de 64 fl oz.,749,0,false,64,fl oz,fl oz,fl oz,true,619,true,true,false,true,1,https://d2lnr5mha7bycj.cloudfront.net/product-image/file/large_522ed737-d891-4064-8668-4553aad91cef.png,libby's,Fruit Juice,"Libby's Juice, Pineapple",83,74584050645,unit,1,2026-04-14,2026-04-13
7,Kool-Aid Bursts Cherry Artificially Flavored Kids Soft Drink Pouches,Kool-Aid Bursts Bebida para Niños Sabor Artificial Cereza,Cherry-flavored juice drink in kids' squeeze bottles. 6.75 fl oz.,Bebida de jugo sabor cereza en botellitas para niños. 6.75 fl oz.,289,0,false,6.75,fl oz,fl oz,fl oz,false,,true,false,true,true,1,https://d2lnr5mha7bycj.cloudfront.net/product-image/file/large_31e771c5-fee8-44b7-a147-a37d391edfa9.jpg,kool-aid,Fruit Juice,Kool-Aid Bursts Cherry Artificially Flavored Kids Soft Drink Pouches,84,43000953686,unit,1,2026-04-14,2026-04-13
7,"Traditional Medicinals Organic Nighty Night Extra, Caffeine Free Herbal Tea","Traditional Medicinals Té Herbal Orgánico Nighty Night Extra, Sin Cafeína",Organic herbal tea for sleep with valerian. 16 ct bags.,Té herbal orgánico para dormir con valeriana. 16 ct bolsas.,799,0,false,16,ct,ct,ct,false,,true,false,false,true,1,https://d2lnr5mha7bycj.cloudfront.net/product-image/file/large_8a753fe0-3935-405b-a331-96363239cbc4.jpg,traditional medicinals,Leaf Tea,"Traditional Medicinals Organic Nighty Night Extra, Caffeine Free Herbal Tea",5,32917002198,unit,6009,2026-04-14,2026-04-13
7,"Dunkin' Original Blend Ground Coffee, Medium Roast, 12 Oz Bag","Dunkin' Café Molido Original Blend, Tostado Medio, Bolsa 12 Oz",Medium roast ground coffee in bag for drip brewers. 12 oz.,Café molido tostado medio en bolsa para cafeteras de goteo. 12 oz.,1899,0,false,12,oz,oz,oz,false,,true,false,false,true,1,https://d2lnr5mha7bycj.cloudfront.net/product-image/file/large_c56f25cc-ac30-4749-aabd-28803a9eb724.jpg,dunkin',Coffee Beans,"Dunkin' Original Blend Ground Coffee, Medium Roast Bag",9,881334000467,unit,1,2026-04-14,2026-04-13
7,"Snapple Tea, Lemon","Snapple Té, Sabor Limón",Classic lemon-flavored iced tea. 64 fl oz bottle.,Té helado clásico sabor limón. Botella de 64 fl oz.,379,0,false,64,fl oz,fl oz,fl oz,true,167,true,false,false,true,1,https://d2lnr5mha7bycj.cloudfront.net/product-image/file/large_aad010db-69d7-4531-8db5-ac3bceddbbdc.jpg,snapple,Bottled Tea,"Snapple Tea, Lemon",33,76183643747,unit,4666,2026-04-14,2026-04-13
7,"Snapple Apple, Juice Drink",Snapple Bebida de Jugo de Manzana,Sweet apple juice drink. 64 fl oz bottle.,Bebida dulce de jugo de manzana. Botella de 64 fl oz.,379,0,false,64,fl oz,fl oz,fl oz,true,167,true,false,true,true,1,https://d2lnr5mha7bycj.cloudfront.net/product-image/file/large_3be3fdd5-6f4a-40c6-b836-2e2f5be228b8.jpg,snapple,Fruit Juice,"Snapple Apple, Juice Drink",85,76183643877,unit,4666,2026-04-14,2026-04-13
7,Maxwell House French Vanilla Cafe Instant Cafe-Style Beverage Mix,Maxwell House Mezcla Instantánea de Café Estilo Cafetería Sabor Vainilla Francesa,Instant café-style drink mix with French vanilla flavor. 8.4 oz.,Mezcla instantánea de café estilo cafetería con sabor a vainilla francesa. 8.4 oz.,649,0,false,8.4,oz,oz,oz,false,,true,false,false,true,1,https://d2lnr5mha7bycj.cloudfront.net/product-image/file/large_1543eff4-4745-4f13-b3b2-992e5f0fd3bc.jpg,maxwell house,Instant Coffee,Maxwell House French Vanilla Cafe Instant Cafe-Style Beverage Mix,3,4300000333,unit,1,2026-04-14,2026-04-13
7,Country Time Pink Lemonade Naturally Flavored Powdered Drink Mix,Country Time Mezcla en Polvo de Limonada Rosada Sabor Natural,"Powdered pink lemonade drink mix, makes 8 qt. 19 oz canister.","Mezcla en polvo de limonada rosada, rinde 8 qt. Envase de 19 oz.",799,0,false,19,oz,oz,oz,false,,true,false,true,true,1,https://d2lnr5mha7bycj.cloudfront.net/product-image/file/large_67f34925-230c-4a43-9b7e-30fc3026ba4a.jpg,country time,Powdered Drink Mix,Country Time Pink Lemonade Naturally Flavored Powdered Drink Mix,6,43000951149,unit,1,2026-04-14,2026-04-13
7,Swiss Miss Milk Chocolate Flavored Hot Cocoa Mix,Swiss Miss Mezcla de Chocolate Caliente Sabor Chocolate con Leche,Instant milk chocolate hot cocoa mix. 8.28 oz box.,Mezcla instantánea de chocolate caliente con leche. Caja de 8.28 oz.,499,0,false,8.28,oz,oz,oz,false,,true,false,false,true,1,https://d2lnr5mha7bycj.cloudfront.net/product-image/file/large_dccc3fa4-7111-4a66-bc64-3c418c8de131.jpg,swiss miss,Hot Cocoa Mix,Swiss Miss Milk Chocolate Flavored Hot Cocoa Mix,4,70920476339,unit,1,2026-04-14,2026-04-13
7,"Bigelow Perfect Peach, Caffeine Free Herbal Tea","Bigelow Perfect Peach, Té Herbal Sin Cafeína",Caffeine-free peach herbal tea bags. 20 ct box.,Bolsas de té herbal de melocotón sin cafeína. Caja de 20 ct.,449,0,false,20,ct,ct,ct,false,,true,false,false,true,1,https://d2lnr5mha7bycj.cloudfront.net/product-image/file/large_551974bb-f728-492a-8bc8-59e66961baf1.png,bigelow,Leaf Tea,"Bigelow Perfect Peach, Caffeine Free Herbal Tea",6,72310000407,unit,6017,2026-04-14,2026-04-13
7,"Electrolit Orange, Electrolyte Beverage, Premium Hydration","Electrolit Sabor Naranja, Bebida con Electrolitos, Hidratación Premium","Electrolyte hydration drink, orange flavor. 21 fl oz bottle.","Bebida de hidratación con electrolitos, sabor naranja. Botella de 21 fl oz.",379,0,false,21,fl oz,fl oz,fl oz,true,199,true,false,true,true,1,https://d2lnr5mha7bycj.cloudfront.net/product-image/file/large_e1866f21-94b8-402a-98dd-dcbe826cd971.png,electrolit,Beverages,"Electrolit Orange, Electrolyte Beverage, Premium Hydration",48,887725000054,unit,4,2026-04-14,2026-04-13
7,KeVita Pineapple Peach Kombucha,KeVita Kombucha de Piña y Melocotón,"Fermented kombucha probiotic drink, pineapple peach. 15.2 fl oz.","Bebida probiótica de kombucha fermentada, piña y melocotón. 15.2 fl oz.",449,0,false,15.2,fl oz,fl oz,fl oz,false,,true,false,true,true,1,https://d2lnr5mha7bycj.cloudfront.net/product-image/file/large_5532cc0e-efbc-4d3e-a1ef-64ee8add2cb2.png,kevita,Beverages,KeVita Pineapple Peach Kombucha,49,853311003600,unit,4,2026-04-14,2026-04-13
7,V8 Low Sodium Original 100% Vegetable Juice,V8 Jugo 100% de Vegetales Original Bajo en Sodio,Low sodium vegetable juice blend of 8 vegetables. 46 fl oz.,"Jugo de vegetales bajo en sodio, mezcla de 8 vegetales. 46 fl oz.",549,0,false,46,fl oz,fl oz,fl oz,false,,true,false,false,true,1,https://d2lnr5mha7bycj.cloudfront.net/product-image/file/large_57150df3-49fd-4572-8984-8193abed1d92.jpg,v8,Vegetable Juice,V8 Low Sodium Original 100% Vegetable Juice,6,51000121578,unit,1,2026-04-14,2026-04-13
7,"Dr Pepper Soda, 12 Pack","Dr Pepper Soda, Paquete de 12","Classic Dr Pepper soda, 12 pk cans. 12 oz each.","Soda Dr Pepper clásica, paquete de 12 latas. 12 oz cada una.",1099,0,false,12,oz,oz,oz,true,799,true,false,true,true,1,https://d2lnr5mha7bycj.cloudfront.net/product-image/file/large_cc9c4b1a-bc90-47ed-9e16-c2da09baa62b.png,dr pepper,Other Soda,Dr Pepper Soda,2,78000082166,unit,4070,2026-04-14,2026-04-13
7,Hawaiian Punch Orange Ocean Juice Drink,Hawaiian Punch Bebida de Jugo Sabor Naranja,Orange-flavored fruit juice drink. 1 gal jug.,Bebida de jugo de frutas sabor naranja. Galón de 1 gal.,549,0,false,1,gal,gal,gal,false,,true,false,true,true,1,https://d2lnr5mha7bycj.cloudfront.net/product-image/file/large_ca58fb51-6745-4645-ad89-4a81edb02e65.jpg,hawaiian punch,Fruit Juice,Hawaiian Punch Orange Ocean Juice Drink,94,14800646092,unit,1,2026-04-14,2026-04-13
7,Goya Coconut Water with Pulp,Goya Agua de Coco con Pulpa,Coconut water with real coconut pulp. 11.8 fl oz can.,Agua de coco con pulpa de coco real. Lata de 11.8 fl oz.,149,0,false,11.8,fl oz,fl oz,fl oz,false,,true,false,false,true,1,https://d2lnr5mha7bycj.cloudfront.net/product-image/file/large_129e0519-0187-48aa-9e81-22fede9f41b9.jpg,goya,Coconut Water,Goya Coconut Water with Pulp,5,41331027854,unit,5600,2026-04-14,2026-04-13
7,"4C Foods Iced Tea Mix, Lemon Flavor","4C Foods Mezcla para Té Helado, Sabor Limón","Powdered iced tea mix with lemon, makes many pitchers. 66.1 oz.","Mezcla en polvo para té helado con limón, rinde varias jarras. 66.1 oz.",1199,0,false,66.1,oz,oz,oz,false,,true,false,false,true,1,https://d2lnr5mha7bycj.cloudfront.net/product-image/file/large_4ec9de74-38e2-4998-9eca-94069022d353.png,4c foods,Powdered Tea,"4C Foods Iced Tea Mix, Lemon Flavor",6,41387613582,unit,1,2026-04-14,2026-04-13
7,Goya Pear Nectar,Goya Néctar de Pera,Sweet pear nectar drink. 33.8 fl oz bottle.,Bebida dulce de néctar de pera. Botella de 33.8 fl oz.,319,0,false,33.8,fl oz,fl oz,fl oz,false,,true,false,true,true,1,https://d2lnr5mha7bycj.cloudfront.net/product-image/file/large_9c9be76a-d52c-492c-b64c-250c8b62e9fe.jpg,goya,Fruit Juice,Goya Pear Nectar,99,41331028066,unit,5600,2026-04-14,2026-04-13
7,Kool-Aid Liquid Cherry Artificially Flavored Soft Drink Mix,Kool-Aid Mezcla Líquida para Bebida Sabor Artificial Cereza,"Liquid drink mix, cherry flavor, squeeze into water. 1.62 fl oz.","Mezcla líquida para bebida, sabor cereza, se añade al agua. 1.62 fl oz.",479,0,false,1.62,fl oz,fl oz,fl oz,false,,true,false,true,true,1,https://d2lnr5mha7bycj.cloudfront.net/product-image/file/large_23025a33-fc41-4b04-a0e7-8df3f07637da.jpg,kool-aid,Beverages,Kool-Aid Liquid Cherry Artificially Flavored Soft Drink Mix,53,43000005743,unit,1,2026-04-14,2026-04-13
7,Brisk Lemon Iced Tea 12 Pack,Brisk Té Helado de Limón Paquete de 12,"Lemon iced tea, 12 pk cans. 12 fl oz each.","Té helado de limón, paquete de 12 latas. 12 fl oz cada una.",1099,0,false,12,fl oz,fl oz,fl oz,false,,true,false,true,true,1,https://d2lnr5mha7bycj.cloudfront.net/product-image/file/large_ea0e6b68-dd7e-499e-bc2d-de338458a0b0.png,brisk,Bottled Tea,Brisk Lemon Iced Tea,35,12000810091,unit,4460,2026-04-14,2026-04-13
7,"Vita Coco Coconut Water, Pineapple","Vita Coco Agua de Coco, Sabor Piña",Coconut water with pineapple flavor. 33.8 fl oz carton.,Agua de coco con sabor a piña. Cartón de 33.8 fl oz.,579,0,false,33.8,fl oz,fl oz,fl oz,false,,true,false,true,true,1,https://d2lnr5mha7bycj.cloudfront.net/product-image/file/large_bcf8df18-394c-470e-adca-f63abe9d5064.png,vita coco,Coconut Water,"Vita Coco Coconut Water, Pineapple",6,898999006185,unit,4666,2026-04-14,2026-04-13
7,"4C Foods Iced Tea Mix, Green Tea, with Honey","4C Foods Mezcla para Té Helado, Té Verde con Miel",Powdered green iced tea mix with honey. 47.2 oz canister.,Mezcla en polvo para té verde helado con miel. Envase de 47.2 oz.,1199,0,false,47.2,oz,oz,oz,false,,true,false,false,true,1,https://d2lnr5mha7bycj.cloudfront.net/product-image/file/large_b8756b1b-4c6d-4656-8235-94dff5983f6f.png,4c foods,Powdered Tea,"4C Foods Iced Tea Mix, Green Tea, with Honey",7,41387524581,unit,1,2026-04-14,2026-04-13
7,"Malta Goya Malt Beverage, Non-Alcoholic","Malta Goya Bebida de Malta, Sin Alcohol","Non-alcoholic malt beverage, Caribbean classic. 12 fl oz bottle.","Bebida de malta sin alcohol, clásica del Caribe. Botella de 12 fl oz.",139,0,false,12,fl oz,fl oz,fl oz,false,,true,false,true,true,1,https://d2lnr5mha7bycj.cloudfront.net/product-image/file/large_9f490875-583b-4e7f-9fc3-dd211aaa3cea.png,malta goya,Non-Alcoholic Beers,"Malta Goya Malt Beverage, Non-Alcoholic",3,41331039857,unit,5600,2026-04-14,2026-04-13
7,"Poppi Prebiotic Soda, Strawberry Lemon","Poppi Soda Prebiótica, Sabor Fresa y Limón","Prebiotic soda with apple cider vinegar, strawberry lemon. 12 fl oz.","Soda prebiótica con vinagre de manzana, sabor fresa y limón. 12 fl oz.",250,0,false,12,fl oz,fl oz,fl oz,true,233,true,false,true,true,1,https://d2lnr5mha7bycj.cloudfront.net/product-image/file/large_667b208e-03b3-436b-9f78-d08c6e3cce1d.jpg,poppi,Beverages,"Poppi Prebiotic Soda, Strawberry Lemon",54,709586514856,unit,4025,2026-04-14,2026-04-13
7,"Dr. Brown’s Natural Flow Soda, Original Black Cherry","Dr. Brown's Soda Natural Flow, Sabor Cereza Negra Original",Classic New York black cherry soda. 67.6 fl oz bottle.,Soda clásica neoyorquina sabor cereza negra. Botella de 67.6 fl oz.,339,0,false,67.6,fl oz,fl oz,fl oz,true,233,true,false,true,true,1,https://d2lnr5mha7bycj.cloudfront.net/product-image/file/large_4afa9977-2ae3-47e1-94da-d794e892ded6.png,dr. brown’s natural flow,Fruit Flavored Soda,"Dr. Brown’s Natural Flow Soda, Original Black Cherry",1,73970311049,unit,4460,2026-04-14,2026-04-13
7,Campbell's 100% Tomato Juice,Campbell's Jugo 100% de Tomate,Pure 100% tomato juice for drinking or cooking. 64 fl oz bottle.,Jugo 100% puro de tomate para beber o cocinar. Botella de 64 fl oz.,499,0,false,64,fl oz,fl oz,fl oz,false,,true,true,false,true,1,https://d2lnr5mha7bycj.cloudfront.net/product-image/file/large_4b1ab829-7d8a-4127-8ade-4c52a3fa61f3.jpg,campbell's,Vegetable Juice,Campbell's 100% Tomato Juice,8,51000147578,unit,1,2026-04-14,2026-04-13
7,Kool-Aid Tropical Punch Artificially Flavored Powdered Soft Drink Mix,Kool-Aid Mezcla en Polvo Sabor Artificial Ponche Tropical,"Unsweetened powdered drink mix, tropical punch flavor.","Mezcla en polvo sin azúcar, sabor ponche tropical.",649,0,false,,,,,false,,true,false,true,true,1,https://d2lnr5mha7bycj.cloudfront.net/product-image/file/large_b376a260-8164-426e-9aef-7a46594b52ef.jpg,kool-aid,Powdered Drink Mix,Kool-Aid Tropical Punch Artificially Flavored Powdered Soft Drink Mix,9,43000953501,unit,1,2026-04-14,2026-04-13
7,Stewart's Root Beer Made with Sugar,Stewart's Root Beer Hecha con Azúcar,Classic root beer soda made with real sugar. 12 fl oz bottle.,Soda root beer clásica hecha con azúcar real. Botella de 12 fl oz.,499,0,false,12,fl oz,fl oz,fl oz,false,,true,false,true,true,1,https://d2lnr5mha7bycj.cloudfront.net/product-image/file/large_cb95b9e9-40e5-44f1-87b1-7c9de6e852fb.jpg,stewart's,Root Beer,Stewart's Root Beer Made with Sugar,2,98794000184,unit,4666,2026-04-14,2026-04-13
7,Tang Passion Fruit Drink Mix,Tang Mezcla para Bebida Sabor Parcha,Powdered passion fruit drink mix with vitamin C. 18 oz canister.,Mezcla en polvo para bebida sabor parcha con vitamina C. Envase de 18 oz.,799,0,false,18,oz,oz,oz,false,,true,false,false,true,1,https://d2lnr5mha7bycj.cloudfront.net/product-image/file/large_ff70d277-c3d1-4a95-8742-7588916db572.jpg,tang,Powdered Drink Mix,Tang Passion Fruit Drink Mix,10,43000064535,unit,1,2026-04-14,2026-04-13
7,"Traditional Medicinals Organic EveryDay Detox Lemon, Caffeine Free Herbal Tea","Traditional Medicinals Té Herbal Orgánico EveryDay Detox Limón, Sin Cafeína",Organic herbal tea for detox with lemon. 16 ct bags.,Té herbal orgánico para detox con limón. 16 ct bolsas.,799,0,false,16,ct,ct,ct,false,,true,false,false,true,1,https://d2lnr5mha7bycj.cloudfront.net/product-image/file/large_2fdf3881-2e0e-4f85-82bc-1ec42a41bdb1.jpg,traditional medicinals,Leaf Tea,"Traditional Medicinals Organic EveryDay Detox Lemon, Caffeine Free Herbal Tea",16,32917001979,unit,6009,2026-04-14,2026-04-13
7,A&W Root Beer,A&W Root Beer,Classic root beer soda. 7.5 fl oz mini can.,Soda root beer clásica. Mini lata de 7.5 fl oz.,799,0,false,7.5,fl oz,fl oz,fl oz,true,699,true,false,true,true,1,https://d2lnr5mha7bycj.cloudfront.net/product-image/file/large_ddf7c5ce-d79c-4a55-8dd5-e3dddbdcf0d6.jpg,a&w,Root Beer,A&W Root Beer,3,78000033892,unit,4666,2026-04-14,2026-04-13
7,V8 Strawberry Banana 100% Fruit and Vegetable Juice,V8 Jugo 100% de Frutas y Vegetales Sabor Fresa y Guineo,"Fruit and vegetable juice blend, strawberry banana. 46 fl oz.","Mezcla de jugo de frutas y vegetales, fresa y guineo. 46 fl oz.",549,0,false,46,fl oz,fl oz,fl oz,false,,true,false,false,true,1,https://d2lnr5mha7bycj.cloudfront.net/product-image/file/large_ee408074-11e6-4524-9677-b2483e93b1e9.jpg,v8,Fruit and Vegetable Juice Blends,V8 Strawberry Banana 100% Fruit and Vegetable Juice,2,5100015339,unit,1,2026-04-14,2026-04-13
7,Tang Orange Drink Mix,Tang Mezcla para Bebida Sabor Naranja,Powdered orange drink mix with vitamin C. 20 oz canister.,Mezcla en polvo para bebida sabor naranja con vitamina C. Envase de 20 oz.,799,0,false,20,oz,oz,oz,false,,true,false,false,true,1,https://d2lnr5mha7bycj.cloudfront.net/product-image/file/large_c7773c9f-3e44-4320-9c86-2c9b371e9845.jpg,tang,Powdered Drink Mix,Tang Orange Drink Mix,11,43000032275,unit,1,2026-04-14,2026-04-13
7,Coca-Cola Soda Bottle,Coca-Cola Soda en Botella,Classic Coca-Cola cola soda. 1.25 L bottle.,Soda cola Coca-Cola clásica. Botella de 1.25 L.,219,0,false,1.25,l,l,l,true,179,true,false,true,true,1,https://d2lnr5mha7bycj.cloudfront.net/product-image/file/large_b4f523ce-3580-4d48-9a8c-77a17b2ecd11.jpg,coca-cola,Cola,Coca-Cola Soda Bottle,16,49000055375,unit,4070,2026-04-14,2026-04-13
7,Carnation Breakfast Essentials Classic French Vanilla Nutritional Powder Drink Mix,Carnation Breakfast Essentials Mezcla Nutricional en Polvo Sabor Vainilla Francesa Clásica,"Nutritional breakfast drink mix with protein, French vanilla. 1.26 oz packet.","Mezcla nutricional en polvo para desayuno con proteína, vainilla francesa. Sobre de 1.26 oz.",729,0,false,1.26,oz,oz,oz,false,,true,false,false,true,1,https://d2lnr5mha7bycj.cloudfront.net/product-image/file/large_ac6a1104-aa81-4d6a-bc41-5ebbdfefefe3.jpg,carnation breakfast essentials,Powdered Drink Mix,Carnation Breakfast Essentials Classic French Vanilla Nutritional Powder Drink Mix,12,50000530625,unit,1,2026-04-14,2026-04-13
7,"Jarritos Soda, Pineapple","Jarritos Soda, Sabor Piña",Mexican pineapple-flavored soda in glass bottle. 12.5 fl oz.,Soda mexicana sabor piña en botella de vidrio. 12.5 fl oz.,199,0,false,12.5,fl oz,fl oz,fl oz,false,,true,false,true,true,1,https://d2lnr5mha7bycj.cloudfront.net/product-image/file/large_ef89d141-eb56-4569-acf6-66ee83f9a76c.png,jarritos,Fruit Flavored Soda,"Jarritos Soda, Pineapple",5,90478410043,unit,1,2026-04-14,2026-04-13
7,Diet Pepsi Cola,Diet Pepsi Cola,Zero sugar diet cola soda in mini cans. 7.5 oz.,Soda cola diet sin azúcar en mini latas. 7.5 oz.,799,0,false,7.5,oz,oz,oz,true,749,true,false,true,true,1,https://d2lnr5mha7bycj.cloudfront.net/product-image/file/large_7fe51a0d-6bbf-42ad-9e9b-6c792f9297a9.png,diet pepsi,Cola,Diet Pepsi Cola,17,12000173233,unit,4460,2026-04-14,2026-04-13
7,Ocean Spray Diet Cran Pineapple Juice Drink,Ocean Spray Bebida Diet de Jugo de Arándano y Piña,"Diet cranberry pineapple juice drink, zero sugar. 64 fl oz.","Bebida diet de jugo de arándano y piña, sin azúcar. 64 fl oz.",499,0,false,64,fl oz,fl oz,fl oz,true,449,true,false,true,true,1,https://d2lnr5mha7bycj.cloudfront.net/product-image/file/large_41faeae3-e6fa-49d9-ac5a-3eb78cb93b18.jpg,ocean spray,Fruit Juice,Ocean Spray Diet Cran Pineapple Juice Drink,110,3120002822,unit,1,2026-04-14,2026-04-13
7,"Twinings Flavoured Black Tea, Lady Grey, Tea Bags","Twinings Té Negro con Sabor, Lady Grey, Bolsas de Té",Lady Grey flavored black tea bags with citrus. 20 ct.,Bolsas de té negro Lady Grey con sabor cítrico. 20 ct.,599,0,false,20,ct,ct,ct,true,549,true,false,false,true,1,https://d2lnr5mha7bycj.cloudfront.net/product-image/file/large_da255459-8843-430d-b582-b2a11ff0f024.png,twinings,Leaf Tea,"Twinings Flavoured Black Tea, Lady Grey, Tea Bags",19,70177154004,unit,6017,2026-04-14,2026-04-13
7,"Dr. Brown’s Natural Flow Soda, Black Cherry, Diet","Dr. Brown's Soda Natural Flow, Sabor Cereza Negra, Diet","Diet black cherry soda, zero sugar. 67.6 fl oz bottle.","Soda diet sabor cereza negra, sin azúcar. Botella de 67.6 fl oz.",339,0,false,67.6,fl oz,fl oz,fl oz,true,233,true,false,true,true,1,https://d2lnr5mha7bycj.cloudfront.net/product-image/file/large_c9458a9a-ab5e-4a12-b62b-4226f98d15c8.png,dr. brown’s natural flow,Fruit Flavored Soda,"Dr. Brown’s Natural Flow Soda, Black Cherry, Diet",7,73970312046,unit,4460,2026-04-14,2026-04-13
7,"Lakewood Organic Beet, Ginger, Turmeric Juice","Lakewood Jugo Orgánico de Remolacha, Jengibre y Cúrcuma","Organic juice blend of beet, ginger, and turmeric. 32 fl oz.","Mezcla orgánica de jugo de remolacha, jengibre y cúrcuma. 32 fl oz.",899,0,false,32,fl oz,fl oz,fl oz,false,,true,false,false,true,1,https://d2lnr5mha7bycj.cloudfront.net/product-image/file/large_5790b9b5-5624-4d69-974d-4d9a4eef18f6.png,lakewood organic,Fruit and Vegetable Juice Blends,"Lakewood Organic Beet, Ginger, Turmeric Juice",3,42608459323,unit,6009,2026-04-14,2026-04-13
7,Campbell's 100% Tomato Juice,Campbell's Jugo 100% de Tomate,Pure 100% tomato juice in single-serve can. 5.5 fl oz.,Jugo 100% puro de tomate en lata individual. 5.5 fl oz.,449,0,false,5.5,fl oz,fl oz,fl oz,false,,true,false,false,true,1,https://d2lnr5mha7bycj.cloudfront.net/product-image/file/large_f2ef7c9a-e586-42bf-86de-29cf275fe41a.jpg,campbell's,Vegetable Juice,Campbell's 100% Tomato Juice,10,51000000071,unit,1,2026-04-14,2026-04-13
7,Mountain Dew Baja Blast Soda Pop,Mountain Dew Baja Blast Soda,"Tropical lime-flavored citrus soda, Baja Blast. 12 fl oz can.","Soda cítrica sabor lima tropical, Baja Blast. Lata de 12 fl oz.",1099,0,false,12,fl oz,fl oz,fl oz,false,,true,false,true,true,1,https://d2lnr5mha7bycj.cloudfront.net/product-image/file/large_1b407022-501a-47d2-968e-abffdeb1ff9c.png,mountain dew,Fruit Flavored Soda,Mountain Dew Baja Blast Soda Pop,8,12000130328,unit,4460,2026-04-14,2026-04-13
7,"Celestial Seasonings Herbal Tea, Caffeine Free, Jammin Lemon Ginger","Celestial Seasonings Té Herbal, Sin Cafeína, Jammin Limón y Jengibre","Caffeine-free herbal tea, lemon ginger flavor. 20 ct bags.","Té herbal sin cafeína, sabor limón y jengibre. 20 ct bolsas.",549,0,false,20,ct,ct,ct,false,,true,false,false,true,1,https://d2lnr5mha7bycj.cloudfront.net/product-image/file/large_c79b7f6d-59af-4e8b-846b-ba50bd6934d5.png,celestial seasonings,Leaf Tea,"Celestial Seasonings Herbal Tea, Caffeine Free, Jammin Lemon Ginger",20,70734523335,unit,1,2026-04-14,2026-04-13
7,Vita Coco Extra Coconut Water,Vita Coco Agua de Coco Extra,Extra-strength coconut water for maximum hydration. 16.9 fl oz.,Agua de coco extra fuerte para máxima hidratación. 16.9 fl oz.,369,0,false,16.9,fl oz,fl oz,fl oz,false,,true,false,false,true,1,https://d2lnr5mha7bycj.cloudfront.net/product-image/file/large_627e4bca-8261-4bfd-9fe0-aef91c27ff8a.png,vita coco,Coconut Water,Vita Coco Extra Coconut Water,8,898999010144,unit,6009,2026-04-14,2026-04-13
7,V8 High Fiber Original 100% Vegetable Juice,V8 Jugo 100% de Vegetales Original Alto en Fibra,High fiber vegetable juice blend of 8 vegetables. 46 fl oz.,"Jugo de vegetales alto en fibra, mezcla de 8 vegetales. 46 fl oz.",549,0,false,46,fl oz,fl oz,fl oz,false,,true,false,false,true,1,https://d2lnr5mha7bycj.cloudfront.net/product-image/file/large_9cdf378e-492f-47db-a57c-145f37c089d8.jpg,v8,Vegetable Juice,V8 High Fiber Original 100% Vegetable Juice,11,51000178619,unit,1,2026-04-14,2026-04-13
7,Chock full o'Nuts 100% Colombian Medium Ground Coffee,Chock full o'Nuts Café Molido 100% Colombiano Tostado Medio,100% Colombian medium roast ground coffee. 10.3 oz can.,Café molido 100% colombiano tostado medio. Lata de 10.3 oz.,899,0,false,10.3,oz,oz,oz,false,,true,false,false,true,1,https://d2lnr5mha7bycj.cloudfront.net/product-image/file/large_b72ea888-0a2f-4d4c-85d4-6710ae59ff9b.png,chock full o'nuts,Coffee Beans,Chock full o'Nuts 100% Colombian Medium Ground Coffee,12,71038000485,unit,1,2026-04-14,2026-04-13
7,V8 Orange Pineapple Flavored Beverage,V8 Bebida Sabor Naranja y Piña,"Fruit and vegetable juice blend, orange pineapple. 64 fl oz.","Mezcla de jugo de frutas y vegetales, naranja y piña. 64 fl oz.",399,0,false,64,fl oz,fl oz,fl oz,false,,true,false,true,true,1,https://d2lnr5mha7bycj.cloudfront.net/product-image/file/large_73bdffe9-e31c-4560-ae95-0338fc6d121d.jpg,v8,Fruit Juice,V8 Orange Pineapple Flavored Beverage,123,51000203496,unit,1,2026-04-14,2026-04-13
7,Libby's Pineapple Juice,Libby's Jugo de Piña,Pineapple juice in single-serve can. 10 fl oz.,Jugo de piña en lata individual. 10 fl oz.,799,0,false,10,fl oz,fl oz,fl oz,false,,true,false,false,true,1,https://d2lnr5mha7bycj.cloudfront.net/product-image/file/large_ade36765-36b5-4741-b86c-ce778134558f.png,libby's,Fruit Juice,Libby's Pineapple Juice,124,74584050102,unit,1,2026-04-14,2026-04-13
7,"Starbucks Chilled Coffee Drink, Caramel","Starbucks Bebida de Café Frío, Sabor Caramelo",Ready-to-drink chilled caramel coffee with milk. 9.5 fl oz.,"Bebida de café frío sabor caramelo con leche, lista para tomar. 9.5 fl oz.",369,0,false,9.5,fl oz,fl oz,fl oz,false,,true,false,false,true,1,https://d2lnr5mha7bycj.cloudfront.net/product-image/file/large_0fa1e8cc-8db0-4d76-a874-e3d0956fbaa5.png,starbucks,Coffee Drinks,"Starbucks Chilled Coffee Drink, Caramel",14,12000002717,unit,4460,2026-04-14,2026-04-13
7,NESCAFE Clásico CLÁSICO Dark Roast Instant Coffee,NESCAFE Clásico Café Instantáneo Tostado Oscuro,"Instant coffee, dark roast Clásico blend. 7 oz jar.","Café instantáneo, mezcla Clásico tostado oscuro. Frasco de 7 oz.",1599,0,false,7,oz,oz,oz,false,,true,false,false,true,1,https://d2lnr5mha7bycj.cloudfront.net/product-image/file/large_4bf67b91-a19b-43ce-82ae-8b6b1d73d792.jpg,nescafe,Instant Coffee,NESCAFE Clásico CLÁSICO Dark Roast Instant Coffee,5,28000466312,unit,1,2026-04-14,2026-04-13
7,Diet Coke Soda Bottle,Diet Coke Soda en Botella,Zero sugar diet cola soda. 2 L bottle.,Soda cola diet sin azúcar. Botella de 2 L.,339,0,false,2,l,l,l,false,,true,false,true,true,1,https://d2lnr5mha7bycj.cloudfront.net/product-image/file/large_b1035f01-f08a-4f3d-be9f-8bbeadc4bae8.jpg,diet coke,Cola,Diet Coke Soda Bottle,18,49000050110,unit,4070,2026-04-14,2026-04-13
7,SunnyD Orange Pineapple Juice Drink,SunnyD Bebida de Jugo de Naranja y Piña,Sweet orange pineapple juice drink. 64 oz bottle.,Bebida dulce de jugo de naranja y piña. Botella de 64 oz.,349,0,false,64,oz,oz,oz,false,,true,false,true,true,1,https://d2lnr5mha7bycj.cloudfront.net/product-image/file/large_fe5f31ee-0977-45fd-996e-14ab49051be8.jpg,sunnyd,Fruit Juice,SunnyD Orange Pineapple Juice Drink,127,50200556104,unit,3,2026-04-14,2026-04-13
7,Coca-Cola Cola,Coca-Cola Soda Cola,Classic Coca-Cola cola soda. 2 L bottle.,Soda cola Coca-Cola clásica. Botella de 2 L.,339,0,false,2,l,l,l,false,,true,false,true,true,1,https://d2lnr5mha7bycj.cloudfront.net/product-image/file/large_66a21ff4-7055-4178-a532-19ab3b6374cf.jpg,coca-cola,Cola,Coca-Cola Cola,19,49000050103,unit,4070,2026-04-14,2026-04-13
7,NESCAFE Café de Olla Cinnamon Flavored Instant Coffee,NESCAFE Café de Olla Café Instantáneo Sabor Canela,"Instant café de olla coffee with cinnamon, Mexican style. 6.7 oz.","Café instantáneo de olla con canela, estilo mexicano. 6.7 oz.",1499,0,false,6.7,oz,oz,oz,false,,true,false,false,true,1,https://d2lnr5mha7bycj.cloudfront.net/product-image/file/large_39177b15-890e-4e8d-b885-f4efdeceab2d.jpg,nescafe,Instant Coffee,NESCAFE Café de Olla Cinnamon Flavored Instant Coffee,7,28000714567,unit,1,2026-04-14,2026-04-13
7,Nestlé NESQUIK Chocolate Powder Drink Mix,Nestlé NESQUIK Mezcla en Polvo para Bebida de Chocolate,Chocolate powder drink mix for milk. 20.1 oz canister.,Mezcla en polvo de chocolate para leche. Envase de 20.1 oz.,999,0,false,20.1,oz,oz,oz,false,,true,false,false,true,1,https://d2lnr5mha7bycj.cloudfront.net/product-image/file/large_7b60c44e-24a6-40dc-8203-5081e05cdcbd.jpg,nestlé nesquik,Hot Cocoa Mix,Nestlé NESQUIK Chocolate Powder Drink Mix,9,28000428433,unit,1,2026-04-14,2026-04-13
7,Canada Dry Lemon Lime Sparkling Seltzer Water,Canada Dry Agua con Gas Sabor Limón,Lemon lime flavored sparkling seltzer water. 2 L bottle.,Agua con gas sabor limón. Botella de 2 L.,299,0,false,2,l,l,l,true,200,true,false,true,true,1,https://d2lnr5mha7bycj.cloudfront.net/product-image/file/large_794c7db7-1f8d-4e5f-bf92-d9169f08f7d5.jpg,canada dry,Sparkling Water,Canada Dry Lemon Lime Sparkling Seltzer Water,96,78000165463,unit,4666,2026-04-14,2026-04-13
7,Ovaltine Rich Chocolate Powdered Drink Mix Canister,Ovaltine Mezcla en Polvo de Chocolate Rico para Bebida,Rich chocolate powdered drink mix with vitamins for milk.,Mezcla en polvo de chocolate rico con vitaminas para leche.,749,0,false,,,,,false,,true,false,false,true,1,https://d2lnr5mha7bycj.cloudfront.net/product-image/file/large_a62114ca-b4f4-4801-b068-d40c0b94575b.jpg,ovaltine,Hot Cocoa Mix,Ovaltine Rich Chocolate Powdered Drink Mix Canister,10,751746032120,unit,1,2026-04-14,2026-04-13
7,Canada Dry Caffeine Free Ginger Ale,Canada Dry Ginger Ale Sin Cafeína,Caffeine-free classic ginger ale soda. 2 L bottle.,Soda ginger ale clásica sin cafeína. Botella de 2 L.,299,0,false,2,l,l,l,true,200,true,false,true,true,1,https://d2lnr5mha7bycj.cloudfront.net/product-image/file/large_997cb076-0a7b-48e3-a6c2-4780414cb146.jpg,canada dry,Ginger Ale,Canada Dry Caffeine Free Ginger Ale,15,78000152463,unit,4666,2026-04-14,2026-04-13
7,Diet Coke Cola,Diet Coke Cola,Zero sugar diet cola soda. 1.25 L bottle.,Soda cola diet sin azúcar. Botella de 1.25 L.,219,0,false,1.25,l,l,l,true,179,true,false,true,true,1,https://d2lnr5mha7bycj.cloudfront.net/product-image/file/large_5477771c-06b3-481a-8b03-12e4cab3639c.jpg,diet coke,Cola,Diet Coke Cola,21,49000055399,unit,4070,2026-04-14,2026-04-13
7,"Dole 100% Juice, Pineapple",Dole Jugo 100% de Piña,Pure 100% pineapple juice in can. 46 fl oz.,Jugo 100% puro de piña en lata. 46 fl oz.,549,0,false,46,fl oz,fl oz,fl oz,false,,true,false,false,true,1,https://d2lnr5mha7bycj.cloudfront.net/product-image/file/large_e5fd3ba5-113c-4346-ae3c-63b352df922e.png,dole,Fruit Juice,"Dole 100% Juice, Pineapple",130,38900008185,unit,1,2026-04-14,2026-04-13
7,"Goya Nectar, Mango","Goya Néctar, Sabor Mango",Sweet mango nectar drink. 33.8 fl oz bottle.,Bebida dulce de néctar de mango. Botella de 33.8 fl oz.,319,0,false,33.8,fl oz,fl oz,fl oz,false,,true,false,true,true,1,https://d2lnr5mha7bycj.cloudfront.net/product-image/file/large_2d500d35-fa34-49a5-a1f5-5fc6fad9259a.png,goya,Fruit Juice,"Goya Nectar, Mango",131,41331028097,unit,5600,2026-04-14,2026-04-13
7,Kool-Aid Sugar-Sweetened Cherry Artificially Flavored Powdered Soft Drink Mix,Kool-Aid Mezcla en Polvo Endulzada con Azúcar Sabor Artificial Cereza,"Sweetened powdered drink mix, cherry flavor. 19 oz canister.","Mezcla en polvo endulzada para bebida, sabor cereza. Envase de 19 oz.",649,0,false,19,oz,oz,oz,false,,true,false,true,true,1,https://d2lnr5mha7bycj.cloudfront.net/product-image/file/large_12114722-0040-438c-ad53-ca9765eccd80.jpg,kool-aid,Powdered Drink Mix,Kool-Aid Sugar-Sweetened Cherry Artificially Flavored Powdered Soft Drink Mix,14,43000953532,unit,1,2026-04-14,2026-04-13
7,Dunkin' Decaf Medium Roast Ground Coffee,Dunkin' Café Molido Descafeinado Tostado Medio,Decaffeinated medium roast ground coffee. 12 oz bag.,Café molido descafeinado tostado medio. Bolsa de 12 oz.,1899,0,false,12,oz,oz,oz,false,,true,false,false,true,1,https://d2lnr5mha7bycj.cloudfront.net/product-image/file/large_043163db-d05e-4761-bdf7-e4ab9f7724e9.jpg,dunkin',Coffee Beans,Dunkin' Decaf Medium Roast Ground Coffee,14,881334000481,unit,1,2026-04-14,2026-04-13
7,Chock full o'Nuts Heavenly Coffee Original Medium Roast Ground Coffee,Chock full o'Nuts Café Molido Original Tostado Medio,Original medium roast ground coffee. 11.3 oz can.,Café molido original tostado medio. Lata de 11.3 oz.,999,0,false,11.3,oz,oz,oz,false,,true,false,false,true,1,https://d2lnr5mha7bycj.cloudfront.net/product-image/file/large_888e2065-e973-4c08-b695-fc7aca30b738.png,chock full o'nuts,Coffee Beans,Chock full o'Nuts Heavenly Coffee Original Medium Roast Ground Coffee,15,71038000478,unit,1,2026-04-14,2026-04-13
7,"Jarritos Soda, Mandarin","Jarritos Soda, Sabor Mandarina",Mexican mandarin-flavored soda in glass bottle. 12.5 fl oz.,Soda mexicana sabor mandarina en botella de vidrio. 12.5 fl oz.,199,0,false,12.5,fl oz,fl oz,fl oz,false,,true,false,true,true,1,https://d2lnr5mha7bycj.cloudfront.net/product-image/file/large_884f4f36-141c-42f7-aa12-dbe6aeaa2826.png,jarritos,Fruit Flavored Soda,"Jarritos Soda, Mandarin",15,90478410012,unit,1,2026-04-14,2026-04-13
7,Fanta De Mexico Orange Soda,Fanta De Mexico Soda de Naranja,Mexican Fanta orange soda in glass bottle. 355 ml.,Soda Fanta mexicana de naranja en botella de vidrio. 355 ml.,229,0,false,355,ml,ml,ml,false,,true,false,true,true,1,https://d2lnr5mha7bycj.cloudfront.net/product-image/file/large_48c0a23c-03da-4321-8a66-12cf09c028a0.jpg,fanta,Fruit Flavored Soda,Fanta De Mexico Orange Soda,16,49000047844,unit,4070,2026-04-14,2026-04-13
7,"Choice Organics English Breakfast Black Tea, Robust & Rich, Contains Caffeine, Organic Tea Bags","Choice Organics Té Negro English Breakfast, Robusto y Rico, Con Cafeína, Bolsas de Té Orgánico",Organic English Breakfast black tea bags with caffeine. 16 ct.,Bolsas de té negro English Breakfast orgánico con cafeína. 16 ct.,599,0,false,16,ct,ct,ct,true,449,true,false,false,true,1,https://d2lnr5mha7bycj.cloudfront.net/product-image/file/large_5555dd57-4f8d-4fc8-8b4e-d68d53e538fc.png,choice organics,Leaf Tea,"Choice Organics English Breakfast Black Tea, Robust & Rich, Contains Caffeine, Organic Tea Bags",32,47445919511,unit,6009,2026-04-14,2026-04-13
7,Abuelita Authentic Mexican Hot Chocolate Granulated Mix,Abuelita Mezcla Granulada Auténtica de Chocolate Caliente Mexicano,Granulated Mexican hot chocolate mix with cinnamon. 11.2 oz.,Mezcla granulada de chocolate caliente mexicano con canela. 11.2 oz.,599,0,false,11.2,oz,oz,oz,false,,true,false,false,true,1,https://d2lnr5mha7bycj.cloudfront.net/product-image/file/large_d4680c09-6d5c-48c0-bcba-99f63cb6020a.png,abuelita,Hot Cocoa Mix,Abuelita Authentic Mexican Hot Chocolate Granulated Mix,11,28000299781,unit,1,2026-04-14,2026-04-13
7,Ovaltine Chocolate Malt Milk Mix,Ovaltine Mezcla de Malta con Chocolate para Leche,Chocolate malt drink mix with vitamins for milk. 12 oz.,Mezcla de malta con chocolate y vitaminas para leche. 12 oz.,799,0,false,12,oz,oz,oz,false,,true,false,false,true,1,https://d2lnr5mha7bycj.cloudfront.net/product-image/file/large_7418f1e4-1077-4652-a539-938bf1d8ccd7.png,ovaltine,Hot Cocoa Mix,Ovaltine Chocolate Malt Milk Mix,12,751746033615,unit,1,2026-04-14,2026-04-13
7,Café Bustelo Roast & Ground Coffee,Café Bustelo Café Tostado y Molido,Dark roast ground espresso coffee for stovetop greca. 6 oz.,Café espresso molido tostado oscuro para greca. 6 oz.,599,0,false,6,oz,oz,oz,false,,true,false,false,true,1,https://d2lnr5mha7bycj.cloudfront.net/product-image/file/large_79066da1-917f-40c4-aa7a-352e23c963c9.jpg,café bustelo,Coffee Beans,Café Bustelo Roast & Ground Coffee,16,74471017102,unit,1,2026-04-14,2026-04-13
7,Tetley Classic Decaf Decaffeinated Black Tea Bags,Tetley Bolsas de Té Negro Clásico Descafeinado,Decaffeinated classic black tea bags for everyday. 4.87 oz.,Bolsas de té negro clásico descafeinado para todos los días. 4.87 oz.,549,0,false,4.87,oz,oz,oz,true,469,true,false,false,true,1,https://d2lnr5mha7bycj.cloudfront.net/product-image/file/large_b5aae62b-138e-4640-9f61-e7bc64a39ffc.png,tetley,Leaf Tea,Tetley Classic Decaf Decaffeinated Black Tea Bags,35,1115605080,unit,1,2026-04-14,2026-04-13
7,Coca Cola Zero Sugar Soda Bottle,Coca Cola Zero Sugar Soda en Botella,Zero sugar Coca-Cola cola soda. 1.25 L bottle.,Soda cola Coca-Cola sin azúcar. Botella de 1.25 L.,219,0,false,1.25,l,l,l,true,179,true,false,true,true,1,https://d2lnr5mha7bycj.cloudfront.net/product-image/file/large_8f75fc0e-7d9d-4dc9-804d-73533df6ffcb.jpg,coca cola zero sugar,Cola,Coca Cola Zero Sugar Soda Bottle,23,49000055412,unit,4070,2026-04-14,2026-04-13
7,Fanta Pineapple Soda Fridge Pack Cans,Fanta Soda de Piña en Paquete de Latas para Nevera,"Pineapple-flavored soda, pineapple flavor. 12 fl oz cans.",Soda sabor piña en paquete de latas. 12 fl oz cada lata.,1099,0,false,12,fl oz,fl oz,fl oz,true,799,true,false,true,true,1,https://d2lnr5mha7bycj.cloudfront.net/product-image/file/large_cd8318df-e9f9-4f1b-827b-3dc97a91fdf4.jpg,fanta,Fruit Flavored Soda,Fanta Pineapple Soda Fridge Pack Cans,17,49000030761,unit,4070,2026-04-14,2026-04-13
7,Pepsi Cola Soda,Pepsi Soda Cola,Classic Pepsi cola soda. 1.25 L bottle.,Soda cola Pepsi clásica. Botella de 1.25 L.,179,0,false,1.25,l,l,l,false,,true,false,true,true,1,https://d2lnr5mha7bycj.cloudfront.net/product-image/file/large_9099cadb-861d-445a-bc4c-ad074648b2a7.png,pepsi,Cola,Pepsi Cola Soda,24,12000140921,unit,4460,2026-04-14,2026-04-13
7,Best Yet Prune Juice,Best Yet Jugo de Ciruela Pasa,Prune juice for digestive health. 32 fl oz bottle.,Jugo de ciruela pasa para salud digestiva. Botella de 32 fl oz.,449,0,false,32,fl oz,fl oz,fl oz,false,,true,false,false,true,1,https://d2lnr5mha7bycj.cloudfront.net/product-image/file/large_6815930d-3640-43e7-8096-59e62f71c285.jpg,best yet,Fruit Juice,Best Yet Prune Juice,140,42187404127,unit,1,2026-04-14,2026-04-13
7,"Bragg Apple Cider Vinegar Beverage, Honey & Green Tea, Organic","Bragg Bebida de Vinagre de Manzana, Miel y Té Verde, Orgánica",Organic apple cider vinegar drink with honey and green tea. 16 fl oz.,Bebida orgánica de vinagre de manzana con miel y té verde. 16 fl oz.,439,0,false,16,fl oz,fl oz,fl oz,false,,true,false,true,true,1,https://d2lnr5mha7bycj.cloudfront.net/product-image/file/large_254dcbc6-1442-4a8f-aaf8-5c3757939a3a.png,bragg,Beverages,"Bragg Apple Cider Vinegar Beverage, Honey & Green Tea, Organic",70,74305050169,unit,6009,2026-04-14,2026-04-13
7,Sprite Lemon-Lime Caffeine Free Soda Bottle,Sprite Soda Sabor Limón Sin Cafeína en Botella,Lemon-lime caffeine-free soda. 2 L bottle.,Soda sabor limón sin cafeína. Botella de 2 L.,339,0,false,2,l,l,l,false,,true,false,true,true,1,https://d2lnr5mha7bycj.cloudfront.net/product-image/file/large_303cd76d-4dcb-4bbb-886a-b12f98fc3504.jpg,sprite,Lemon & Lime Soda,Sprite Lemon-Lime Caffeine Free Soda Bottle,8,49000050158,unit,4070,2026-04-14,2026-04-13
7,Gatorade Fruit Punch Flavored Thirst Quencher,Gatorade Bebida Deportiva Sabor Ponche de Frutas,Fruit punch-flavored sports drink with electrolytes. 20 fl oz.,Bebida deportiva sabor ponche de frutas con electrolitos. 20 fl oz.,199,0,false,20,fl oz,fl oz,fl oz,false,,true,false,true,true,1,https://d2lnr5mha7bycj.cloudfront.net/product-image/file/large_8cf91134-a210-40c2-84fe-bb8c0b6222c1.png,gatorade,Beverages,Gatorade Fruit Punch Flavored Thirst Quencher,71,52000328660,unit,4460,2026-04-14,2026-04-13
7,"Schweppes Ginger Ale, Caffeine Free","Schweppes Ginger Ale, Sin Cafeína",Classic caffeine-free ginger ale soda. 42.2 fl oz bottle.,Soda ginger ale clásica sin cafeína. Botella de 42.2 fl oz.,179,0,false,42.2,fl oz,fl oz,fl oz,false,,true,false,true,true,1,https://d2lnr5mha7bycj.cloudfront.net/product-image/file/large_d2239c1a-8742-4156-a0a7-91ff29dc6228.png,schweppes,Ginger Ale,"Schweppes Ginger Ale, Caffeine Free",19,78000026399,unit,4460,2026-04-14,2026-04-13
7,"Choice Organics Earl Grey Black Tea, Bold & Citrusy, Contains Caffeine, Organic Tea Bags","Choice Organics Té Negro Earl Grey, Intenso y Cítrico, Con Cafeína, Bolsas de Té Orgánico",Organic Earl Grey black tea with bergamot citrus. 16 ct bags.,Té negro Earl Grey orgánico con cítrico de bergamota. 16 ct bolsas.,599,0,false,16,ct,ct,ct,true,449,true,false,false,true,1,https://d2lnr5mha7bycj.cloudfront.net/product-image/file/large_0d40d855-0ec5-41e1-94b9-66a2325e0dc3.png,choice organics,Leaf Tea,"Choice Organics Earl Grey Black Tea, Bold & Citrusy, Contains Caffeine, Organic Tea Bags",47,47445919719,unit,6009,2026-04-14,2026-04-13
7,7UP Lemon Lime Soda,7UP Soda Sabor Limón,Classic lemon-lime caffeine-free soda. 7.5 fl oz mini can.,Soda clásica sabor limón sin cafeína. Mini lata de 7.5 fl oz.,649,0,false,7.5,fl oz,fl oz,fl oz,false,,true,false,true,true,1,https://d2lnr5mha7bycj.cloudfront.net/product-image/file/large_83b69e6f-736a-4629-92dd-95513214db64.jpg,7up,Lemon & Lime Soda,7UP Lemon Lime Soda,9,78000001808,unit,4666,2026-04-14,2026-04-13
7,Maxwell House French Roast Dark Roast Ground Coffee,Maxwell House Café Molido French Roast Tostado Oscuro,French roast dark roast ground coffee. 11 oz can.,Café molido French roast tostado oscuro. Lata de 11 oz.,1299,0,false,11,oz,oz,oz,false,,true,false,false,true,1,https://d2lnr5mha7bycj.cloudfront.net/product-image/file/large_2de89eaf-5cee-40a9-bdc9-c3b224f942f6.jpg,maxwell house,Coffee Beans,Maxwell House French Roast Dark Roast Ground Coffee,21,43000029244,unit,1,2026-04-14,2026-04-13
7,FIJI Natural Artesian Bottled Water,FIJI Agua Artesiana Natural Embotellada,Natural artesian bottled water from Fiji. 16.9 fl oz.,Agua artesiana natural embotellada de Fiji. 16.9 fl oz.,149,0,false,16.9,fl oz,fl oz,fl oz,false,,true,false,true,true,1,https://d2lnr5mha7bycj.cloudfront.net/product-image/file/large_39d5f268-bb64-438b-a14a-ac96e033cd60.png,fiji,Still Water,FIJI Natural Artesian Bottled Water,45,632565000012,unit,1,2026-04-14,2026-04-13
7,"Folgers Classic Decaf Instant Coffee Crystals Packets, 6 Count","Folgers Sobres de Cristales de Café Instantáneo Clásico Descafeinado, 6 Count",Decaffeinated instant coffee single serve packets. 6 ct.,Café instantáneo descafeinado en sobres individuales. 6 ct.,199,0,false,6,ct,ct,ct,false,,true,false,false,true,1,https://d2lnr5mha7bycj.cloudfront.net/product-image/file/large_9ac805d3-1a87-48d0-b02e-8f5895084593.jpg,folgers,Instant Coffee,Folgers Classic Decaf Instant Coffee Crystals Packets,10,25500201702,unit,1,2026-04-14,2026-04-13
7,Hal's New York 0 Calories Black Cherry Seltzer Water,Hal's New York Agua con Gas Sabor Cereza Negra 0 Calorías,Zero calorie black cherry sparkling seltzer water. 20 fl oz.,"Agua con gas sabor cereza negra, cero calorías. 20 fl oz.",129,0,false,20,fl oz,fl oz,fl oz,false,,true,false,true,true,1,https://d2lnr5mha7bycj.cloudfront.net/product-image/file/large_e03c351a-7412-4dbb-bda1-5518f6a1beec.png,hal's new york,Sparkling Water,Hal's New York 0 Calories Black Cherry Seltzer Water,110,855036005037,unit,4025,2026-04-14,2026-04-13
7,Best Yet Mandarin Orange Seltzer,Best Yet Agua con Gas Sabor Mandarina,Mandarin orange flavored sparkling seltzer water. 33.8 fl oz.,Agua con gas sabor mandarina. 33.8 fl oz.,99,0,false,33.8,fl oz,fl oz,fl oz,false,,true,false,true,true,1,https://d2lnr5mha7bycj.cloudfront.net/product-image/file/large_3218e2c0-6cb1-42ee-b376-a3d7e738dbde.png,best yet,Sparkling Water,Best Yet Mandarin Orange Seltzer,111,42187530277,unit,1,2026-04-14,2026-04-13
7,Celestial Seasonings Zinger Tangerine Orange Caffeine Free Herbal Tea,Celestial Seasonings Té Herbal Zinger Sabor Mandarina y Naranja Sin Cafeína,"Caffeine-free herbal tea, tangerine orange Zinger. 20 ct bags.","Té herbal sin cafeína, Zinger mandarina y naranja. 20 ct bolsas.",499,0,false,20,ct,ct,ct,false,,true,false,false,true,1,https://d2lnr5mha7bycj.cloudfront.net/product-image/file/large_bd33075a-3930-44c7-8a05-873a75b028d3.png,celestial seasonings,Leaf Tea,Celestial Seasonings Zinger Tangerine Orange Caffeine Free Herbal Tea,56,70734053184,unit,6017,2026-04-14,2026-04-13
7,Clamato Original Tomato Cocktail,Clamato Cóctel de Tomate Original,Tomato and clam juice cocktail for micheladas and cooking. 32 fl oz.,Cóctel de jugo de tomate y almeja para micheladas y cocina. 32 fl oz.,459,0,false,32,fl oz,fl oz,fl oz,false,,true,false,false,true,1,https://d2lnr5mha7bycj.cloudfront.net/product-image/file/large_421f2621-9da9-4eff-8085-32582633e94b.jpg,clamato,Vegetable Juice,Clamato Original Tomato Cocktail,12,14800513240,unit,1,2026-04-14,2026-04-13
7,"Ralph & Charlies Juice Drink, Blended, Green Apple, Kiwi, Pineapple","Ralph & Charlies Bebida de Jugo Mezclado, Manzana Verde, Kiwi y Piña","Blended juice drink of green apple, kiwi, and pineapple. 18 fl oz.","Bebida de jugo mezclado de manzana verde, kiwi y piña. 18 fl oz.",249,0,false,18,fl oz,fl oz,fl oz,false,,true,false,true,true,1,https://d2lnr5mha7bycj.cloudfront.net/product-image/file/large_f80a44d7-f058-43b0-b54a-91845dc93bc0.png,ralph & charlies,Fruit Juice,"Ralph & Charlies Juice Drink, Blended, Green Apple, Kiwi, Pineapple",147,894604002030,unit,4809,2026-04-14,2026-04-13
7,"Aloevine Aloe Vera Drink, Pineapple, Refreshing","Aloevine Bebida de Sábila, Sabor Piña, Refrescante",Refreshing aloe vera drink with pineapple flavor. 50.7 fl oz.,Bebida refrescante de sábila con sabor a piña. 50.7 fl oz.,549,0,false,50.7,fl oz,fl oz,fl oz,false,,true,false,true,true,1,https://d2lnr5mha7bycj.cloudfront.net/product-image/file/large_ad7dfcde-c6ac-4d31-b1c7-784e01840744.png,aloevine,Aloe Vera Juice,"Aloevine Aloe Vera Drink, Pineapple, Refreshing",4,896650001500,unit,4,2026-04-14,2026-04-13
7,7UP Cherry Flavored Soda,7UP Soda Sabor Cereza,Cherry-flavored lemon-lime caffeine-free soda. 2 L bottle.,Soda sabor cereza con limón sin cafeína. Botella de 2 L.,299,0,false,2,l,l,l,true,200,true,false,true,true,1,https://d2lnr5mha7bycj.cloudfront.net/product-image/file/large_fc12f8c7-5e20-42ec-8bc9-cea649ec2376.jpg,7up,Fruit Flavored Soda,7UP Cherry Flavored Soda,21,78000005318,unit,4666,2026-04-14,2026-04-13
7,Best Yet Ginger Ale,Best Yet Ginger Ale,"Ginger-flavored soda, 2 L bottle.","Refresco sabor jengibre, botella de 2 L.",149,0,false,2,l,l,l,false,,true,false,true,true,1,https://d2lnr5mha7bycj.cloudfront.net/product-image/file/large_c2364d4a-83f3-4ab2-b2a7-54ad8843644f.png,best yet,Ginger Ale,Best Yet Ginger Ale,23,42187409337,unit,1,2026-04-14,2026-04-13
7,Best Yet Hot Cocoa Sugar Free,Best Yet Chocolate Caliente Sin Azúcar,"Sugar-free hot cocoa mix, 4.24 oz.","Mezcla para chocolate caliente sin azúcar, 4.24 oz.",299,0,false,4.24,oz,oz,oz,false,,true,false,false,true,1,https://d2lnr5mha7bycj.cloudfront.net/product-image/file/large_d8d89873-8318-499f-bf4e-aee2160edae9.png,best yet,Hot Cocoa Mix,Best Yet Hot Cocoa Sugar Free,16,42187407395,unit,1,2026-04-14,2026-04-13
7,Fanta Pineapple Soda,Fanta Refresco de Piña,"Pineapple-flavored soda, 2 L bottle.","Refresco sabor piña, botella de 2 L.",329,0,false,2,l,l,l,true,250,true,false,true,true,1,https://d2lnr5mha7bycj.cloudfront.net/product-image/file/large_79db64fc-ce9a-4fc3-a1f5-63f5a54a86e0.jpg,fanta,Fruit Flavored Soda,Fanta Pineapple Soda,22,49000050264,unit,4070,2026-04-14,2026-04-13
7,Seagram's Ginger Ale Soda Soft Drink,Seagram's Refresco Ginger Ale,"Ginger ale soft drink, 2 L bottle.","Refresco de jengibre, botella de 2 L.",329,0,false,2,l,l,l,true,250,true,false,true,true,1,https://d2lnr5mha7bycj.cloudfront.net/product-image/file/large_9fba0430-269b-4edc-a1a4-97d353bb8d0f.jpg,seagram's,Ginger Ale,Seagram's Ginger Ale Soda Soft Drink,24,72979004181,unit,4070,2026-04-14,2026-04-13
7,Tetley Classic Blend Rich Black Tea Bags,Tetley Té Negro Mezcla Clásica,"Classic black tea bags, 100 ct box.","Bolsitas de té negro clásico, caja de 100 ct.",549,0,false,100,ct,ct,ct,true,469,true,false,false,true,1,https://d2lnr5mha7bycj.cloudfront.net/product-image/file/large_d3a827ed-9685-4028-aeb1-1f98f60dd54f.png,tetley,Leaf Tea,Tetley Classic Blend Rich Black Tea Bags,67,1115605075,unit,1,2026-04-14,2026-04-13
7,Schweppes Original Sparkling Water Beverage Lemon Lime,Schweppes Agua con Gas Limón,"Sparkling water with lemon-lime flavor, 33.8 fl oz.","Agua con gas sabor limón, 33.8 fl oz.",199,0,false,33.8,fl oz,fl oz,fl oz,false,,true,false,true,true,1,https://d2lnr5mha7bycj.cloudfront.net/product-image/file/large_dc859afb-aba6-4990-9b14-ca420cb0ce7b.png,schweppes,Sparkling Water,Schweppes Original Sparkling Water Beverage Lemon Lime,112,78000209457,unit,4460,2026-04-14,2026-04-13
7,Welch's Concord Grape Juice,Welch's Jugo de Uva Concord,"100% Concord grape juice, 46 fl oz bottle.","Jugo 100% de uva Concord, botella de 46 fl oz.",449,0,false,46,fl oz,fl oz,fl oz,false,,true,false,false,true,1,https://d2lnr5mha7bycj.cloudfront.net/product-image/file/large_f2191f8d-f126-4dea-ae26-09a974ff04ec.jpg,welch's,Fruit Juice,Welch's Concord Grape Juice,154,41800218004,unit,1,2026-04-14,2026-04-13
7,Foodtown Colombian Coffee,Foodtown Café Colombiano,"Ground Colombian coffee, 10.5 oz can.","Café colombiano molido, lata de 10.5 oz.",999,0,false,10.5,oz,oz,oz,true,799,true,false,false,true,1,https://d2lnr5mha7bycj.cloudfront.net/product-image/file/large_9c097ae6-0400-46e2-a559-568322ef633f.png,foodtown,Coffee Beans,Foodtown Colombian Coffee,26,11153047415,unit,1,2026-04-14,2026-04-13
7,"Canada Dry Zero Sugar Ginger Ale Soda, 2 L bottle","Canada Dry Ginger Ale Sin Azúcar, botella 2 L","Zero-sugar ginger ale, 2 L bottle.","Refresco de jengibre sin azúcar, botella de 2 L.",299,0,false,2,l,l,l,true,200,true,false,true,true,1,https://d2lnr5mha7bycj.cloudfront.net/product-image/file/large_a393ad8e-9c91-4e4b-b0b4-85044275d5ac.jpg,canada dry,Ginger Ale,Canada Dry Zero Sugar Ginger Ale Soda bottle,27,78000148466,unit,4666,2026-04-14,2026-04-13
7,Simply Apple Juice,Simply Jugo de Manzana,"Not-from-concentrate apple juice, 11.5 fl oz.","Jugo de manzana sin concentrado, 11.5 fl oz.",259,0,false,11.5,fl oz,fl oz,fl oz,false,,true,false,true,true,1,https://d2lnr5mha7bycj.cloudfront.net/product-image/file/large_d0b875aa-8ad4-4012-8748-26fb6bbbdc9a.jpg,simply,Fruit Juice,Simply Apple Juice,162,25000000294,unit,3,2026-04-14,2026-04-13
7,Hal's New York 0 Calories Lime Seltzer Water,Hal's New York Agua Mineral de Limón Sin Calorías,"Zero-calorie lime seltzer water, 20 fl oz.","Agua mineral sabor limón sin calorías, 20 fl oz.",129,0,false,20,fl oz,fl oz,fl oz,false,,true,false,true,true,1,https://d2lnr5mha7bycj.cloudfront.net/product-image/file/large_a6934539-def3-406d-80bb-86ea42bd0927.png,hal's new york,Sparkling Water,Hal's New York 0 Calories Lime Seltzer Water,115,855036005013,unit,4025,2026-04-14,2026-04-13
7,Coca Cola Zero Sugar Diet Soda Soft Drink,Coca Cola Zero Sugar Refresco Dietético,"Zero-sugar cola soft drink, 2 L bottle.","Refresco de cola sin azúcar, botella de 2 L.",339,0,false,2,l,l,l,false,,true,false,true,true,1,https://d2lnr5mha7bycj.cloudfront.net/product-image/file/large_2b855144-e47e-468b-8c83-e318376f5f2c.jpg,coca cola zero sugar,Cola,Coca Cola Zero Sugar Diet Soda Soft Drink,35,49000050141,unit,4070,2026-04-14,2026-04-13
7,"New England Coffee Coffee, 100% Arabica, Freshly Ground, Medium Roast, Colombian Supremo",New England Coffee Café Colombiano Supremo Tostado Medio,"Ground 100% Arabica Colombian coffee, medium roast, 11 oz.","Café 100% arábica colombiano molido, tostado medio, 11 oz.",1699,0,false,11,oz,oz,oz,true,1199,true,false,false,true,1,https://d2lnr5mha7bycj.cloudfront.net/product-image/file/large_6fe76895-48f1-4a95-bbda-415d772cc61f.png,new england coffee,Coffee Beans,"New England Coffee Coffee, 100% Arabica, Freshly Ground, Medium Roast, Colombian Supremo",29,78778000010,unit,1,2026-04-14,2026-04-13
7,Nestlé NESQUIK Chocolate Powder Drink Mix,Nestlé NESQUIK Polvo Sabor Chocolate,"Chocolate powder drink mix for milk, 10 oz.","Polvo sabor chocolate para mezclar con leche, 10 oz.",549,0,false,10,oz,oz,oz,false,,true,false,false,true,1,https://d2lnr5mha7bycj.cloudfront.net/product-image/file/large_7a1266d3-1663-400e-955b-0da53be1b5a4.png,nestlé nesquik,Powdered Drink Mix,Nestlé NESQUIK Chocolate Powder Drink Mix,18,28000537838,unit,1,2026-04-14,2026-04-13
7,NESCAFÉ House Blend Medium Light Roast Instant Coffee,NESCAFÉ Café Instantáneo House Blend Tostado Medio,"Instant coffee, medium-light roast, single-serve stick.","Café instantáneo, tostado medio-claro, sobre individual.",699,0,false,0.1,oz,oz,oz,false,,true,false,false,true,1,https://d2lnr5mha7bycj.cloudfront.net/product-image/file/large_9c04cd97-33a3-4a5a-a820-71239839b661.jpg,nescafé,Instant Coffee,NESCAFÉ House Blend Medium Light Roast Instant Coffee,11,28000650858,unit,1,2026-04-14,2026-04-13
7,"Schweppes Sparkling Seltzer Water, Black Cherry",Schweppes Agua Mineral Cereza Negra,"Sparkling seltzer water, black cherry flavor, 33.8 oz.","Agua mineral con gas sabor cereza negra, 33.8 oz.",199,0,false,33.8,oz,oz,oz,false,,true,false,true,true,1,https://d2lnr5mha7bycj.cloudfront.net/product-image/file/large_0b27593a-395e-448c-a2fe-5c50bccf81bb.png,schweppes,Sparkling Water,"Schweppes Sparkling Seltzer Water, Black Cherry",116,78000202458,unit,4460,2026-04-14,2026-04-13
7,A&W Root Beer Zero Sugar,A&W Root Beer Sin Azúcar,"Zero-sugar root beer soda, 2 L bottle.","Refresco root beer sin azúcar, botella de 2 L.",299,0,false,2,l,l,l,true,200,true,false,true,true,1,https://d2lnr5mha7bycj.cloudfront.net/product-image/file/large_6162cda5-ea1f-468d-9adb-a7c05bebe721.jpg,a&w,Root Beer,A&W Root Beer Zero Sugar,6,78000053463,unit,4666,2026-04-14,2026-04-13
7,Sprite Lemon-Lime Caffeine Free Soda Bottle,Sprite Refresco de Limón Sin Cafeína,"Lemon-lime caffeine-free soda, 1.25 L bottle.","Refresco de limón sin cafeína, botella de 1.25 L.",219,0,false,1.25,l,l,l,true,179,true,false,true,true,1,https://d2lnr5mha7bycj.cloudfront.net/product-image/file/large_381894e6-8f82-4ecd-acde-bc27c03a2f2b.jpg,sprite,Lemon & Lime Soda,Sprite Lemon-Lime Caffeine Free Soda Bottle,13,49000055450,unit,4070,2026-04-14,2026-04-13
7,"7UP Soda, Zero Sugar, Lemon Lime",7UP Refresco de Limón Sin Azúcar,"Zero-sugar lemon-lime soda, 2 L bottle.","Refresco de limón sin azúcar, botella de 2 L.",299,0,false,2,l,l,l,true,200,true,false,true,true,1,https://d2lnr5mha7bycj.cloudfront.net/product-image/file/large_5e814309-a9f0-444e-8bd2-a2bacd4e2ef4.jpg,7up,Lemon & Lime Soda,"7UP Soda, Zero Sugar, Lemon Lime",14,78000000757,unit,4666,2026-04-14,2026-04-13
7,Juicy Juice 100% Juice Orange Tangerine,Juicy Juice Jugo 100% Naranja y Mandarina,"100% orange tangerine juice, 64 fl oz bottle.","Jugo 100% naranja y mandarina, botella de 64 fl oz.",599,0,false,64,fl oz,fl oz,fl oz,false,,true,true,false,true,1,https://d2lnr5mha7bycj.cloudfront.net/product-image/file/large_f96cded0-23dc-4fd6-a5c1-df6dc6f41f61.jpg,juicy juice,Fruit Juice,Juicy Juice 100% Juice Orange Tangerine,167,889497295058,unit,1,2026-04-14,2026-04-13
7,Maxwell House The Original Roast Instant Coffee,Maxwell House Café Instantáneo Tostado Original,"Instant coffee, original roast, 8 oz jar.","Café instantáneo, tostado original, frasco de 8 oz.",1399,0,false,8,oz,oz,oz,false,,true,false,false,true,1,https://d2lnr5mha7bycj.cloudfront.net/product-image/file/large_abed7c29-cc8f-4bf7-b145-20ddc047d6a8.jpg,maxwell house,Instant Coffee,Maxwell House The Original Roast Instant Coffee,12,43000794609,unit,1,2026-04-14,2026-04-13
7,Foodtown Classic Regular Ground Coffee,Foodtown Café Molido Clásico,"Classic ground coffee, 11.5 oz can.","Café molido clásico, lata de 11.5 oz.",899,0,false,11.5,oz,oz,oz,true,599,true,false,false,true,1,https://d2lnr5mha7bycj.cloudfront.net/product-image/file/large_c2802cab-2eb4-4b2f-825f-9adcc4ac2044.png,foodtown,Coffee Beans,Foodtown Classic Regular Ground Coffee,33,11153047491,unit,1,2026-04-14,2026-04-13
7,"New England Coffee Coffee, Medium Roast, Hazelnut Creme",New England Coffee Café Tostado Medio Sabor Avellana,"Ground coffee, medium roast, hazelnut creme flavor, 11 oz.","Café molido, tostado medio, sabor crema de avellana, 11 oz.",1699,0,false,11,oz,oz,oz,true,1199,true,false,false,true,1,https://d2lnr5mha7bycj.cloudfront.net/product-image/file/large_d912ede2-2acb-4873-9cfc-8533f9b48b93.png,new england coffee,Coffee Beans,"New England Coffee Coffee, Medium Roast, Hazelnut Creme",35,78778077014,unit,1,2026-04-14,2026-04-13
7,Best Yet Orange Drink,Best Yet Bebida de Naranja,"Orange-flavored drink, 67.6 fl oz bottle.","Bebida sabor naranja, botella de 67.6 fl oz.",149,0,false,67.6,fl oz,fl oz,fl oz,false,,true,false,true,true,1,https://d2lnr5mha7bycj.cloudfront.net/product-image/file/large_ce3b4c3d-2f8b-4627-bfd4-229f9304daf4.png,best yet,Fruit Flavored Soda,Best Yet Orange Drink,34,42187404363,unit,1,2026-04-14,2026-04-13
7,"Dr Pepper Soda, Diet",Dr Pepper Refresco Dietético,"Diet Dr Pepper soft drink, 2.1 qt bottle.","Refresco Dr Pepper dietético, botella de 2.1 qt.",339,0,false,2.1,qt,qt,qt,false,,true,false,true,true,1,https://d2lnr5mha7bycj.cloudfront.net/product-image/file/large_5d2594f6-6cbc-4941-9815-208a1950b7a4.png,dr pepper,Other Soda,"Dr Pepper Soda, Diet",7,78000083460,unit,4070,2026-04-14,2026-04-13
7,McCormick Caffeine Free Chamomile Tea Bags,McCormick Té de Manzanilla Sin Cafeína,"Chamomile tea bags, caffeine free, 25 ct.","Bolsitas de té de manzanilla sin cafeína, 25 ct.",249,0,false,25,ct,ct,ct,false,,true,false,false,true,1,https://d2lnr5mha7bycj.cloudfront.net/product-image/file/large_6ff8129d-e86f-4470-8d27-cbf022a51bdc.jpg,mccormick,Leaf Tea,McCormick Caffeine Free Chamomile Tea Bags,90,52100371498,unit,1,2026-04-14,2026-04-13
7,McCormick Caffeine Free Spearmint Tea Bags,McCormick Té de Hierbabuena Sin Cafeína,"Spearmint tea bags, caffeine free, 0.89 oz.","Bolsitas de té de hierbabuena sin cafeína, 0.89 oz.",249,0,false,0.89,oz,oz,oz,false,,true,false,false,true,1,https://d2lnr5mha7bycj.cloudfront.net/product-image/file/large_99ad9d51-f401-4aaf-8abe-f5fa039c0fc8.jpg,mccormick,Leaf Tea,McCormick Caffeine Free Spearmint Tea Bags,91,52100371511,unit,1,2026-04-14,2026-04-13
7,"Bromley Tea Green Tea, Decaffeinated",Bromley Té Verde Descafeinado,"Decaffeinated green tea bags, 48 ct.","Bolsitas de té verde descafeinado, 48 ct.",319,0,false,48,ct,ct,ct,false,,true,false,false,true,1,https://d2lnr5mha7bycj.cloudfront.net/product-image/file/large_2e042b2b-31b2-43dc-84a7-4648afed23a6.png,bromley tea,Leaf Tea,"Bromley Tea Green Tea, Decaffeinated",93,72437094020,unit,1,2026-04-14,2026-04-13
7,Mountain Dew Citrus Soda,Mountain Dew Refresco Cítrico,"Citrus-flavored soda, 2 L bottle.","Refresco sabor cítrico, botella de 2 L.",339,0,false,2,l,l,l,true,233,true,false,true,true,1,https://d2lnr5mha7bycj.cloudfront.net/product-image/file/large_446d458d-c994-4949-b01d-12876f1d25de.png,mountain dew,Fruit Flavored Soda,Mountain Dew Citrus Soda,39,12000002335,unit,4460,2026-04-14,2026-04-13
7,Reed’s Premium Ginger Beer,Reed's Cerveza de Jengibre Premium,"Premium non-alcoholic ginger beer, 12 oz bottle.","Cerveza de jengibre sin alcohol, botella de 12 oz.",899,0,false,12,oz,oz,oz,false,,true,false,true,true,1,https://d2lnr5mha7bycj.cloudfront.net/product-image/file/large_54b474a1-b2e3-4cda-9288-5983135e4a52.jpg,reed’s,Ginger Ale,Reed’s Premium Ginger Beer,33,8274333336,unit,6009,2026-04-14,2026-04-13
7,"Adirondack Sparkling Water, Seltzer, Wild Berry",Adirondack Agua Mineral Sabor Frutos del Bosque,"Sparkling seltzer water, wild berry flavor, 33.8 fl oz.","Agua mineral con gas sabor frutos del bosque, 33.8 fl oz.",99,0,false,33.8,fl oz,fl oz,fl oz,false,,true,false,true,true,1,https://d2lnr5mha7bycj.cloudfront.net/product-image/file/large_69ca8d3c-e80d-4193-bbae-6a1b385eb740.png,adirondack,Sparkling Water,"Adirondack Sparkling Water, Seltzer, Wild Berry",121,71698113297,unit,1,2026-04-14,2026-04-13
7,"Brisk Iced Tea, Lemon",Brisk Té Helado de Limón,"Lemon iced tea, 2 L bottle.","Té helado de limón, botella de 2 L.",339,0,false,2,l,l,l,true,233,true,false,false,true,1,https://d2lnr5mha7bycj.cloudfront.net/product-image/file/large_a6497e32-116b-453a-9138-6ba9d543e51f.png,brisk,Bottled Tea,"Brisk Iced Tea, Lemon",54,12000202377,unit,4460,2026-04-14,2026-04-13
7,Petit Nectar Pear,Petit Néctar de Pera,"Pear nectar drink, 11.2 fl oz.","Néctar de pera, 11.2 fl oz.",169,0,false,11.2,fl oz,fl oz,fl oz,false,,true,false,true,true,1,https://d2lnr5mha7bycj.cloudfront.net/product-image/file/large_05b3db2b-aa85-4324-beb1-d2a2b1b44869.jpg,petit,Fruit Juice,Petit Nectar Pear,177,24474381038,unit,9999,2026-04-14,2026-04-13
2,Premio Sweet Italian Sausage,Premio Salchicha Italiana Dulce,"Sweet Italian pork sausage, 16 oz pack.","Salchicha italiana dulce de cerdo, paquete de 16 oz.",599,0,false,16,oz,oz,oz,true,399,true,false,false,true,1,https://d2lnr5mha7bycj.cloudfront.net/product-image/file/large_ea31c89b-4959-48d0-a24e-71c7cc16cfb5.jpg,premio,Sausages,Premio Sweet Italian Sausage,1,28364120318,unit,9500,2026-04-14,2026-04-13
2,Premio Hot Italian Sausage,Premio Salchicha Italiana Picante,"Spicy Italian pork sausage, 16 oz pack.","Salchicha italiana picante de cerdo, paquete de 16 oz.",599,0,false,16,oz,oz,oz,true,399,true,false,false,true,1,https://d2lnr5mha7bycj.cloudfront.net/product-image/file/large_128a0d9c-b60a-4582-8b41-6aae416d85e4.jpg,premio,Sausages,Premio Hot Italian Sausage,2,28364120325,unit,9500,2026-04-14,2026-04-13
2,Nathan’s Famous Franks,Nathan's Famous Salchichas,"Beef hot dog franks, 12 oz pack.","Salchichas de res tipo hot dog, paquete de 12 oz.",899,0,false,12,oz,oz,oz,false,,true,false,false,true,1,https://d2lnr5mha7bycj.cloudfront.net/product-image/file/large_ce7a825c-2f96-4a11-a800-4405053475f7.jpg,nathan’s famous,Sausages,Nathan’s Famous Franks,6,88831391490,unit,3,2026-04-14,2026-04-13
2,"StarKist Tuna, Chunk Light",StarKist Atún Claro en Trozos,"Chunk light tuna in water, 5 oz can.","Atún claro en trozos en agua, lata de 5 oz.",169,0,false,5,oz,oz,oz,false,,true,true,false,true,1,https://d2lnr5mha7bycj.cloudfront.net/product-image/file/large_09c39fca-61d9-4a0d-8b16-67673ead0e39.png,starkist,Canned Goods,"StarKist Tuna, Chunk Light",44,80000006738,unit,1,2026-04-14,2026-04-13
2,"Perdue Fresh Ground Chicken, 92% Lean 8% Fat","Perdue Pollo Molido Fresco, 92% Magro","Fresh ground chicken, 92% lean, 1 lb tray.","Pollo molido fresco, 92% magro, bandeja de 1 lb.",549,0,false,1,lb,lb,lb,false,,true,false,false,true,1,https://d2lnr5mha7bycj.cloudfront.net/product-image/file/large_28376af2-a4d7-4c88-8526-af6e9c906d2c.png,perdue,Poultry,"Perdue Fresh Ground Chicken, 92% Lean 8% Fat",1,72745063695,unit,9500,2026-04-14,2026-04-13
2,Nathan’s Famous Skinless Beef Franks,Nathan's Famous Salchichas de Res Sin Piel,"Skinless beef hot dog franks, 8 ct pack.","Salchichas de res sin piel tipo hot dog, paquete de 8 ct.",899,0,false,8,ct,ct,ct,false,,true,false,false,true,1,https://d2lnr5mha7bycj.cloudfront.net/product-image/file/large_67ade33d-eaf0-4eb1-a801-82079335eada.jpg,nathan’s famous,Sausages,Nathan’s Famous Skinless Beef Franks,11,888313914999,unit,3,2026-04-14,2026-04-13
2,Butterball All Natural Ground Turkey,Butterball Pavo Molido Natural,"All-natural ground turkey, 16 oz tray.","Pavo molido totalmente natural, bandeja de 16 oz.",549,0,false,16,oz,oz,oz,false,,true,false,false,true,1,https://d2lnr5mha7bycj.cloudfront.net/product-image/file/large_a29683c2-1ebe-4312-ad64-def10a0d9915.png,butterball,Poultry,Butterball All Natural Ground Turkey,2,22655715467,unit,9500,2026-04-14,2026-04-13
2,House Foods Extra Firm Premium Tofu,House Foods Tofu Premium Extra Firme,"Extra-firm tofu, 16 oz block.","Tofu extra firme, bloque de 16 oz.",299,0,false,16,oz,oz,oz,false,,true,false,false,true,1,https://d2lnr5mha7bycj.cloudfront.net/product-image/file/large_7d93ff67-a21a-45d8-b012-b3037c2f97d1.png,house foods,Tofu and Bean Curd,House Foods Extra Firm Premium Tofu,1,76371011174,unit,4,2026-04-14,2026-04-13
2,"House Foods Tofu, Premium, Medium Firm",House Foods Tofu Premium Firmeza Media,"Medium-firm tofu, 16 oz block.","Tofu de firmeza media, bloque de 16 oz.",299,0,false,16,oz,oz,oz,false,,true,true,false,true,1,https://d2lnr5mha7bycj.cloudfront.net/product-image/file/large_a41d4e81-67ed-4e61-92ec-9d4d8cb172a0.png,house foods,Tofu and Bean Curd,"House Foods Tofu, Premium, Medium Firm",3,76371011150,unit,4,2026-04-14,2026-04-13
2,Butterball Fresh Ground Turkey 93%/7% Tray,Butterball Pavo Molido Fresco 93%/7%,"Fresh ground turkey, 93% lean, 16 oz tray.","Pavo molido fresco, 93% magro, bandeja de 16 oz.",799,0,false,16,oz,oz,oz,false,,true,false,false,true,1,https://d2lnr5mha7bycj.cloudfront.net/product-image/file/large_1fc9dc64-5fa8-43bf-97b4-01d53eadc51c.png,butterball,Poultry,Butterball Fresh Ground Turkey 93%/7% Tray,4,22655715610,unit,9500,2026-04-14,2026-04-13
2,"Ball Park Bun Length Hot Dogs, Classic, 8 Count","Ball Park Hot Dogs Clásicos Tamaño Pan, 8 ct","Bun-length classic hot dogs, 8 ct, 15 oz pack.","Hot dogs clásicos tamaño pan, 8 ct, paquete de 15 oz.",549,0,false,15,oz,oz,oz,false,,true,false,false,true,1,https://d2lnr5mha7bycj.cloudfront.net/product-image/file/large_0710c827-a539-473a-adfa-8de6b4d19a89.png,ball park,Sausages,"Ball Park Bun Length Hot Dogs, Classic",14,54500193274,unit,3,2026-04-14,2026-04-13
2,"Nasoya Tofu, Organic, Firm",Nasoya Tofu Orgánico Firme,"Organic firm tofu, 14 oz block.","Tofu orgánico firme, bloque de 14 oz.",399,0,false,14,oz,oz,oz,false,,true,false,false,true,1,https://d2lnr5mha7bycj.cloudfront.net/product-image/file/large_406167c5-7c93-400d-b29d-8e3074788b49.png,nasoya,Tofu and Bean Curd,"Nasoya Tofu, Organic, Firm",5,2548400010,unit,4,2026-04-14,2026-04-13
2,Oscar Mayer Naturally Hardwood Smoked Bacon,Oscar Mayer Tocineta Ahumada Natural,"Hardwood smoked bacon, 16 oz pack.","Tocineta ahumada en leña dura, paquete de 16 oz.",1299,0,false,16,oz,oz,oz,false,,true,false,false,true,1,https://d2lnr5mha7bycj.cloudfront.net/product-image/file/large_c9585aaf-4f03-49c4-b3ff-68c934289f1b.jpg,oscar mayer,Pork,Oscar Mayer Naturally Hardwood Smoked Bacon,4,44700019887,unit,3,2026-04-14,2026-04-13
2,Gwaltney Hot Dogs,Gwaltney Hot Dogs,"Classic hot dog franks, 12 oz pack.","Salchichas clásicas tipo hot dog, paquete de 12 oz.",269,0,false,12,oz,oz,oz,false,,true,false,false,true,1,https://d2lnr5mha7bycj.cloudfront.net/product-image/file/large_734737f1-da9b-4e38-a1c0-b0d08a4189ba.jpg,gwaltney,Sausages,Gwaltney Hot Dogs,16,78533175712,unit,3,2026-04-14,2026-04-13
2,"Oscar Mayer Original Center Cut Bacon, for a Low Carb Lifestyle","Oscar Mayer Tocineta Original Corte Central, Baja en Carbohidratos","Center-cut bacon for low-carb diets, 12 oz pack.","Tocineta corte central baja en carbohidratos, paquete de 12 oz.",1299,0,false,12,oz,oz,oz,false,,true,false,false,true,1,https://d2lnr5mha7bycj.cloudfront.net/product-image/file/large_0c0324f6-4097-48b4-a6f4-3f4ffd726062.jpg,oscar mayer,Pork,"Oscar Mayer Original Center Cut Bacon, for a Low Carb Lifestyle",6,44700022689,unit,3,2026-04-14,2026-04-13
2,Bumble Bee Lemon Sesame & Ginger Wild Caught Tuna,"Bumble Bee Atún Silvestre Limón, Sésamo y Jengibre","Wild-caught tuna with lemon, sesame, ginger, 2.5 oz.","Atún silvestre con limón, sésamo y jengibre, 2.5 oz.",199,0,false,2.5,oz,oz,oz,false,,true,false,false,true,1,https://d2lnr5mha7bycj.cloudfront.net/product-image/file/large_f44b415e-8973-4b53-b361-a73b6d1ebf95.png,bumble bee,Canned Goods,Bumble Bee Lemon Sesame & Ginger Wild Caught Tuna,52,86600240701,unit,1,2026-04-14,2026-04-13
2,"Great American Seafood Imports Co. Frozen Raw Easy Peel Shrimp 16/20 Count, 2 lb Bag",Great American Seafood Imports Co. Camarones Crudos Congelados Fácil de Pelar 16/20,"Frozen raw easy-peel shrimp, 16/20 count, 2 lb bag.","Camarones crudos congelados fáciles de pelar, 16/20, bolsa 2 lb.",1798,0,false,2,lb,lb,lb,true,1698,true,false,false,true,1,https://d2lnr5mha7bycj.cloudfront.net/product-image/file/large_5dc93397-f253-4b21-8750-322d19d9fc0a.jpg,great american seafood imports co.,Frozen Seafood,Great American Seafood Imports Co. Frozen Raw Easy Peel Shrimp 16/ Bag,2,829944010636,unit,9501,2026-04-14,2026-04-13
2,Perdue Chicken Breast Cutlets,Perdue Filetes de Pechuga de Pollo,"Thinly sliced chicken breast cutlets, 12 oz tray.","Filetes finos de pechuga de pollo, bandeja de 12 oz.",449,0,false,12,oz,oz,oz,false,,true,false,false,true,1,https://d2lnr5mha7bycj.cloudfront.net/product-image/file/large_03568975-b47a-4502-a744-6211feb4ee3f.png,perdue,Poultry,Perdue Chicken Breast Cutlets,6,72745001222,unit,9500,2026-04-14,2026-04-13
2,Great American Seafood 21/25 Count Peeled & Deveined Raw Tail-On White Shrimp,Great American Seafood Camarón Blanco Crudo Pelado y Desvenado 21/25,"Raw peeled, deveined, tail-on white shrimp, 21/25 count, 2 lb.","Camarón blanco crudo pelado, desvenado con cola, 21/25, 2 lb.",1998,0,false,2,lb,lb,lb,true,1798,true,false,false,true,1,https://d2lnr5mha7bycj.cloudfront.net/product-image/file/large_4f4bcf59-a8c7-43f1-9361-7e60a50b6519.jpg,great american seafood,Shellfish,Great American Seafood 21/ Peeled & Deveined Raw Tail-On White Shrimp,1,829944011992,unit,9501,2026-04-14,2026-04-13
2,Bumble Bee Spicy Thai Chili Wild Caught Tuna,Bumble Bee Atún Silvestre Chile Tailandés Picante,"Wild-caught tuna with spicy Thai chili, 2.5 oz pouch.","Atún silvestre con chile tailandés picante, sobre de 2.5 oz.",199,0,false,2.5,oz,oz,oz,false,,true,false,false,true,1,https://d2lnr5mha7bycj.cloudfront.net/product-image/file/large_9d961168-f2b4-4260-b980-80e5f3ea4e60.png,bumble bee,Canned Goods,Bumble Bee Spicy Thai Chili Wild Caught Tuna,54,86600240633,unit,1,2026-04-14,2026-04-13
2,Hebrew National Kosher Beef Franks Hot Dogs,Hebrew National Salchichas de Res Kosher,"Kosher beef hot dog franks, 10.3 oz pack.","Salchichas de res kosher tipo hot dog, paquete de 10.3 oz.",999,0,false,10.3,oz,oz,oz,false,,true,false,false,true,1,https://d2lnr5mha7bycj.cloudfront.net/product-image/file/large_58fd6e57-87ad-461f-8154-e8d342bcd7a1.jpg,hebrew national,Sausages,Hebrew National Kosher Beef Franks Hot Dogs,17,74956180574,unit,3,2026-04-14,2026-04-13
2,Sabrett Skinless Beef Frankfurters Bun Size,Sabrett Salchichas de Res Sin Piel Tamaño Pan,"Bun-size skinless beef frankfurters, 14 oz pack.","Salchichas de res sin piel tamaño pan, paquete de 14 oz.",799,0,false,14,oz,oz,oz,false,,true,false,false,true,1,https://d2lnr5mha7bycj.cloudfront.net/product-image/file/large_4ec70283-2467-421f-9432-ce08f47219fe.png,sabrett,Sausages,Sabrett Skinless Beef Frankfurters Bun Size,19,7433800416,unit,3,2026-04-14,2026-04-13
2,Foodtown Double Smoked Thick Sliced Bacon,Foodtown Tocineta Doble Ahumada Rebanada Gruesa,"Double-smoked thick-sliced bacon, 16 oz pack.","Tocineta doble ahumada rebanada gruesa, paquete de 16 oz.",799,0,false,16,oz,oz,oz,false,,true,false,false,true,1,https://d2lnr5mha7bycj.cloudfront.net/product-image/file/large_222857e2-a7d1-4a3e-bd8e-4ff855adcc7f.png,foodtown,Pork,Foodtown Double Smoked Thick Sliced Bacon,7,11153202524,unit,3,2026-04-14,2026-04-13
2,StarKist Tuna Creations Herb & Garlic Pouch,StarKist Tuna Creations Hierbas y Ajo en Sobre,"Seasoned tuna pouch with herbs and garlic, 2.6 oz.","Atún sazonado con hierbas y ajo en sobre, 2.6 oz.",219,0,false,2.6,oz,oz,oz,false,,true,false,false,true,1,https://d2lnr5mha7bycj.cloudfront.net/product-image/file/large_d3b9399d-4a62-424f-a564-3ad84a3af1ff.png,starkist,Canned Goods,StarKist Tuna Creations Herb & Garlic Pouch,66,80000513045,unit,1,2026-04-14,2026-04-13
2,Sabrett Hot & Spicy Beef Frankfurters,Sabrett Salchichas de Res Picantes,"Hot and spicy beef frankfurters, 14 oz pack.","Salchichas de res picantes, paquete de 14 oz.",799,0,false,14,oz,oz,oz,false,,true,false,false,true,1,https://d2lnr5mha7bycj.cloudfront.net/product-image/file/large_115fa3c8-8dc5-4ead-b642-1163a230a621.jpg,sabrett,Sausages,Sabrett Hot & Spicy Beef Frankfurters,21,7433800480,unit,3,2026-04-14,2026-04-13
2,Genova Tonno Solid White Tuna in Olive Oil,Genova Tonno Atún Blanco Sólido en Aceite de Oliva,"Solid white tuna packed in olive oil, 5 oz can.","Atún blanco sólido en aceite de oliva, lata de 5 oz.",379,0,false,5,oz,oz,oz,false,,true,false,false,true,1,https://d2lnr5mha7bycj.cloudfront.net/product-image/file/large_52799677-09ec-49f2-8fe6-81cedc1b9e2e.png,genova,Canned Goods,Genova Tonno Solid White Tuna in Olive Oil,72,48000002150,unit,1,2026-04-14,2026-04-13
2,Genova Premium Yellowfin Tuna in Olive Oil,Genova Atún Aleta Amarilla Premium en Aceite de Oliva,"Premium yellowfin tuna in olive oil, 5 oz can.","Atún aleta amarilla premium en aceite de oliva, lata de 5 oz.",379,0,false,5,oz,oz,oz,false,,true,false,false,true,1,https://d2lnr5mha7bycj.cloudfront.net/product-image/file/large_1df873b2-84bb-4035-96ff-1703aa9e468c.png,genova,Canned Goods,Genova Premium Yellowfin Tuna in Olive Oil,73,48000132659,unit,1,2026-04-14,2026-04-13
2,"Dr. Praeger's Burger, Drive-Thru, All American",Dr. Praeger's Hamburguesa Vegetal Drive-Thru All American,"All-American veggie burger patties, 4 count.","Hamburguesas vegetales estilo americano, 4 unidades.",699,0,false,4,each,each,each,false,,true,false,false,true,1,https://d2lnr5mha7bycj.cloudfront.net/product-image/file/large_ab46028f-5777-458f-b33e-3332a48c76f9.png,dr. praeger's,Frozen Meat Alternatives,"Dr. Praeger's Burger, Drive-Thru, All American",1,80868000336,unit,2,2026-04-14,2026-04-13
2,"Ball Park Classic Hot Dogs, 8 Count","Ball Park Hot Dogs Clásicos, 8 ct","Classic hot dog franks, 8 ct, 15 oz pack.","Salchichas clásicas tipo hot dog, 8 ct, paquete de 15 oz.",549,0,false,15,oz,oz,oz,false,,true,false,false,true,1,https://d2lnr5mha7bycj.cloudfront.net/product-image/file/large_072112c6-9fc6-4c0c-b124-424ec391b8b1.png,ball park,Sausages,Ball Park Classic Hot Dogs,24,54500193526,unit,3,2026-04-14,2026-04-13
2,Steakhouse Elite Kobe-Crafted Ground Beef,Steakhouse Elite Carne Molida Estilo Kobe,"Kobe-style ground beef, 1 lb tray.","Carne molida estilo Kobe, bandeja de 1 lb.",1099,0,false,1,lb,lb,lb,false,,true,false,false,true,1,https://d2lnr5mha7bycj.cloudfront.net/product-image/file/large_616039fe-1cdb-44fb-95a6-f05af7b31c31.jpg,steakhouse elite,Beef,Steakhouse Elite Kobe-Crafted Ground Beef,4,94922481320,unit,9500,2026-04-14,2026-04-13
2,Dakota Organic Grass Fed Beef 85% Lean Ground Beef,Dakota Carne Molida Orgánica Alimentada con Pasto 85% Magra,"Organic grass-fed ground beef, 85% lean, 16 oz.","Carne molida orgánica alimentada con pasto, 85% magra, 16 oz.",999,0,false,16,oz,oz,oz,false,,true,false,false,true,1,https://d2lnr5mha7bycj.cloudfront.net/product-image/file/large_82d7f5d4-70d3-4934-86c0-4b970772b1a7.png,dakota,Beef,Dakota Organic Grass Fed Beef 85% Lean Ground Beef,5,612669513854,unit,9500,2026-04-14,2026-04-13
2,Great American Seafood Llc Farm Raised Skinless Tilapia Fillets,Great American Seafood Llc Filetes de Tilapia de Criadero Sin Piel,"Farm-raised skinless tilapia fillets, 3 lb bag.","Filetes de tilapia de criadero sin piel, bolsa de 3 lb.",1799,0,false,3,lb,lb,lb,false,,true,false,false,true,1,https://d2lnr5mha7bycj.cloudfront.net/product-image/file/large_32f8e158-9702-4e4b-b518-5a72bad40694.JPG,great american seafood llc,Frozen Seafood,Great American Seafood Llc Farm Raised Skinless Tilapia Fillets,3,829944092144,unit,9501,2026-04-14,2026-04-13
2,Genova Premium Yellowfin Tuna in Olive Oil 4 - 5 oz cans,"Genova Atún Aleta Amarilla Premium en Aceite de Oliva, 4 latas de 5 oz","Premium yellowfin tuna in olive oil, 4 cans of 5 oz.","Atún aleta amarilla premium en aceite de oliva, 4 latas de 5 oz.",1499,0,false,5,oz,oz,oz,false,,true,false,false,true,1,https://d2lnr5mha7bycj.cloudfront.net/product-image/file/large_e5d22187-783b-42d3-b1d6-fc84505cd5dc.png,genova,Canned Goods,Genova Premium Yellowfin Tuna in Olive Oil 4 - cans,77,48000732651,unit,1,2026-04-14,2026-04-13
2,Great American Seafood 31/40 Large White Shrimp,Great American Seafood Camarón Blanco Grande 31/40,"Large raw white shrimp, 31/40 count, 16 oz bag.","Camarón blanco crudo grande, 31/40, bolsa de 16 oz.",899,0,false,16,oz,oz,oz,false,,true,false,false,true,1,https://d2lnr5mha7bycj.cloudfront.net/product-image/file/large_df5f9851-9cc1-4311-aed8-a073103a5b64.jpg,great american seafood,Frozen Seafood,Great American Seafood 31/40 Large White Shrimp,4,829944012463,unit,9501,2026-04-14,2026-04-13
2,Great American Seafood 26/30 Count Headless Raw White Shrimp,Great American Seafood Camarón Blanco Crudo Sin Cabeza 26/30,"Headless raw white shrimp, 26/30 count, 16 oz bag.","Camarón blanco crudo sin cabeza, 26/30, bolsa de 16 oz.",999,0,false,16,oz,oz,oz,false,,true,false,false,true,1,https://d2lnr5mha7bycj.cloudfront.net/product-image/file/large_f0640bf6-e231-4de9-9526-31d9d02ba383.jpg,great american seafood,Frozen Seafood,Great American Seafood 26/ Headless Raw White Shrimp,5,829944012456,unit,9501,2026-04-14,2026-04-13
2,Foodtown Chicken Drumsticks Family Pack,Foodtown Muslos de Pollo Paquete Familiar,"Fresh chicken drumsticks, family pack.","Muslos de pollo frescos, paquete familiar.",0,0,false,,,,,false,,true,false,false,true,1,https://d2lnr5mha7bycj.cloudfront.net/product-image/file/large_10f5c5a7-68e5-4e6c-a818-1758a3c501cf.jpg,foodtown,Poultry,Foodtown Chicken Drumsticks Family Pack,10,200843000001,weight,9999,2026-04-14,2026-04-13
2,Hebrew National Kosher Bun Length Beef Franks Hot Dogs,Hebrew National Salchichas de Res Kosher Tamaño Pan,"Kosher bun-length beef franks, 12 oz pack.","Salchichas de res kosher tamaño pan, paquete de 12 oz.",999,0,false,12,oz,oz,oz,false,,true,false,false,true,1,https://d2lnr5mha7bycj.cloudfront.net/product-image/file/large_a6aafcc2-6181-4c8d-93ee-3ddd6d70941c.jpg,hebrew national,Sausages,Hebrew National Kosher Bun Length Beef Franks Hot Dogs,27,74956284005,unit,3,2026-04-14,2026-04-13
2,Green Way Markets Natural Cooked & Peeled Tail-On White Shrimp,Green Way Markets Camarón Blanco Natural Cocido y Pelado con Cola,"Natural cooked, peeled, tail-on white shrimp, 16 oz bag.","Camarón blanco natural cocido, pelado con cola, bolsa de 16 oz.",1399,0,false,16,oz,oz,oz,true,1199,true,false,false,true,1,https://d1s8987jlndkbs.cloudfront.net/assets/missing-item-4bbe82b8555e4d1c12626fd482cb2409713e8e30835645ff3650ef66a725d03c.png,green way markets,Shellfish,Green Way Markets Natural Cooked & Peeled Tail-On White Shrimp,2,70625720027,unit,9501,2026-04-14,2026-04-13
2,"Goya Chorizos, Naturally Smoked",Goya Chorizos Ahumados Naturalmente,"Naturally smoked chorizos, 3.5 oz can.","Chorizos ahumados naturalmente, lata de 3.5 oz.",359,0,false,3.5,oz,oz,oz,false,,true,false,false,true,1,https://d2lnr5mha7bycj.cloudfront.net/product-image/file/large_1fd7ce27-3254-4176-ba6b-4a6988d59110.jpg,goya,Sausages,"Goya Chorizos, Naturally Smoked",29,41331033138,unit,5600,2026-04-14,2026-04-13
2,"Green Way Markets Burger, Black Bean Chipotle",Green Way Markets Hamburguesa de Frijol Negro con Chipotle,"Black bean chipotle veggie burger patties, 4 count.","Hamburguesas vegetales de frijol negro con chipotle, 4 unidades.",459,0,false,4,ct,ct,ct,false,,true,false,false,true,1,https://d2lnr5mha7bycj.cloudfront.net/product-image/file/large_fa967b50-edcc-4add-ae5d-f9a9d7d52791.png,green way markets,Frozen Meat Alternatives,"Green Way Markets Burger, Black Bean Chipotle",8,70625070030,unit,2,2026-04-14,2026-04-13
2,"Bubba Burger Burgers, Original",Bubba Burger Hamburguesas Originales,"Original frozen beef burger patties, 6 count.","Hamburguesas de res congeladas originales, 6 unidades.",1699,0,false,6,ct,ct,ct,false,,true,false,false,true,1,https://d2lnr5mha7bycj.cloudfront.net/product-image/file/large_6a5c79c0-3e74-4af9-8b44-6c67142864e5.png,bubba burger,Frozen Meat,"Bubba Burger Burgers, Original",2,704639960024,unit,9500,2026-04-14,2026-04-13
2,Sabrett Skinless Beef Cocktail Franks,Sabrett Mini Salchichas de Res Sin Piel,"Skinless beef cocktail franks, 12 oz pack.","Mini salchichas de res sin piel, paquete de 12 oz.",699,0,false,12,oz,oz,oz,false,,true,false,false,true,1,https://d2lnr5mha7bycj.cloudfront.net/product-image/file/large_0f41e768-094b-4a0d-9f04-5d1623a7d6e7.png,sabrett,Sausages,Sabrett Skinless Beef Cocktail Franks,31,74338007710,unit,3,2026-04-14,2026-04-13
2,Shah Foods Beef Seekh Kebab,Shah Foods Kebab Seekh de Res,"Seasoned beef seekh kebabs, 12 oz pack.","Kebabs seekh de res sazonados, paquete de 12 oz.",1199,0,false,12,oz,oz,oz,false,,true,false,false,true,1,https://d1s8987jlndkbs.cloudfront.net/assets/missing-item-4bbe82b8555e4d1c12626fd482cb2409713e8e30835645ff3650ef66a725d03c.png,shah foods,Beef,Shah Foods Beef Seekh Kebab,8,893101001058,unit,6009,2026-04-14,2026-04-13
2,Green Way Markets 16/20 Count EZ Peel No Antibiotics Ever Raw Shrimp,Green Way Markets Camarón Crudo Fácil de Pelar 16/20 Sin Antibióticos,"Raw easy-peel shrimp, 16/20 count, no antibiotics, 16 oz.","Camarón crudo fácil de pelar, 16/20, sin antibióticos, 16 oz.",1299,0,false,16,oz,oz,oz,true,999,true,false,false,true,1,https://d2lnr5mha7bycj.cloudfront.net/product-image/file/large_03c280a5-eb01-4dba-bbd5-09b55f370980.png,green way markets,Frozen Seafood,Green Way Markets 16/ EZ Peel No Antibiotics Ever Raw Shrimp,6,70625730019,unit,9501,2026-04-14,2026-04-13
2,Great American Seafood Salmon Fillets,Great American Seafood Filetes de Salmón,"Frozen salmon fillets, 2 lb bag.","Filetes de salmón congelados, bolsa de 2 lb.",1799,0,false,2,lb,lb,lb,false,,true,false,false,true,1,https://d2lnr5mha7bycj.cloudfront.net/product-image/file/large_aec23fdf-a425-4d64-93fe-91ae55c49338.png,great american seafood,Frozen Seafood,Great American Seafood Salmon Fillets,7,829944013972,unit,9501,2026-04-14,2026-04-13
2,Franklin Farms Firm Tofu,Franklin Farms Tofu Firme,"Firm tofu block, 16 oz.","Bloque de tofu firme, 16 oz.",299,0,false,16,oz,oz,oz,false,,true,true,false,true,1,https://d2lnr5mha7bycj.cloudfront.net/product-image/file/large_70d7ac4b-8af4-4cfe-8d2f-2686b66e711b.png,franklin farms,Tofu and Bean Curd,Franklin Farms Firm Tofu,6,44325150033,unit,4,2026-04-14,2026-04-13
2,Pork Loin Sirloin End Chops on the Bone,Chuletas de Lomo de Cerdo Parte Sirloin con Hueso,"Bone-in pork loin sirloin-end chops, fresh.","Chuletas de lomo de cerdo parte sirloin con hueso, frescas.",0,0,false,,,,,false,,true,false,false,true,1,https://d1s8987jlndkbs.cloudfront.net/assets/missing-item-4bbe82b8555e4d1c12626fd482cb2409713e8e30835645ff3650ef66a725d03c.png,,Pork,Pork Loin Sirloin End Chops on the Bone,10,203294000002,weight,9999,2026-04-14,2026-04-13
2,Shah Foods Lamb Seekh Kebab,Shah Foods Kebab Seekh de Cordero,"Seasoned lamb seekh kebabs, 12 oz pack.","Kebabs seekh de cordero sazonados, paquete de 12 oz.",1299,0,false,12,oz,oz,oz,false,,true,false,false,true,1,https://d1s8987jlndkbs.cloudfront.net/assets/missing-item-4bbe82b8555e4d1c12626fd482cb2409713e8e30835645ff3650ef66a725d03c.png,shah foods,Lamb,Shah Foods Lamb Seekh Kebab,1,893101001041,unit,6009,2026-04-14,2026-04-13
2,"Goya Chorizos, Naturally Smoked",Goya Chorizos Ahumados Naturalmente,"Naturally smoked chorizos, 7 oz can.","Chorizos ahumados naturalmente, lata de 7 oz.",699,0,false,7,oz,oz,oz,false,,true,false,false,true,1,https://d2lnr5mha7bycj.cloudfront.net/product-image/file/large_99267acb-edd0-4345-99f7-c196ab9455f2.jpg,goya,Sausages,"Goya Chorizos, Naturally Smoked",33,41331033145,unit,5600,2026-04-14,2026-04-13
2,Green Way Markets 31/40 Pound Ez Peel No Antibiotics Ever Cooked Shrimp,Green Way Markets Camarón Cocido Fácil de Pelar 31/40 Sin Antibióticos,"Cooked easy-peel shrimp, 31/40 count, no antibiotics, 16 oz.","Camarón cocido fácil de pelar, 31/40, sin antibióticos, 16 oz.",1299,0,false,16,oz,oz,oz,true,999,true,false,false,true,1,https://d2lnr5mha7bycj.cloudfront.net/product-image/file/large_69ff1639-4624-46df-9749-3171b111b9a6.png,green way markets,Frozen Seafood,Green Way Markets 31/40 Pound Ez Peel No Antibiotics Ever Cooked Shrimp,8,70625720010,unit,9501,2026-04-14,2026-04-13
2,Foodtown Sliced Bacon,Foodtown Tocineta Rebanada,"Sliced bacon, 16 oz pack.","Tocineta rebanada, paquete de 16 oz.",799,0,false,16,oz,oz,oz,false,,true,false,false,true,1,https://d2lnr5mha7bycj.cloudfront.net/product-image/file/large_9c8a82f5-761f-4f44-b7dc-b2e110bdbbca.png,foodtown,Pork,Foodtown Sliced Bacon,12,11153202500,unit,3,2026-04-14,2026-04-13
2,Great American Seafood Imports Co. Bag Raw Shrimp,Great American Seafood Imports Co. Camarón Crudo en Bolsa,"Raw shrimp, 1 lb bag.","Camarón crudo, bolsa de 1 lb.",2098,0,false,1,lb,lb,lb,true,1498,true,false,false,true,1,https://d1s8987jlndkbs.cloudfront.net/assets/missing-item-4bbe82b8555e4d1c12626fd482cb2409713e8e30835645ff3650ef66a725d03c.png,great american seafood imports co.,Frozen Seafood,Great American Seafood Imports Co. Bag Raw Shrimp,9,829944010612,unit,9501,2026-04-14,2026-04-13
2,Bumble Bee Prime Fillet Tonno Solid Light Tuna in Olive Oil,Bumble Bee Prime Fillet Tonno Atún Claro Sólido en Aceite de Oliva,"Solid light tuna fillet in olive oil, 5 oz can.","Filete de atún claro sólido en aceite de oliva, lata de 5 oz.",359,0,false,5,oz,oz,oz,false,,true,false,false,true,1,https://d2lnr5mha7bycj.cloudfront.net/product-image/file/large_5778664c-5668-4a2d-a78e-6c0deb38683d.png,bumble bee,Canned Goods,Bumble Bee Prime Fillet Tonno Solid Light Tuna in Olive Oil,91,86600000275,unit,1,2026-04-14,2026-04-13
2,"Plainville Farms Ground turkey, 85% lean/ 15% fat","Plainville Farms Pavo Molido, 85% Magro / 15% Grasa","Ground turkey, 85% lean, 1 lb tray.","Pavo molido, 85% magro, bandeja de 1 lb.",549,0,false,1,lb,lb,lb,false,,true,false,false,true,1,https://d2lnr5mha7bycj.cloudfront.net/product-image/file/large_9683e6ce-53d2-49e7-ae84-30ec7bb6da9b.png,plainville farms,Poultry,"Plainville Farms Ground turkey, 85% lean/ 15% fat",13,89991122496,unit,9999,2026-04-14,2026-04-13
2,Gas Cooked Shrimp Pdto 41/50,Camarón Cocido Pelado y Desvenado 41/50,"Cooked peeled, deveined shrimp, 41/50 count, 2 lb bag.","Camarón cocido pelado y desvenado, 41/50, bolsa de 2 lb.",2198,0,false,2,lb,lb,lb,true,1798,true,false,false,true,1,https://d2lnr5mha7bycj.cloudfront.net/product-image/file/large_6e9a3a1f-4751-4a3f-aa4b-cd092f8254c2.jpg,,Frozen Seafood,Gas Cooked Shrimp Pdto 41/50,13,829944010780,unit,9501,2026-04-14,2026-04-13
2,Franklin Farms Soft Tofu,Franklin Farms Tofu Suave,"Soft tofu block, 16 oz.","Bloque de tofu suave, 16 oz.",299,0,false,16,oz,oz,oz,false,,true,false,false,true,1,https://d2lnr5mha7bycj.cloudfront.net/product-image/file/large_37bba9b6-8e6b-4692-94bc-293c264f7f75.png,franklin farms,Tofu and Bean Curd,Franklin Farms Soft Tofu,7,44325150019,unit,4,2026-04-14,2026-04-13
2,"Green Way Markets Veggie Burger, Garden",Green Way Markets Hamburguesa Vegetal Garden,"Garden veggie burger patties, 4 count.","Hamburguesas vegetales garden, 4 unidades.",459,0,false,4,ct,ct,ct,false,,true,false,false,true,1,https://d2lnr5mha7bycj.cloudfront.net/product-image/file/large_d2f95b44-bd3e-4e9d-8252-6bcd6e8b3bbd.png,green way markets,Frozen Meat Alternatives,"Green Way Markets Veggie Burger, Garden",10,70625070009,unit,2,2026-04-14,2026-04-13
2,"Brooklyn Burger Burgers, Original Steakhouse",Brooklyn Burger Hamburguesas Steakhouse Originales,"Original steakhouse beef burger patties, 0.3 lb each.","Hamburguesas de res estilo steakhouse, 0.3 lb cada una.",1399,0,false,0.3,lb,lb,lb,false,,true,false,false,true,1,https://d2lnr5mha7bycj.cloudfront.net/product-image/file/large_d582b5a5-dc58-41b1-9808-4d95631c31cd.png,brooklyn burger,Frozen Meat,"Brooklyn Burger Burgers, Original Steakhouse",3,858567006139,unit,9500,2026-04-14,2026-04-13
2,"StarKist Tuna in Water, Chunk Light",StarKist Atún Claro en Trozos en Agua,"Chunk light tuna in water, 5 oz can.","Atún claro en trozos en agua, lata de 5 oz.",169,0,false,5,oz,oz,oz,false,,true,false,false,true,1,https://d2lnr5mha7bycj.cloudfront.net/product-image/file/large_5cd87c4d-1d5a-4017-937a-5ffa39d550dc.png,starkist,Canned Goods,"StarKist Tuna in Water, Chunk Light",106,80000005281,unit,1,2026-04-14,2026-04-13
2,Quartered Whole Chicken,Pollo Entero Cortado en Cuartos,"Whole chicken cut into four quarters, fresh.","Pollo entero cortado en cuatro cuartos, fresco.",0,0,false,,,,,false,,true,false,false,true,1,https://d1s8987jlndkbs.cloudfront.net/assets/missing-item-4bbe82b8555e4d1c12626fd482cb2409713e8e30835645ff3650ef66a725d03c.png,,Poultry,Quartered Whole Chicken,14,200823000007,weight,9999,2026-04-14,2026-04-13
2,Smoked Turkey Necks,Pescuezos de Pavo Ahumados,"Smoked turkey necks, 1 lb.","Pescuezos de pavo ahumados, 1 lb.",0,0,false,1,lb,lb,lb,false,,true,false,false,true,1,https://d1s8987jlndkbs.cloudfront.net/assets/missing-item-4bbe82b8555e4d1c12626fd482cb2409713e8e30835645ff3650ef66a725d03c.png,,Poultry,Smoked Turkey Necks,17,200192000004,weight,9999,2026-04-14,2026-04-13
2,Foodtown Whole Chicken Legs Family Pack,Foodtown Patas de Pollo Enteras Paquete Familiar,"Whole chicken legs, family pack, sold per lb.","Patas de pollo enteras, paquete familiar, por lb.",0,0,false,1,lb,lb,lb,false,,true,false,false,true,1,https://d2lnr5mha7bycj.cloudfront.net/product-image/file/large_a16cb35f-3b5e-4f91-b663-9fd887dadd07.png,foodtown,Poultry,Foodtown Whole Chicken Legs Family Pack,18,200816000007,weight,9999,2026-04-14,2026-04-13
2,PERDUE HARVESTLAND Boneless Chicken Breast Tenders,PERDUE HARVESTLAND Tiras de Pechuga de Pollo Sin Hueso,"Boneless chicken breast tenders, sold per lb.","Tiras de pechuga de pollo sin hueso, por lb.",0,0,false,1,lb,lb,lb,false,,true,false,false,true,1,https://d1s8987jlndkbs.cloudfront.net/assets/missing-item-4bbe82b8555e4d1c12626fd482cb2409713e8e30835645ff3650ef66a725d03c.png,perdue harvestland,Poultry,PERDUE HARVESTLAND Boneless Chicken Breast Tenders,19,240936000006,weight,9999,2026-04-14,2026-04-13
2,"Rancher's Legend Boneless Premium Black Angus Eye Round Roast, Half","Rancher's Legend Asado de Bola de Res Black Angus Sin Hueso, Mitad","Black Angus boneless eye round roast, half cut, per lb.","Asado de bola de res Black Angus sin hueso, media pieza, por lb.",0,0,false,1,lb,lb,lb,false,,true,false,false,true,1,https://d2lnr5mha7bycj.cloudfront.net/product-image/file/large_28079994-b4db-4068-98a8-eb2e642be749.png,rancher's legend,Beef,"Rancher's Legend Boneless Premium Black Angus Eye Round Roast, Half",14,201500000006,weight,9999,2026-04-14,2026-04-13
2,Lamb Shank,Chambarete de Cordero,"Fresh lamb shank, sold per lb.","Chambarete de cordero fresco, por lb.",0,0,false,1,lb,lb,lb,false,,true,false,false,true,1,https://d1s8987jlndkbs.cloudfront.net/assets/missing-item-4bbe82b8555e4d1c12626fd482cb2409713e8e30835645ff3650ef66a725d03c.png,,Lamb,Lamb Shank,2,203039000007,weight,9999,2026-04-14,2026-04-13
2,Rancher's Legend Premium Black Angus Boneless Beef Round Rump Roast,Rancher's Legend Asado de Pulpa Negra de Res Black Angus Sin Hueso,"Black Angus boneless beef rump roast, per lb.","Asado de pulpa negra de res Black Angus sin hueso, por lb.",0,0,false,1,lb,lb,lb,false,,true,false,false,true,1,https://d2lnr5mha7bycj.cloudfront.net/product-image/file/large_c05fb4e8-857f-4856-b155-318547be3f92.png,rancher's legend,Beef,Rancher's Legend Premium Black Angus Boneless Beef Round Rump Roast,20,201484000009,weight,9999,2026-04-14,2026-04-13
2,Shoulder Round Bone Lamb Chops,Chuletas de Paleta de Cordero con Hueso Redondo,"Bone-in shoulder round lamb chops, per lb.","Chuletas de paleta de cordero con hueso redondo, por lb.",0,0,false,1,lb,lb,lb,false,,true,false,false,true,1,https://d1s8987jlndkbs.cloudfront.net/assets/missing-item-4bbe82b8555e4d1c12626fd482cb2409713e8e30835645ff3650ef66a725d03c.png,,Lamb,Shoulder Round Bone Lamb Chops,3,202985000000,weight,9999,2026-04-14,2026-04-13
2,"Fresh Ground Beef, 80% Lean 20% Fat","Carne Molida Fresca, 80% Magra 20% Grasa","Fresh ground beef, 80% lean, sold per lb.","Carne molida fresca, 80% magra, por lb.",0,0,false,1,lb,lb,lb,false,,true,false,false,true,1,https://d1s8987jlndkbs.cloudfront.net/assets/missing-item-4bbe82b8555e4d1c12626fd482cb2409713e8e30835645ff3650ef66a725d03c.png,,Beef,"Fresh Ground Beef, 80% Lean 20% Fat",27,201676000008,weight,9999,2026-04-14,2026-04-13
2,PERDUE HARVESTLAND Chicken Drumsticks,PERDUE HARVESTLAND Muslos de Pollo,"Fresh chicken drumsticks, sold per lb.","Muslos de pollo frescos, por lb.",0,0,false,1,lb,lb,lb,false,,true,false,false,true,1,https://d1s8987jlndkbs.cloudfront.net/assets/missing-item-4bbe82b8555e4d1c12626fd482cb2409713e8e30835645ff3650ef66a725d03c.png,perdue harvestland,Poultry,PERDUE HARVESTLAND Chicken Drumsticks,31,240808000004,weight,9999,2026-04-14,2026-04-13
2,Best Yet Applewood Bacon,Best Yet Tocineta Ahumada con Madera de Manzano,"Applewood-smoked bacon, one pack.","Tocineta ahumada con madera de manzano, un paquete.",549,0,false,1,each,each,each,false,,true,false,false,true,1,https://d1s8987jlndkbs.cloudfront.net/assets/missing-item-4bbe82b8555e4d1c12626fd482cb2409713e8e30835645ff3650ef66a725d03c.png,best yet,Pork,Best Yet Applewood Bacon,27,42187571928,unit,3,2026-04-14,2026-04-13
2,Sliced Beef Back Ribs,Costillas de Espalda de Res Rebanadas,"Sliced beef back ribs, sold per lb.","Costillas de espalda de res rebanadas, por lb.",0,0,false,1,lb,lb,lb,false,,true,false,false,true,1,https://d1s8987jlndkbs.cloudfront.net/assets/missing-item-4bbe82b8555e4d1c12626fd482cb2409713e8e30835645ff3650ef66a725d03c.png,,Beef,Sliced Beef Back Ribs,29,201183000003,weight,9999,2026-04-14,2026-04-13
2,"Dr. Praeger's Veggie Burgers, Crunchy Cauliflower",Dr. Praeger's Hamburguesas Vegetales de Coliflor Crujiente,"Crunchy cauliflower veggie burger patties, 2.5 oz each.","Hamburguesas vegetales de coliflor crujiente, 2.5 oz cada una.",599,0,false,2.5,oz,oz,oz,false,,true,false,false,true,1,https://d2lnr5mha7bycj.cloudfront.net/product-image/file/large_db104b3f-6f6e-4eac-bde1-7f8104e63ed4.png,dr. praeger's,Frozen Meat Alternatives,"Dr. Praeger's Veggie Burgers, Crunchy Cauliflower",11,80868008004,unit,2,2026-04-14,2026-04-13
2,Fresh 80% Lean Ground Beef,Carne Molida Fresca 80% Magra,"Fresh ground beef, 80% lean, sold per lb.","Carne molida fresca, 80% magra, por lb.",0,0,false,1,lb,lb,lb,false,,true,false,false,true,1,https://d1s8987jlndkbs.cloudfront.net/assets/missing-item-4bbe82b8555e4d1c12626fd482cb2409713e8e30835645ff3650ef66a725d03c.png,,Beef,Fresh 80% Lean Ground Beef,30,201643000000,weight,9999,2026-04-14,2026-04-13
2,Shoulder Blade Lamb Chops,Chuletas de Paleta de Cordero,"Bone-in shoulder blade lamb chops, per lb.","Chuletas de paleta de cordero con hueso, por lb.",0,0,false,1,lb,lb,lb,false,,true,false,false,true,1,https://d1s8987jlndkbs.cloudfront.net/assets/missing-item-4bbe82b8555e4d1c12626fd482cb2409713e8e30835645ff3650ef66a725d03c.png,,Lamb,Shoulder Blade Lamb Chops,4,202981000004,weight,9999,2026-04-14,2026-04-13
2,Chicken Livers,Hígado de Pollo,"Fresh chicken livers, sold per lb.","Hígado de pollo fresco, por lb.",0,0,false,1,lb,lb,lb,false,,true,false,false,true,1,https://d1s8987jlndkbs.cloudfront.net/assets/missing-item-4bbe82b8555e4d1c12626fd482cb2409713e8e30835645ff3650ef66a725d03c.png,,Poultry,Chicken Livers,35,200813000000,weight,9999,2026-04-14,2026-04-13
2,Pork Pigs' Feet,Patitas de Cerdo,"Fresh pork pigs' feet, sold per lb.","Patitas de cerdo frescas, por lb.",0,0,false,1,lb,lb,lb,false,,true,false,false,true,1,https://d1s8987jlndkbs.cloudfront.net/assets/missing-item-4bbe82b8555e4d1c12626fd482cb2409713e8e30835645ff3650ef66a725d03c.png,,Pork,Pork Pigs' Feet,29,203493000001,weight,9999,2026-04-14,2026-04-13
2,"Whole Roaster Chicken, 7-9 lb Avg","Pollo Entero para Asar, 7-9 lb aprox.","Whole roaster chicken, 7-9 lb average.","Pollo entero para asar, 7-9 lb en promedio.",0,0,false,1,each,each,each,false,,true,false,false,true,1,https://d1s8987jlndkbs.cloudfront.net/assets/missing-item-4bbe82b8555e4d1c12626fd482cb2409713e8e30835645ff3650ef66a725d03c.png,,Poultry,"Whole Roaster Chicken, 7- Avg",38,200855000006,weight,9999,2026-04-14,2026-04-13
2,Chicken Drumsticks,Muslos de Pollo,"Fresh chicken drumsticks, sold per lb.","Muslos de pollo frescos, por lb.",0,0,false,1,lb,lb,lb,false,,true,false,false,true,1,https://d1s8987jlndkbs.cloudfront.net/assets/missing-item-4bbe82b8555e4d1c12626fd482cb2409713e8e30835645ff3650ef66a725d03c.png,,Poultry,Chicken Drumsticks,46,210808000007,weight,9999,2026-04-14,2026-04-13
2,Chicken Thighs,Caderas de Pollo,"Fresh chicken thighs, sold per lb.","Caderas de pollo frescas, por lb.",0,0,false,1,lb,lb,lb,false,,true,false,false,true,1,https://d1s8987jlndkbs.cloudfront.net/assets/missing-item-4bbe82b8555e4d1c12626fd482cb2409713e8e30835645ff3650ef66a725d03c.png,,Poultry,Chicken Thighs,48,210809000006,weight,9999,2026-04-14,2026-04-13
2,Chicken Backs,Espaldas de Pollo,"Fresh chicken backs, sold per lb.","Espaldas de pollo frescas, por lb.",0,0,false,1,lb,lb,lb,false,,true,false,false,true,1,https://d1s8987jlndkbs.cloudfront.net/assets/missing-item-4bbe82b8555e4d1c12626fd482cb2409713e8e30835645ff3650ef66a725d03c.png,,Poultry,Chicken Backs,51,210811000001,weight,9999,2026-04-14,2026-04-13
2,Fresh Ground Beef 85% Lean 15% Fat,Carne Molida Fresca 85% Magra 15% Grasa,"Fresh ground beef, 85% lean, sold per lb.","Carne molida fresca, 85% magra, por lb.",0,0,false,1,lb,lb,lb,false,,true,false,false,true,1,https://d2lnr5mha7bycj.cloudfront.net/product-image/file/large_f2ae5b91-e394-4797-8269-7d27c3660239.jpg,,Beef,Fresh Ground Beef 85% Lean 15% Fat,54,201655000005,weight,9999,2026-04-14,2026-04-13
2,Whole Chicken Legs,Patas de Pollo Enteras,"Fresh whole chicken legs, sold per lb.","Patas de pollo enteras frescas, por lb.",0,0,false,1,lb,lb,lb,false,,true,false,false,true,1,https://d1s8987jlndkbs.cloudfront.net/assets/missing-item-4bbe82b8555e4d1c12626fd482cb2409713e8e30835645ff3650ef66a725d03c.png,,Poultry,Whole Chicken Legs,65,200807000009,weight,9999,2026-04-14,2026-04-13
2,Country Style Bone-In Pork Loin Rib End Slices for BBQ,Rebanadas de Lomo de Cerdo con Hueso Estilo Campestre para BBQ,"Bone-in pork loin rib-end slices for BBQ, per lb.","Rebanadas de lomo de cerdo con hueso estilo campestre para BBQ, por lb.",0,0,false,1,lb,lb,lb,false,,true,false,false,true,1,https://d1s8987jlndkbs.cloudfront.net/assets/missing-item-4bbe82b8555e4d1c12626fd482cb2409713e8e30835645ff3650ef66a725d03c.png,,Pork,Country Style Bone-In Pork Loin Rib End Slices for BBQ,34,203247000004,weight,9999,2026-04-14,2026-04-13
2,Green Way Markets Antibiotic Free Chicken Drumsticks,Green Way Markets Muslos de Pollo Sin Antibióticos,"Antibiotic-free chicken drumsticks, sold per lb.","Muslos de pollo sin antibióticos, por lb.",349,0,false,1,lb,lb,lb,false,,true,false,false,true,1,https://d1s8987jlndkbs.cloudfront.net/assets/missing-item-4bbe82b8555e4d1c12626fd482cb2409713e8e30835645ff3650ef66a725d03c.png,green way markets,Poultry,Green Way Markets Antibiotic Free Chicken Drumsticks,67,230758000001,weight,9999,2026-04-14,2026-04-13
2,Ground Beef,Carne Molida de Res,"Fresh ground beef, sold per lb.","Carne molida de res fresca, por lb.",0,0,false,1,lb,lb,lb,false,,true,false,false,true,1,https://d2lnr5mha7bycj.cloudfront.net/product-image/file/large_54ed1b00-27c9-4339-ab5e-4965248da34e.jpg,,Beef,Ground Beef,57,201634000002,weight,9999,2026-04-14,2026-04-13
2,Fresh Beef Liver,Hígado de Res Fresco,"Fresh beef liver, sold per lb.","Hígado de res fresco, por lb.",0,0,false,1,lb,lb,lb,false,,true,false,false,true,1,https://d2lnr5mha7bycj.cloudfront.net/product-image/file/large_aa186170-7d6e-434d-a6b3-ce13e2cca700.jpg,,Beef,Fresh Beef Liver,59,201769000007,weight,9999,2026-04-14,2026-04-13
2,"Pork Loin Chop Combination, Rib End & Center Cut","Chuletas de Lomo de Cerdo Combinadas, Costilla y Corte Central","Combination pork loin chops, rib end and center cut, per lb.","Chuletas de lomo de cerdo combinadas, costilla y corte central, por lb.",0,0,false,1,lb,lb,lb,false,,true,false,false,true,1,https://d1s8987jlndkbs.cloudfront.net/assets/missing-item-4bbe82b8555e4d1c12626fd482cb2409713e8e30835645ff3650ef66a725d03c.png,,Pork,"Pork Loin Chop Combination, Rib End & Center Cut",36,203350000007,weight,9999,2026-04-14,2026-04-13
2,"Green Way Markets Chicken Thighs with Skin and Bone, No Antibiotics Ever, 100% Vegetarian Fed","Green Way Markets Caderas de Pollo con Piel y Hueso, Sin Antibióticos, Alimentado 100% Vegetariano","Bone-in, skin-on chicken thighs, no antibiotics, per lb.","Caderas de pollo con hueso y piel, sin antibióticos, por lb.",0,0,false,1,lb,lb,lb,false,,true,false,false,true,1,https://d1s8987jlndkbs.cloudfront.net/assets/missing-item-4bbe82b8555e4d1c12626fd482cb2409713e8e30835645ff3650ef66a725d03c.png,green way markets,Poultry,"Green Way Markets Chicken Thighs with Skin and Bone, No Antibiotics Ever, 100% Vegetarian Fed",70,230757000002,weight,9999,2026-04-14,2026-04-13
2,Greenway Natural 31 to 40 Count Raw Shrimp,Greenway Natural Camarón Crudo 31 a 40,"Natural raw shrimp, 31/40 count, 16 oz bag.","Camarón crudo natural, 31/40, bolsa de 16 oz.",999,0,false,16,oz,oz,oz,true,699,true,false,false,true,1,https://d2lnr5mha7bycj.cloudfront.net/product-image/file/large_3e259435-c99b-401c-af2e-a94a57394fa0.png,greenway natural,Shellfish,Greenway Natural 31 to Raw Shrimp,3,70625730026,unit,9501,2026-04-14,2026-04-13
2,Pork Fat,Grasa de Cerdo,"Fresh pork fat, sold per lb.","Grasa de cerdo fresca, por lb.",0,0,false,1,lb,lb,lb,false,,true,false,false,true,1,https://d1s8987jlndkbs.cloudfront.net/assets/missing-item-4bbe82b8555e4d1c12626fd482cb2409713e8e30835645ff3650ef66a725d03c.png,,Pork,Pork Fat,38,203505000005,weight,9999,2026-04-14,2026-04-13
2,Fresh Ground Beef 80% Lean 20% Fat,Carne Molida Fresca 80% Magra 20% Grasa,"Fresh ground beef, 80% lean, sold per lb.","Carne molida fresca, 80% magra, por lb.",0,0,false,1,lb,lb,lb,false,,true,false,false,true,1,https://d2lnr5mha7bycj.cloudfront.net/product-image/file/large_160a6adf-e7f2-4bda-820f-4c782d4f363a.jpg,,Beef,Fresh Ground Beef 80% Lean 20% Fat,70,201675000009,weight,9999,2026-04-14,2026-04-13
2,Boneless Pollock,Pescado Abadejo Sin Espinas,"Boneless pollock fish fillet, sold per lb.","Filete de pescado abadejo sin espinas, por lb.",549,0,false,1,lb,lb,lb,false,,true,false,false,true,1,https://d1s8987jlndkbs.cloudfront.net/assets/missing-item-4bbe82b8555e4d1c12626fd482cb2409713e8e30835645ff3650ef66a725d03c.png,,Fish,Boneless Pollock,1,208506000009,weight,9999,2026-04-14,2026-04-13
2,Beef Chuck Neckbones,Huesos de Pescuezo de Res,"Fresh beef chuck neckbones, sold per lb.","Huesos de pescuezo de res frescos, por lb.",499,0,false,1,lb,lb,lb,false,,true,false,false,true,1,https://d1s8987jlndkbs.cloudfront.net/assets/missing-item-4bbe82b8555e4d1c12626fd482cb2409713e8e30835645ff3650ef66a725d03c.png,,Beef,Beef Chuck Neckbones,73,201124000000,weight,9999,2026-04-14,2026-04-13
2,Chicken Gizzards,Mollejas de Pollo,"Fresh chicken gizzards, sold per lb.","Mollejas de pollo frescas, por lb.",0,0,false,1,lb,lb,lb,false,,true,false,false,true,1,https://d2lnr5mha7bycj.cloudfront.net/product-image/file/large_c0663929-1570-4cea-9173-e4b24fd774df.jpg,,Poultry,Chicken Gizzards,82,200594000008,weight,4,2026-04-14,2026-04-13
2,80% Lean Ground Beef Family Pack,Carne Molida 80% Magra Paquete Familiar,"80% lean ground beef, family pack, per lb.","Carne molida 80% magra, paquete familiar, por lb.",0,0,false,1,lb,lb,lb,false,,true,false,false,true,1,https://d2lnr5mha7bycj.cloudfront.net/product-image/file/large_cdf6f224-dadc-4acb-bb51-02256325bbc3.jpg,,Beef,80% Lean Ground Beef Family Pack,84,201646000007,weight,9999,2026-04-14,2026-04-13
2,Fresh 80% Lean Ground Beef Patties Family Pack,Hamburguesas de Carne Molida Fresca 80% Magra Paquete Familiar,"Fresh 80% lean ground beef patties, family pack, per lb.","Hamburguesas de carne molida fresca 80% magra, paquete familiar, por lb.",0,0,false,1,lb,lb,lb,false,,true,false,false,true,1,https://d1s8987jlndkbs.cloudfront.net/assets/missing-item-4bbe82b8555e4d1c12626fd482cb2409713e8e30835645ff3650ef66a725d03c.png,,Beef,Fresh 80% Lean Ground Beef Patties Family Pack,86,201650000000,weight,9999,2026-04-14,2026-04-13
6,"Entenmann's Little Bites, 5 ct, Party Cake, Muffins, Muffins, 8.25 oz","Entenmann's Little Bites Pastelitos Party Cake, 5 ct, 8.25 oz","Party cake mini muffins, 5 ct pouches, 8.25 oz box.","Mini panquecitos sabor fiesta, 5 sobres, caja de 8.25 oz.",569,0,false,5,ct,ct,ct,true,399,true,false,false,true,1,https://d2lnr5mha7bycj.cloudfront.net/product-image/file/large_231491b9-73ae-412d-b67a-be237ba5732a.png,entenmann's,Snacks,"Entenmann's Little Bites, Party Cake, Muffins, Muffins",3,72030022093,unit,5950,2026-04-14,2026-04-13
5,Little Debbie Honey Buns,Little Debbie Panecillos de Miel,"Glazed honey buns, 6 count pack.","Panecillos glaseados con miel, paquete de 6 ct.",319,0,false,6,ct,ct,ct,true,300,true,false,false,true,1,https://d2lnr5mha7bycj.cloudfront.net/product-image/file/large_89a0a0e0-1add-48b1-a0f1-8be60479e61d.png,little debbie,Snacks,Little Debbie Honey Buns,6,24300041020,unit,6048,2026-04-14,2026-04-13
6,"Entenmann's Little Bites, 5 ct, Chocolate Chip, Muffins, Real Chocolate, Muffins, 8.25 oz","Entenmann's Little Bites Mini Panquecitos con Chispas de Chocolate, 5 ct, 8.25 oz","Chocolate chip mini muffins, 5 ct pouches, 8.25 oz box.","Mini panquecitos con chispas de chocolate, 5 sobres, 8.25 oz.",250,0,false,8.25,oz,oz,oz,false,,true,false,false,true,1,https://d2lnr5mha7bycj.cloudfront.net/product-image/file/large_cb7865c3-385a-4393-9fd0-934e5dcd4818.png,entenmann's,Snacks,"Entenmann's Little Bites, Chocolate Chip, Muffins, Real Chocolate, Muffins",7,72030013534,unit,9999,2026-04-14,2026-04-13
5,"Little Debbie Brownies, Cosmic",Little Debbie Brownies Cósmicos,"Cosmic fudge brownies, 6 count pack.","Brownies cósmicos de chocolate, paquete de 6 ct.",319,0,false,6,ct,ct,ct,true,300,true,false,false,true,1,https://d2lnr5mha7bycj.cloudfront.net/product-image/file/large_ffa5c098-7710-4729-93d1-a3dde8679c3a.png,little debbie,Snacks,"Little Debbie Brownies, Cosmic",8,24300041068,unit,6048,2026-04-14,2026-04-13
5,"Doritos Flavored Tortilla Chips, Nacho Cheese",Doritos Tortillitas Sabor Queso Nacho,"Nacho cheese-flavored tortilla chips, 9.25 oz bag.","Tortillitas sabor queso nacho, bolsa de 9.25 oz.",549,0,false,9.25,oz,oz,oz,false,,true,false,false,true,1,https://d2lnr5mha7bycj.cloudfront.net/product-image/file/large_4978d785-0749-40c5-bf91-d81c9dfb65c9.png,doritos,Snacks,"Doritos Flavored Tortilla Chips, Nacho Cheese",11,28400516464,unit,3220,2026-04-14,2026-04-13
5,Pepperidge Farm Goldfish Cheddar Baked Snack Crackers,Pepperidge Farm Goldfish Galletitas Horneadas Sabor Cheddar,"Cheddar cheese baked cracker snacks, 6.6 oz bag.","Galletitas horneadas sabor queso cheddar, bolsa de 6.6 oz.",369,0,false,6.6,oz,oz,oz,false,,true,false,false,true,1,https://d2lnr5mha7bycj.cloudfront.net/product-image/file/large_ce2378b0-9513-4708-8990-f40c8820033c.jpg,pepperidge farm goldfish,Snacks,Pepperidge Farm Goldfish Cheddar Baked Snack Crackers,13,14100085478,unit,3675,2026-04-14,2026-04-13
5,"Ritz Fresh Stacks Original Crackers, Travel Snacks, Multi Snack Packs 12 oz","Ritz Fresh Stacks Galletas Originales, Paquetes Individuales 12 oz","Original crackers in fresh-stack sleeves, 8 packs, 12 oz.","Galletas originales en paquetes individuales, 8 tiras, 12 oz.",649,0,false,8,ct,ct,ct,false,,true,false,false,true,1,https://d2lnr5mha7bycj.cloudfront.net/product-image/file/large_58db3d23-50f0-4470-84a7-b15755cd4293.jpg,ritz,Snacks,"Ritz Fresh Stacks Original Crackers, Travel Snacks, Multi Snack Packs",18,44000031138,unit,1,2026-04-14,2026-04-13
5,Jell-O Original Chocolate Refrigerated Pudding Cup Snacks Value Pack,Jell-O Pudín de Chocolate Original Refrigerado Paquete Económico,"Refrigerated chocolate pudding cups, 4 count value pack.","Copas de pudín de chocolate refrigerado, paquete económico de 4 ct.",499,0,false,4,ct,ct,ct,false,,true,false,false,true,1,https://d2lnr5mha7bycj.cloudfront.net/product-image/file/large_7f1662bf-43de-4a2c-b7e2-49789b527df7.jpg,jell-o,Snacks,Jell-O Original Chocolate Refrigerated Pudding Cup Snacks Value Pack,30,43000042090,unit,3,2026-04-14,2026-04-13
5,"Tostitos Salsa Con Queso, Medium","Tostitos Salsa Con Queso, Medio Picante","Medium-heat cheese dip salsa, 15 oz jar.","Salsa de queso medio picante, frasco de 15 oz.",529,0,false,15,oz,oz,oz,false,,true,false,false,true,1,https://d2lnr5mha7bycj.cloudfront.net/product-image/file/large_1e873afe-6672-4e73-89b0-e4753e22815c.png,tostitos,Condiments,"Tostitos Salsa Con Queso, Medium",2,28400070980,unit,3220,2026-04-14,2026-04-13
5,Jell-O Original Chocolate Vanilla Swirls Refrigerated Pudding Cup Snacks,Jell-O Pudín Refrigerado Remolinos de Chocolate y Vainilla,"Chocolate-vanilla swirl pudding cups, 3.875 oz each.","Copas de pudín remolino de chocolate y vainilla, 3.875 oz cada una.",499,0,false,3.875,oz,oz,oz,false,,true,false,false,true,1,https://d2lnr5mha7bycj.cloudfront.net/product-image/file/large_c9b3e5e4-ab7d-44f8-8eff-79b95b310582.jpg,jell-o,Snacks,Jell-O Original Chocolate Vanilla Swirls Refrigerated Pudding Cup Snacks,35,43000042113,unit,3,2026-04-14,2026-04-13
5,"Pringles Original Potato Crisps Chips, Lunch Snacks, 5.2  oz","Pringles Papitas Originales, 5.2 oz","Original stacked potato chips, 5.2 oz can.","Papitas apiladas sabor original, lata de 5.2 oz.",369,0,false,5.2,oz,oz,oz,false,,true,false,false,true,1,https://d2lnr5mha7bycj.cloudfront.net/product-image/file/large_b8ee1409-31fe-4bec-82f2-e7a093b429f5.jpg,pringles,Snacks,"Pringles Original Potato Crisps Chips, Lunch Snacks",39,38000138416,unit,1,2026-04-14,2026-04-13
5,Gushers Tropical and Strawberry Fruit Flavored Snacks Variety Pack,"Gushers Dulces de Frutas Sabores Tropical y Fresa, Paquete Variado","Tropical and strawberry fruit-flavored snacks, 6 ct variety pack.","Dulces de frutas sabor tropical y fresa, paquete variado de 6 ct.",549,0,false,6,ct,ct,ct,false,,true,false,true,true,1,https://d2lnr5mha7bycj.cloudfront.net/product-image/file/large_a9943a51-7070-4f36-b657-0dcafb2453e6.png,gushers,Snacks,Gushers Tropical and Strawberry Fruit Flavored Snacks Variety Pack,43,16000147331,unit,1,2026-04-14,2026-04-13
5,Jell-O Dark Chocolate Sugar Free Refrigerated Pudding Cup Snacks,Jell-O Pudín de Chocolate Oscuro Sin Azúcar Refrigerado,"Sugar-free dark chocolate pudding cups, 3.625 fl oz.","Copas de pudín de chocolate oscuro sin azúcar, 3.625 fl oz.",499,0,false,3.625,fl oz,fl oz,fl oz,false,,true,false,false,true,1,https://d2lnr5mha7bycj.cloudfront.net/product-image/file/large_3403af29-c7ed-41c7-8c78-9f6f8ed5458e.jpg,jell-o,Snacks,Jell-O Dark Chocolate Sugar Free Refrigerated Pudding Cup Snacks,59,43000042038,unit,3,2026-04-14,2026-04-13
5,Fruit Roll-Ups Gluten Free Jolly Rancher Fruit Flavored Snacks Variety Pack,"Fruit Roll-Ups Dulces de Frutas Jolly Rancher Sin Gluten, Paquete Variado","Gluten-free Jolly Rancher fruit roll-ups, 5 oz variety pack.","Rollitos de frutas Jolly Rancher sin gluten, paquete variado de 5 oz.",469,0,false,5,oz,oz,oz,false,,true,false,false,true,1,https://d2lnr5mha7bycj.cloudfront.net/product-image/file/large_87991513-5795-461d-b335-bcbe74794aaf.png,fruit roll-ups,Snacks,Fruit Roll-Ups Gluten Free Jolly Rancher Fruit Flavored Snacks Variety Pack,82,16000152434,unit,1,2026-04-14,2026-04-13
5,Fruit Roll-Ups Tropical Tie-Dye Fruit Flavored Snacks,Fruit Roll-Ups Dulces de Frutas Tropical Tie-Dye,"Tropical tie-dye fruit roll-up snacks, 10 count pack.","Rollitos de frutas tropical multicolor, paquete de 10 ct.",549,0,false,10,ct,ct,ct,false,,true,false,false,true,1,https://d2lnr5mha7bycj.cloudfront.net/product-image/file/large_b0df5300-f28b-4a33-9bff-20c2596a479c.png,fruit roll-ups,Snacks,Fruit Roll-Ups Tropical Tie-Dye Fruit Flavored Snacks,86,16000397002,unit,1,2026-04-14,2026-04-13
3,"Esti Foods Hummus, Roasted Pepper",Esti Foods Hummus con Pimientos Asados,"Roasted pepper hummus dip, 10 oz tub.","Hummus con pimientos asados, envase de 10 oz.",599,0,false,10,oz,oz,oz,false,,true,false,false,true,1,https://d2lnr5mha7bycj.cloudfront.net/product-image/file/large_333d45c8-64ff-48e1-9ba1-0a98194c49e1.png,esti foods,Olives Dips and Spreads,"Esti Foods Hummus, Roasted Pepper",1,855616007079,unit,3,2026-04-14,2026-04-13
5,Gushers Tropical Fruit Flavored Snacks,Gushers Dulces de Frutas Sabor Tropical,"Tropical fruit-flavored Gushers snacks, 6 count pack.","Dulces de frutas Gushers sabor tropical, paquete de 6 ct.",549,0,false,6,ct,ct,ct,false,,true,false,true,true,1,https://d2lnr5mha7bycj.cloudfront.net/product-image/file/large_3433ea6a-00cb-4082-a89b-3dc0d8656229.png,gushers,Snacks,Gushers Tropical Fruit Flavored Snacks,92,16000147324,unit,1,2026-04-14,2026-04-13
5,Tostitos Scoops Tortilla Chips,Tostitos Scoops Tortillitas,"Scoop-shaped tortilla chips for dipping, 10 oz bag.","Tortillitas en forma de cucharita para mojar, bolsa de 10 oz.",549,0,false,10,oz,oz,oz,true,399,true,false,false,true,1,https://d2lnr5mha7bycj.cloudfront.net/product-image/file/large_5c034fc7-2883-40a3-ad84-1f5f3c5a39b7.png,tostitos,Snacks,Tostitos Scoops Tortilla Chips,97,28400064088,unit,3220,2026-04-14,2026-04-13
5,HONEY MAID Honey Graham Crackers,Honey Maid Galletas Graham con Miel,"Honey graham crackers, 14.4 oz box.","Galletas graham con miel, caja de 14.4 oz.",649,0,false,14.4,oz,oz,oz,false,,true,false,false,true,1,https://d2lnr5mha7bycj.cloudfront.net/product-image/file/large_6efe8a21-7a47-437a-8734-1d43b683ae27.jpg,honey maid,Snacks,HONEY MAID Honey Graham Crackers,103,44000004637,unit,1,2026-04-14,2026-04-13
5,Wonderful In Shell Roasted & Salted Pistachios,Wonderful Pistachos con Cáscara Tostados y Salados,"In-shell roasted and salted pistachios, 16 oz bag.","Pistachos con cáscara tostados y salados, bolsa de 16 oz.",1299,0,false,16,oz,oz,oz,false,,true,false,false,true,1,https://d2lnr5mha7bycj.cloudfront.net/product-image/file/large_cfc0967f-cfe9-4f91-8d35-65708522aea0.png,wonderful,Nuts,Wonderful In Shell Roasted & Salted Pistachios,2,14113910026,unit,4,2026-04-14,2026-04-13
5,"Kellogg’s Nutri-Grain Strawberry Breakfast Bars, Made with 10g Whole Grains, 8 Count","Kellogg's Nutri-Grain Barras de Desayuno de Fresa, 8 ct","Strawberry breakfast bars with whole grains, 8 ct, 1.3 oz each.","Barras de desayuno de fresa con granos enteros, 8 ct, 1.3 oz cada una.",549,0,false,1.3,oz,oz,oz,false,,true,false,false,true,1,https://d2lnr5mha7bycj.cloudfront.net/product-image/file/large_8dd6f07b-1a8e-454c-b404-e7c94260110c.jpg,kellogg’s nutri-grain,Breakfast,"Kellogg’s Nutri-Grain Strawberry Breakfast Bars, Made with Whole Grains",1,38000359002,unit,1,2026-04-14,2026-04-13
5,Goya Foods Maria Cookies,Goya Galletas María,"Classic Maria biscuits, 7 oz pack.","Galletas María clásicas, paquete de 7 oz.",159,0,false,7,oz,oz,oz,false,,true,false,false,true,1,https://d2lnr5mha7bycj.cloudfront.net/product-image/file/large_41ccfbc2-5923-4a99-b637-fc3b60cd7bd5.jpg,goya foods,Snacks,Goya Foods Maria Cookies,118,41331049436,unit,5600,2026-04-14,2026-04-13
3,"Sabra Hummus, Classic",Sabra Hummus Clásico,"Classic hummus dip, 10 oz tub.","Hummus clásico, envase de 10 oz.",599,0,false,10,oz,oz,oz,false,,true,false,false,true,1,https://d2lnr5mha7bycj.cloudfront.net/product-image/file/large_513b18be-0abe-4fb9-b918-b85e42fde964.png,sabra,Olives Dips and Spreads,"Sabra Hummus, Classic",2,40822011143,unit,3,2026-04-14,2026-04-13
5,Pepperidge Farm Goldfish Flavor Blasted Xtra Cheddar Baked Snack Crackers,Pepperidge Farm Goldfish Galletitas Xtra Cheddar Intenso,"Extra cheddar-flavored baked cracker snacks, 6.6 oz bag.","Galletitas horneadas sabor cheddar intenso, bolsa de 6.6 oz.",369,0,false,6.6,oz,oz,oz,false,,true,false,false,true,1,https://d2lnr5mha7bycj.cloudfront.net/product-image/file/large_050994af-03b8-4d26-b3a8-3187e7ac73fd.jpg,pepperidge farm goldfish,Snacks,Pepperidge Farm Goldfish Flavor Blasted Xtra Cheddar Baked Snack Crackers,129,14100085485,unit,3675,2026-04-14,2026-04-13
5,"Blue Diamond Almonds, Honey Roasted",Blue Diamond Almendras Tostadas con Miel,"Honey-roasted almonds, 6 oz bag.","Almendras tostadas con miel, bolsa de 6 oz.",599,0,false,6,oz,oz,oz,false,,true,false,true,true,1,https://d2lnr5mha7bycj.cloudfront.net/product-image/file/large_9b798c37-58d9-49ca-bfec-a868f6e83482.jpg,blue diamond,Nuts,"Blue Diamond Almonds, Honey Roasted",3,41570072561,unit,1,2026-04-14,2026-04-13
5,"Tostitos Tortilla Chips, Hint of Lime Flavored",Tostitos Tortillitas Sabor a Toque de Limón,"Tortilla chips with a hint of lime, 11 oz bag.","Tortillitas con un toque de limón, bolsa de 11 oz.",549,0,false,11,oz,oz,oz,true,399,true,false,false,true,1,https://d2lnr5mha7bycj.cloudfront.net/product-image/file/large_17147177-de79-49a2-b529-dfb03a6b47b2.png,tostitos,Snacks,"Tostitos Tortilla Chips, Hint of Lime Flavored",139,2840051794,unit,3220,2026-04-14,2026-04-13
5,TRISCUIT Rosemary & Olive Oil Whole Grain Wheat Crackers,Triscuit Galletas Integrales de Romero y Aceite de Oliva,"Whole-grain wheat crackers with rosemary and olive oil, 8.499 oz.","Galletas integrales de trigo con romero y aceite de oliva, 8.499 oz.",599,0,false,8.499,oz,oz,oz,false,,true,false,false,true,1,https://d2lnr5mha7bycj.cloudfront.net/product-image/file/large_9251a95f-87d6-47fc-bca5-63ce5e889464.jpg,triscuit,Snacks,TRISCUIT Rosemary & Olive Oil Whole Grain Wheat Crackers,142,44000051013,unit,1,2026-04-14,2026-04-13
3,"Dole Pineapple Tidbits, in 100% Fruit Juice",Dole Trocitos de Piña en 100% Jugo de Fruta,"Pineapple tidbits packed in 100% fruit juice, 4 oz cup.","Trocitos de piña en 100% jugo de fruta, vasito de 4 oz.",449,0,false,4,oz,oz,oz,false,,true,false,false,true,1,https://d2lnr5mha7bycj.cloudfront.net/product-image/file/large_35efb685-1fa9-4eba-9ac7-11296a4b10f0.png,dole,Snacks,"Dole Pineapple Tidbits, in 100% Fruit Juice",145,38900004071,unit,1,2026-04-14,2026-04-13
5,"Quaker Granola Bars, Chocolate Chip, Chewy",Quaker Barras de Granola Masticables con Chispas de Chocolate,"Chewy chocolate chip granola bars, 6 count pack.","Barras de granola masticables con chispas de chocolate, 6 ct.",549,0,false,6,ct,ct,ct,false,,true,false,false,true,1,https://d2lnr5mha7bycj.cloudfront.net/product-image/file/large_1fafcfe8-290e-426d-9d3d-214947f3e358.png,quaker,Snacks,"Quaker Granola Bars, Chocolate Chip, Chewy",178,30000312698,unit,1,2026-04-14,2026-04-13
5,Fruit Roll-Ups Gluten Free Fruit Snacks Variety Pack,"Fruit Roll-Ups Dulces de Frutas Sin Gluten, Paquete Variado","Gluten-free fruit roll-up snacks, 10 count variety pack.","Rollitos de frutas sin gluten, paquete variado de 10 ct.",549,0,false,10,ct,ct,ct,false,,true,false,false,true,1,https://d2lnr5mha7bycj.cloudfront.net/product-image/file/large_6d3e9489-5c2a-41c7-9954-3b727aca3134.png,fruit roll-ups,Snacks,Fruit Roll-Ups Gluten Free Fruit Snacks Variety Pack,188,16000189102,unit,1,2026-04-14,2026-04-13
5,Nature Valley Crunchy Granola Bars Variety Pack,"Nature Valley Barras de Granola Crujientes, Paquete Variado","Crunchy granola bars, variety pack of 12.","Barras de granola crujientes, paquete variado de 12 ct.",599,0,false,12,ct,ct,ct,false,,true,false,false,true,1,https://d2lnr5mha7bycj.cloudfront.net/product-image/file/large_c36155aa-8200-418b-982f-66ffbd5624c1.png,nature valley,Snacks,Nature Valley Crunchy Granola Bars Variety Pack,191,16000411265,unit,1,2026-04-14,2026-04-13
3,"Esti Foods Hummus, Roasted Garlic",Esti Foods Hummus con Ajo Asado,"Roasted garlic hummus dip, 10 oz tub.","Hummus con ajo asado, envase de 10 oz.",599,0,false,10,oz,oz,oz,false,,true,false,false,true,1,https://d2lnr5mha7bycj.cloudfront.net/product-image/file/large_548eeeab-348e-45fb-87e6-3741bb3e8971.png,esti foods,Olives Dips and Spreads,"Esti Foods Hummus, Roasted Garlic",4,855616007109,unit,3,2026-04-14,2026-04-13
5,TRISCUIT Cracked Pepper & Olive Oil Whole Grain Wheat Crackers,Triscuit Galletas Integrales de Pimienta Molida y Aceite de Oliva,"Whole-grain wheat crackers with cracked pepper and olive oil, 8.5 oz.","Galletas integrales de trigo con pimienta y aceite de oliva, 8.5 oz.",599,0,false,8.5,oz,oz,oz,false,,true,false,false,true,1,https://d2lnr5mha7bycj.cloudfront.net/product-image/file/large_86ccb9bb-c9f3-48cf-804d-ac916ac2cb70.jpg,triscuit,Snacks,TRISCUIT Cracked Pepper & Olive Oil Whole Grain Wheat Crackers,194,44000050993,unit,1,2026-04-14,2026-04-13
5,Lay's Stax Original Potato Crisps,Lay's Stax Papitas Originales,"Original stacked potato crisps, 5.75 oz can.","Papitas apiladas sabor original, lata de 5.75 oz.",279,0,false,5.75,oz,oz,oz,false,,true,false,false,true,1,https://d2lnr5mha7bycj.cloudfront.net/product-image/file/large_784933c3-b1ae-489b-bf2d-3c86ecba5183.png,lay's,Snacks,Lay's Stax Original Potato Crisps,198,28400055093,unit,1,2026-04-14,2026-04-13
5,Pop Secret Movie Theater Butter Popcorn,Pop Secret Palomitas con Mantequilla Estilo Cine,"Movie-theater butter microwave popcorn, 3.2 oz bag.","Palomitas de microondas con mantequilla estilo cine, bolsa de 3.2 oz.",899,0,false,3.2,oz,oz,oz,false,,true,false,false,true,1,https://d2lnr5mha7bycj.cloudfront.net/product-image/file/large_0a965a06-a369-4638-9ffc-5cf452f0ff44.jpg,pop secret,Snacks,Pop Secret Movie Theater Butter Popcorn,205,23896577005,unit,1,2026-04-14,2026-04-13
5,HONEY MAID Cinnamon Graham Crackers,Honey Maid Galletas Graham de Canela,"Cinnamon graham crackers, 14.4 oz box.","Galletas graham de canela, caja de 14.4 oz.",649,0,false,14.4,oz,oz,oz,false,,true,false,false,true,1,https://d2lnr5mha7bycj.cloudfront.net/product-image/file/large_9af7cd0b-bc2c-4675-bb07-47bf181c796c.jpg,honey maid,Snacks,HONEY MAID Cinnamon Graham Crackers,245,44000004576,unit,1,2026-04-14,2026-04-13
5,"Kellogg’s Nutri-Grain Apple Cinnamon Breakfast Bars, Made with 10g Whole Grains, 8 Count","Kellogg's Nutri-Grain Barras de Desayuno de Manzana y Canela, 8 ct","Apple cinnamon breakfast bars with whole grains, 8 ct, 1.3 oz each.","Barras de desayuno de manzana y canela con granos enteros, 8 ct.",549,0,false,1.3,oz,oz,oz,false,,true,false,false,true,1,https://d2lnr5mha7bycj.cloudfront.net/product-image/file/large_e6d65617-2a08-4149-a595-d548b5805281.jpg,kellogg’s nutri-grain,Breakfast,"Kellogg’s Nutri-Grain Apple Cinnamon Breakfast Bars, Made with Whole Grains",2,38000356001,unit,1,2026-04-14,2026-04-13
5,"Barnums Original Animal Crackers, Kids Snacks, Snak-Saks",Barnums Galletas de Animalitos Originales,"Original animal-shaped cookies, 8 oz Snak-Sak.","Galletas originales en forma de animales, bolsa de 8 oz.",359,0,false,8,oz,oz,oz,false,,true,false,false,true,1,https://d2lnr5mha7bycj.cloudfront.net/product-image/file/large_f147ec70-5ab1-4e4c-ac94-f4741ddc7211.jpg,barnums,Snacks,"Barnums Original Animal Crackers, Kids Snacks, Snak-Saks",252,44000007461,unit,1,2026-04-14,2026-04-13
5,"Boulder Canyon Potato Chips, Classic Sea Salt, Olive Oil, Kettle Style",Boulder Canyon Papitas Estilo Kettle con Sal de Mar y Aceite de Oliva,"Kettle-style potato chips with sea salt and olive oil, 6.5 oz.","Papitas estilo kettle con sal de mar y aceite de oliva, 6.5 oz.",479,0,false,6.5,oz,oz,oz,true,350,true,false,false,true,1,https://d2lnr5mha7bycj.cloudfront.net/product-image/file/large_32804fc0-048e-4d20-9a15-48525c1d8645.png,boulder canyon,Snacks,"Boulder Canyon Potato Chips, Classic Sea Salt, Olive Oil, Kettle Style",256,708163118531,unit,3260,2026-04-14,2026-04-13
5,"GOOD THINS Parmesan & Garlic Rice & Cheese Snacks Gluten Free Crackers, Snack Crackers","Good Thins Galletas de Arroz y Queso Parmesano con Ajo, Sin Gluten","Gluten-free rice crackers with parmesan and garlic, 3 oz.","Galletas de arroz sin gluten con parmesano y ajo, 3 oz.",599,0,false,3,oz,oz,oz,false,,true,false,false,true,1,https://d2lnr5mha7bycj.cloudfront.net/product-image/file/large_6a09d2f5-f6c9-49f2-8b03-43e428933e26.jpg,good thins,Snacks,"GOOD THINS Parmesan & Garlic Rice & Cheese Snacks Gluten Free Crackers, Snack Crackers",261,44000058401,unit,1,2026-04-14,2026-04-13
5,Blue Diamond Bold Wasabi & Soy Sauce,Blue Diamond Almendras Bold Wasabi y Salsa de Soja,"Wasabi and soy sauce-flavored almonds, 6 oz can.","Almendras sabor wasabi y salsa de soja, lata de 6 oz.",599,0,false,6,oz,oz,oz,false,,true,false,false,true,1,https://d2lnr5mha7bycj.cloudfront.net/product-image/file/large_2c392aeb-1812-4ce7-841e-e9cf2ab6d861.jpg,blue diamond,Nuts,Blue Diamond Bold Wasabi & Soy Sauce,8,41570052341,unit,1,2026-04-14,2026-04-13
5,"TRISCUIT Dill, Sea Salt & Olive Oil Whole Grain Wheat Crackers","Triscuit Galletas Integrales de Eneldo, Sal de Mar y Aceite de Oliva","Whole-grain crackers with dill, sea salt, olive oil, 8.499 oz.","Galletas integrales con eneldo, sal de mar y aceite de oliva, 8.499 oz.",599,0,false,8.499,oz,oz,oz,false,,true,false,false,true,1,https://d2lnr5mha7bycj.cloudfront.net/product-image/file/large_c4013a59-a58b-4ff3-8ff0-cee6a863b21d.jpg,triscuit,Snacks,"TRISCUIT Dill, Sea Salt & Olive Oil Whole Grain Wheat Crackers",284,44000051334,unit,3380,2026-04-14,2026-04-13
3,"Sabra Hummus, Roasted Red Pepper",Sabra Hummus con Pimiento Rojo Asado,"Roasted red pepper hummus dip, 10 oz tub.","Hummus con pimiento rojo asado, envase de 10 oz.",599,0,false,10,oz,oz,oz,false,,true,false,false,true,1,https://d2lnr5mha7bycj.cloudfront.net/product-image/file/large_3c0cb80d-e2c2-4e4a-b3f1-84f9123adecd.png,sabra,Olives Dips and Spreads,"Sabra Hummus, Roasted Red Pepper",5,40822011549,unit,3,2026-04-14,2026-04-13
5,"Quaker Granola Bars, S'mores",Quaker Barras de Granola Sabor S'mores,"S'mores-flavored granola bars, 0.84 oz each.","Barras de granola sabor s'mores, 0.84 oz cada una.",549,0,false,0.84,oz,oz,oz,false,,true,false,false,true,1,https://d2lnr5mha7bycj.cloudfront.net/product-image/file/large_1c10112a-b167-445f-bec8-f76dae0e34db.png,quaker,Snacks,"Quaker Granola Bars, S'mores",295,30000311813,unit,1,2026-04-14,2026-04-13
3,"Sabra Hummus, Roasted Garlic",Sabra Hummus con Ajo Asado,"Roasted garlic hummus dip, 10 oz tub.","Hummus con ajo asado, envase de 10 oz.",599,0,false,10,oz,oz,oz,false,,true,false,false,true,1,https://d2lnr5mha7bycj.cloudfront.net/product-image/file/large_5c3ed2c4-57a2-4121-babb-8d591a6a11d1.png,sabra,Olives Dips and Spreads,"Sabra Hummus, Roasted Garlic",6,40822011242,unit,3,2026-04-14,2026-04-13
5,"Planters Peanuts Dry Roast, 16 OZ","Planters Maní Tostado Seco, 16 oz","Dry-roasted peanuts, 16 oz can.","Maní tostado en seco, lata de 16 oz.",549,0,false,16,oz,oz,oz,false,,true,false,true,true,1,https://d2lnr5mha7bycj.cloudfront.net/product-image/file/large_83c2f0c1-dce6-4aaf-b02f-4b357b2a7b4a.jpg,planters,Nuts,Planters Peanuts Dry Roast,10,29000073258,unit,1,2026-04-14,2026-04-13
5,"Lay's Dip, French Onion",Lay's Salsa para Mojar Sabor Cebolla Francesa,"French onion dip for chips, 15 oz tub.","Salsa cebolla francesa para papitas, envase de 15 oz.",529,0,false,15,oz,oz,oz,false,,true,false,false,true,1,https://d2lnr5mha7bycj.cloudfront.net/product-image/file/large_92a4bc1c-74a9-435b-a793-072e06e9f0df.png,lay's,Condiments,"Lay's Dip, French Onion",5,28400070942,unit,3220,2026-04-14,2026-04-13
5,"Planters Cocktail Peanuts, 16 OZ","Planters Maní Cocktail, 16 oz","Cocktail peanuts, 1 lb can.","Maní cocktail, lata de 1 lb.",549,0,false,1,lb,lb,lb,false,,true,false,false,true,1,https://d2lnr5mha7bycj.cloudfront.net/product-image/file/large_440e9a49-3fd5-4a62-b94a-f1e05ab126e3.jpg,planters,Nuts,Planters Cocktail Peanuts,12,29000072107,unit,1,2026-04-14,2026-04-13
5,"TERRA Vegetable Chips, Real, Mediterranean with Garlic & Herbs",Terra Chips de Vegetales Mediterráneos con Ajo y Hierbas,"Mediterranean vegetable chips with garlic and herbs, 5 oz bag.","Chips de vegetales mediterráneos con ajo y hierbas, bolsa de 5 oz.",579,0,false,5,oz,oz,oz,true,499,true,false,false,true,1,https://d2lnr5mha7bycj.cloudfront.net/product-image/file/large_e1d7201a-3394-4a56-b345-e8fe0671a70f.png,terra,Snacks,"TERRA Vegetable Chips, Real, Mediterranean with Garlic & Herbs",315,728229014522,unit,6009,2026-04-14,2026-04-13
5,CHIPS AHOY! Mini Original Chocolate Chip Cookies Go-Paks,Chips Ahoy! Mini Galletas con Chispas de Chocolate Go-Paks,"Mini chocolate chip cookies in go-pak cup, 3.5 oz.","Mini galletas con chispas de chocolate en vasito Go-Pak, 3.5 oz.",219,0,false,3.5,oz,oz,oz,false,,true,false,false,true,1,https://d2lnr5mha7bycj.cloudfront.net/product-image/file/large_63b69424-9433-4364-848b-37c8d5d13572.jpg,chips ahoy!,Snacks,CHIPS AHOY! Mini Original Chocolate Chip Cookies Go-Paks,332,44000032111,unit,3380,2026-04-14,2026-04-13
5,"Oreo Chocolate Sandwich Cookies, Snack Cup 3.5 oz","Oreo Galletas Sándwich de Chocolate, Vaso Snack 3.5 oz","Chocolate sandwich cookies in snack cup, 3.5 oz.","Galletas sándwich de chocolate en vasito snack, 3.5 oz.",219,0,false,3.5,oz,oz,oz,false,,true,false,false,true,1,https://d2lnr5mha7bycj.cloudfront.net/product-image/file/large_25fa270a-7785-4a30-bd87-858cdc95de50.jpg,oreo,Snacks,"Oreo Chocolate Sandwich Cookies, Snack Cup",362,44000032142,unit,3380,2026-04-14,2026-04-13
3,Mott's Honeycrisp Apple Applesauce,Mott's Puré de Manzana Honeycrisp,"Honeycrisp apple applesauce cup, 3.9 oz.","Puré de manzana Honeycrisp, vasito de 3.9 oz.",399,0,false,3.9,oz,oz,oz,false,,true,false,false,true,1,https://d2lnr5mha7bycj.cloudfront.net/product-image/file/large_4948ba72-5ac3-4fa3-8b8b-9dddd3cb5328.jpg,mott's,Canned Goods,Mott's Honeycrisp Apple Applesauce,119,1480000708,unit,1,2026-04-14,2026-04-13
5,Pop Secret Homestyle Microwave Popcorn,Pop Secret Palomitas de Microondas Estilo Casero,"Homestyle microwave popcorn, 19.2 oz multi-bag box.","Palomitas de microondas estilo casero, caja de 19.2 oz.",899,0,false,19.2,oz,oz,oz,false,,true,false,false,true,1,https://d2lnr5mha7bycj.cloudfront.net/product-image/file/large_26003b80-868a-4296-9713-336833a829f2.jpg,pop secret,Snacks,Pop Secret Homestyle Microwave Popcorn,381,23896246901,unit,1,2026-04-14,2026-04-13
5,Nature Valley Oats 'n Honey Crunchy Granola Bars,Nature Valley Barras de Granola Crujientes de Avena y Miel,"Crunchy oats and honey granola bars, 8.94 oz box.","Barras de granola crujientes de avena y miel, caja de 8.94 oz.",599,0,false,8.94,oz,oz,oz,false,,true,false,false,true,1,https://d2lnr5mha7bycj.cloudfront.net/product-image/file/large_e19d1625-9659-4fe8-b6a6-fa193f602404.png,nature valley,Snacks,Nature Valley Oats 'n Honey Crunchy Granola Bars,382,16000264601,unit,1,2026-04-14,2026-04-13
3,"Wholly Guacamole Avocado Verde Salsa, 10 OZ","Wholly Guacamole Salsa Verde de Aguacate, 10 oz","Avocado verde salsa for dipping, 10 oz tub.","Salsa verde de aguacate para mojar, envase de 10 oz.",479,0,false,10,oz,oz,oz,false,,true,false,false,true,1,https://d2lnr5mha7bycj.cloudfront.net/product-image/file/large_5e5a4a1b-b098-40f3-9077-257e0445c762.jpg,wholly,Olives Dips and Spreads,Wholly Guacamole Avocado Verde Salsa,8,616112061435,unit,4,2026-04-14,2026-04-13
5,Baker's Sweetened Angel Flake Coconut,Baker's Coco Rallado Endulzado Angel Flake,"Sweetened flaked coconut for baking, 14 oz bag.","Coco rallado endulzado para repostería, bolsa de 14 oz.",479,0,false,14,oz,oz,oz,false,,true,false,false,true,1,https://d2lnr5mha7bycj.cloudfront.net/product-image/file/large_7a00c07d-14f8-44c0-826a-949bdbc77aea.jpg,baker's,Nuts,Baker's Sweetened Angel Flake Coconut,17,43000276785,unit,1,2026-04-14,2026-04-13
5,Nature Valley Almond Sweet and Salty Nut Granola Bars,Nature Valley Barras de Granola Dulces y Saladas con Almendra,"Sweet and salty almond granola bars, 7.2 oz box.","Barras de granola dulces y saladas con almendra, caja de 7.2 oz.",599,0,false,7.2,oz,oz,oz,false,,true,false,false,true,1,https://d2lnr5mha7bycj.cloudfront.net/product-image/file/large_4b3e7d01-b90b-47f3-a2c6-f64c947d1656.png,nature valley,Snacks,Nature Valley Almond Sweet and Salty Nut Granola Bars,429,16000277069,unit,1,2026-04-14,2026-04-13
5,Goya Palmeritas,Goya Palmeritas,"Palmier puff-pastry cookies, 5.82 oz pack.","Palmeritas de hojaldre, paquete de 5.82 oz.",159,0,false,5.82,oz,oz,oz,false,,true,false,false,true,1,https://d2lnr5mha7bycj.cloudfront.net/product-image/file/large_70a12cac-6254-4214-b343-90356bf4eefa.png,goya,Snacks,Goya Palmeritas,436,41331049474,unit,5600,2026-04-14,2026-04-13
5,"Stacy's Pita Chips, Parmesan Garlic & Herb","Stacy's Chips de Pita Parmesano, Ajo y Hierbas","Pita chips with parmesan, garlic, and herbs, 7.33 oz.","Chips de pita con parmesano, ajo y hierbas, 7.33 oz.",599,0,false,7.33,oz,oz,oz,false,,true,false,false,true,1,https://d2lnr5mha7bycj.cloudfront.net/product-image/file/large_52b99d96-f1f5-47fc-b6fc-a664600a482d.png,stacy's,Snacks,"Stacy's Pita Chips, Parmesan Garlic & Herb",439,28400564649,unit,3,2026-04-14,2026-04-13
3,"Wholly Guacamole Spicy Pico Dip, 10 OZ","Wholly Guacamole Salsa Pico Picante, 10 oz","Spicy pico-style guacamole dip, 10 oz tub.","Salsa picante tipo pico de gallo con guacamole, envase de 10 oz.",479,0,false,10,oz,oz,oz,false,,true,false,false,true,1,https://d2lnr5mha7bycj.cloudfront.net/product-image/file/large_a4ea1ca5-3f7c-4a00-a21f-421e76542d65.jpg,wholly,Olives Dips and Spreads,Wholly Guacamole Spicy Pico Dip,9,616112061466,unit,4,2026-04-14,2026-04-13
6,"Entenmann's Ultimate Madeleines, Cakes, Cookies, 10 oz","Entenmann's Magdalenas Ultimate, 10 oz","French-style madeleine cakes, 10 oz box.","Magdalenas estilo francés, caja de 10 oz.",849,0,false,10,oz,oz,oz,true,399,true,false,false,true,1,https://d2lnr5mha7bycj.cloudfront.net/product-image/file/large_6b627435-1fa1-42bc-b2f4-2e07a00692c4.png,entenmann's,Bakery Desserts,"Entenmann's Ultimate Madeleines, Cakes, Cookies",2,72030018638,unit,5950,2026-04-14,2026-04-13
5,Wonderful In Shell No Salt Pistachios,Wonderful Pistachos con Cáscara Sin Sal,"In-shell pistachios, no salt added, 16 oz bag.","Pistachos con cáscara sin sal añadida, bolsa de 16 oz.",1299,0,false,16,oz,oz,oz,false,,true,false,false,true,1,https://d2lnr5mha7bycj.cloudfront.net/product-image/file/large_4b915b30-7c45-4c68-9f4f-69f4e8acf7c0.png,wonderful,Nuts,Wonderful In Shell No Salt Pistachios,24,14113910064,unit,4,2026-04-14,2026-04-13
5,"Superior On Main Cookies, Black & White",Superior On Main Galletas Blancas y Negras,"Classic black and white cookies, 8 oz pack.","Galletas clásicas blancas y negras, paquete de 8 oz.",549,0,false,8,oz,oz,oz,false,,true,false,false,true,1,https://d2lnr5mha7bycj.cloudfront.net/product-image/file/large_7f61d13d-66a0-4a40-bd66-60c4069e618a.png,superior on main,Bakery Desserts,"Superior On Main Cookies, Black & White",3,895939001279,unit,2,2026-04-14,2026-04-13
5,Foodtown Unsalted Peanuts,Foodtown Maní Sin Sal,"Unsalted peanuts, 12 oz pack.","Maní sin sal, paquete de 12 oz.",359,0,false,12,oz,oz,oz,false,,true,false,false,true,1,https://d2lnr5mha7bycj.cloudfront.net/product-image/file/large_9cd9b137-f7bb-440b-a595-c8a6e0426101.png,foodtown,Nuts,Foodtown Unsalted Peanuts,27,11153248348,unit,1,2026-04-14,2026-04-13
5,"Dole Dates, Pitted, Whole",Dole Dátiles Enteros Sin Hueso,"Whole pitted dates, 8 oz pack.","Dátiles enteros sin hueso, paquete de 8 oz.",379,0,false,8,oz,oz,oz,false,,true,false,false,true,1,https://d2lnr5mha7bycj.cloudfront.net/product-image/file/large_d22cf1d9-666d-4a9d-a990-43d358b434bc.png,dole,Snacks,"Dole Dates, Pitted, Whole",500,75700045002,unit,1,2026-04-14,2026-04-13
5,"Chips Ahoy! Mini Original Chocolate Chip Cookies, Snak-Saks","Chips Ahoy! Galletitas Mini con Chispas de Chocolate, Snak-Saks",Bite-size chocolate chip cookies in a 8 oz resealable snack bag.,Galletitas de chispas de chocolate tamano mordida en bolsa resellable de 8 oz.,359,0,false,8,oz,oz,oz,false,,true,false,false,true,1,https://d2lnr5mha7bycj.cloudfront.net/product-image/file/large_35e87d05-3838-484e-9466-a343c170cb26.jpg,chips ahoy!,Snacks,"Chips Ahoy! Mini Original Chocolate Chip Cookies, Snak-Saks",502,44000007133,unit,1,2026-04-14,2026-04-13
5,Oreo Minis Chocolate Sandwich Cookies,Oreo Minis Galletas de Chocolate tipo Sandwich,"Miniature chocolate sandwich cookies with creme filling, 8 oz pack.","Galletitas mini de chocolate rellenas de crema, paquete de 8 oz.",359,0,false,8,oz,oz,oz,false,,true,false,false,true,1,https://d2lnr5mha7bycj.cloudfront.net/product-image/file/large_56d700ff-c95e-40cc-a3cd-2f623e790a55.jpg,oreo,Snacks,Oreo Minis Chocolate Sandwich Cookies,505,44000015923,unit,1,2026-04-14,2026-04-13
3,Esti Authentic Greek Pesto Hummus,Hummus Esti Autentico Griego con Pesto,"Creamy chickpea hummus blended with pesto, 10 oz tub for dipping.","Hummus cremoso de garbanzos mezclado con pesto, envase de 10 oz para untar.",599,0,false,10,oz,oz,oz,false,,true,false,false,true,1,https://d2lnr5mha7bycj.cloudfront.net/product-image/file/large_9453b8f8-661a-4e68-a0d4-9d6ff03145e2.jpg,esti authentic greek,Olives Dips and Spreads,Esti Authentic Greek Pesto Hummus,12,855616007062,unit,3,2026-04-14,2026-04-13
5,Snack Factory Garlic Parmesan Pretzel Crisps,Snack Factory Pretzels Crujientes de Ajo y Parmesano,"Thin pretzel crackers with garlic parmesan flavor, 7.2 oz bag.","Galletitas finas de pretzel con sabor a ajo y parmesano, bolsa de 7.2 oz.",599,0,false,7.2,oz,oz,oz,false,,true,false,false,true,1,https://d2lnr5mha7bycj.cloudfront.net/product-image/file/large_7eebf30c-7d52-4c88-b4fe-dedc8bff177b.jpg,snack factory,Snacks,Snack Factory Garlic Parmesan Pretzel Crisps,537,4950800610,unit,3,2026-04-14,2026-04-13
3,"Wholly Guacamole Guacamole, Classic",Wholly Guacamole Guacamole Clasico,"Ready-to-eat avocado guacamole dip, 16 oz tub for tacos or chips.","Guacamole de aguacate listo para comer, envase de 16 oz para tacos o chips.",699,0,false,16,oz,oz,oz,false,,true,false,false,true,1,https://d2lnr5mha7bycj.cloudfront.net/product-image/file/large_34483fee-6843-4b15-85ed-d3d0d8b34212.png,wholly guacamole,Olives Dips and Spreads,"Wholly Guacamole Guacamole, Classic",13,37600698207,unit,9999,2026-04-14,2026-04-13
5,"Hampton Farms Peanuts, Cajun",Hampton Farms Mani con Sabor Cajun,"Roasted peanuts seasoned with Cajun spices, 10 oz bag for snacking.","Mani tostado sazonado con especias Cajun, bolsa de 10 oz para picar.",249,0,false,10,oz,oz,oz,false,,true,false,false,true,1,https://d2lnr5mha7bycj.cloudfront.net/product-image/file/large_3d5eded3-1b9b-441f-9ffe-e22b4114c830.png,hampton farms,Nuts,"Hampton Farms Peanuts, Cajun",30,81864204100,unit,4,2026-04-14,2026-04-13
5,Wise Potato Chips Golden Original,Wise Papitas Fritas Originales Doradas,Classic crispy potato chips in a 0.75 oz individual snack bag.,Papitas fritas crujientes clasicas en bolsa individual de 0.75 oz.,75,0,false,0.75,oz,oz,oz,false,,true,false,false,true,1,https://d2lnr5mha7bycj.cloudfront.net/product-image/file/large_b5403626-8aff-42e1-b3f9-154a3914ff33.png,wise,Snacks,Wise Potato Chips Golden Original,566,41262271241,unit,3201,2026-04-14,2026-04-13
6,"Entenmann's Ultimate, Black & White, Cookies, Cookies, 11 oz",Entenmann's Galletas Ultimate Blanco y Negro,"Soft cake-style cookies topped with vanilla and chocolate icing, 11 oz.","Galletas suaves estilo bizcocho cubiertas con glaseado de vainilla y chocolate, 11 oz.",849,0,false,11,oz,oz,oz,true,399,true,false,false,true,1,https://d2lnr5mha7bycj.cloudfront.net/product-image/file/large_0c1b722c-46cb-4549-bcb3-2ff9d8caea23.png,entenmann's,Bakery Desserts,"Entenmann's Ultimate, Black & White, Cookies, Cookies",4,72030019581,unit,5950,2026-04-14,2026-04-13
5,Wise Baked Puffs Honey BBQ Cheese Flavored Corn Snacks,Wise Puffs Horneados de Maiz Sabor Queso BBQ con Miel,"Baked corn puffs with honey BBQ cheese flavor, 0.75 oz snack bag.","Bolitas de maiz horneadas sabor queso BBQ con miel, bolsa de 0.75 oz.",75,0,false,0.75,oz,oz,oz,false,,true,false,false,true,1,https://d2lnr5mha7bycj.cloudfront.net/product-image/file/large_71694a2c-14c3-4f02-b192-345abeb794ea.png,wise,Snacks,Wise Baked Puffs Honey BBQ Cheese Flavored Corn Snacks,584,41262281196,unit,3201,2026-04-14,2026-04-13
5,PARTNERS Olive Oil & Sea Salt Hors d'Oeuvre Crackers,PARTNERS Galletas con Aceite de Oliva y Sal de Mar,"Thin artisan crackers with olive oil and sea salt, 4.4 oz box.","Galletas finas artesanales con aceite de oliva y sal de mar, caja de 4.4 oz.",549,0,false,4.4,oz,oz,oz,false,,true,false,false,true,1,https://d2lnr5mha7bycj.cloudfront.net/product-image/file/large_ff073d4d-5af7-4fe0-b6ea-8908fa1f93ad.png,partners,Snacks,PARTNERS Olive Oil & Sea Salt Hors d'Oeuvre Crackers,592,789280165066,unit,6017,2026-04-14,2026-04-13
5,"Alessi Breadsticks, Garlic",Alessi Palitos de Pan con Ajo,"Crunchy Italian breadsticks with garlic flavor, 4.4 oz package.","Palitos de pan italianos crujientes con sabor a ajo, paquete de 4.4 oz.",209,0,false,4.4,oz,oz,oz,false,,true,false,false,true,1,https://d2lnr5mha7bycj.cloudfront.net/product-image/file/large_6a014c3d-baeb-4356-9940-41e1757b438d.png,alessi,Snacks,"Alessi Breadsticks, Garlic",596,71072030547,unit,9999,2026-04-14,2026-04-13
5,"Hampton Farms Peanuts, Salted",Hampton Farms Mani Salado,"Roasted salted peanuts ready to snack, 10 oz resealable bag.","Mani tostado salado listo para picar, bolsa resellable de 10 oz.",249,0,false,10,oz,oz,oz,false,,true,false,false,true,1,https://d2lnr5mha7bycj.cloudfront.net/product-image/file/large_e29c3681-9a86-4ba3-b992-69c437f2267c.png,hampton farms,Nuts,"Hampton Farms Peanuts, Salted",33,81864201109,unit,4,2026-04-14,2026-04-13
5,"Goya Chips, Tostones, Original",Goya Chips de Tostones Originales,"Crispy green plantain chips, 2 oz bag, perfect Caribbean snack.","Chips crujientes de platano verde, bolsa de 2 oz, picadera caribena perfecta.",169,0,false,2,oz,oz,oz,false,,true,false,false,true,1,https://d2lnr5mha7bycj.cloudfront.net/product-image/file/large_d652d33f-1529-42e5-87b8-000d2f0ae937.png,goya,Snacks,"Goya Chips, Tostones, Original",614,41331049047,unit,5600,2026-04-14,2026-04-13
5,"Pringles Original Potato Crisps Chips, Lunch Snacks, Grab N' Go, 2.3 oz",Pringles Papitas Originales para Llevar,Stackable original potato crisps in a 2.3 oz grab-and-go can.,Papitas apilables originales en lata de 2.3 oz para llevar.,199,0,false,2.3,oz,oz,oz,false,,true,false,false,true,1,https://d2lnr5mha7bycj.cloudfront.net/product-image/file/large_693201df-d128-4485-a5a8-10b7ee261b23.jpg,pringles,Snacks,"Pringles Original Potato Crisps Chips, Lunch Snacks, Grab N' Go",622,38000845246,unit,1,2026-04-14,2026-04-13
5,Best Yet Oyster Crackers,Best Yet Galletas Tipo Ostra,"Small round crackers for soups and chowder, 9 oz bag.","Galleticas redondas pequenas para sopas y chowder, bolsa de 9 oz.",269,0,false,9,oz,oz,oz,false,,true,false,false,true,1,https://d2lnr5mha7bycj.cloudfront.net/product-image/file/large_aa808c29-299e-4f91-a96f-75172d30d1ed.png,best yet,Snacks,Best Yet Oyster Crackers,625,42187426990,unit,1,2026-04-14,2026-04-13
5,Stauffer's Simply Animals Cocoa Animal Crackers,Stauffer's Galletas de Animalitos de Cacao,"Crunchy cocoa-flavored animal-shaped cookies for kids, 14.5 oz box.","Galleticas crujientes de cacao en forma de animalitos para ninos, caja de 14.5 oz.",379,0,false,14.5,oz,oz,oz,false,,true,false,false,true,1,https://d2lnr5mha7bycj.cloudfront.net/product-image/file/large_4ee9d35e-0006-4b0b-a991-d9ee8702ddb5.png,stauffer's simply animals,Snacks,Stauffer's Simply Animals Cocoa Animal Crackers,628,7232011413,unit,1,2026-04-14,2026-04-13
5,"New York Style Italian Toast, Oven Baked, Garlic Parmesan",New York Style Tostadas Italianas al Horno de Ajo y Parmesano,"Oven-baked Italian toast rounds with garlic parmesan, 4.75 oz bag.","Tostaditas italianas al horno con ajo y parmesano, bolsa de 4.75 oz.",499,0,false,4.75,oz,oz,oz,false,,true,false,false,true,1,https://d2lnr5mha7bycj.cloudfront.net/product-image/file/large_292936f0-003c-4443-8d60-7ba4c1be677f.png,new york style,Snacks,"New York Style Italian Toast, Oven Baked, Garlic Parmesan",653,81363884100,unit,3,2026-04-14,2026-04-13
5,"Goya Chips, Tostones, Garlic",Goya Chips de Tostones con Ajo,"Crispy plantain chips with garlic flavor, 2 oz snack bag.","Chips crujientes de platano verde con ajo, bolsa de 2 oz.",169,0,false,2,oz,oz,oz,false,,true,false,false,true,1,https://d2lnr5mha7bycj.cloudfront.net/product-image/file/large_9ed2cf43-1308-461c-984a-bc368c8b9cba.png,goya,Snacks,"Goya Chips, Tostones, Garlic",657,41331049054,unit,5600,2026-04-14,2026-04-13
5,Del Monte Raisins,Del Monte Pasas,Sweet dried raisins in a convenient 6 ct multipack for lunches.,Pasas secas dulces en paquete de 6 unidades para la lonchera.,349,0,false,6,each,each,each,false,,true,false,false,true,1,https://d2lnr5mha7bycj.cloudfront.net/product-image/file/large_79352d13-47a2-4957-9ef5-81453bfb0046.png,del monte,Snacks,Del Monte Raisins,658,786831019557,unit,1,2026-04-14,2026-04-13
5,Foodtown Dry Roasted Salted Peanuts,Foodtown Mani Tostado Seco Salado,"Dry-roasted salted peanuts for snacking, 16 oz jar.","Mani tostado seco salado para picar, frasco de 16 oz.",339,0,false,16,oz,oz,oz,false,,true,false,true,true,1,https://d2lnr5mha7bycj.cloudfront.net/product-image/file/large_5bd50a75-b255-4f0b-9b9a-f7df5bdade78.png,foodtown,Nuts,Foodtown Dry Roasted Salted Peanuts,38,11153249451,unit,1,2026-04-14,2026-04-13
5,Carr's Roasted Garlic & Herbs Table Water Crackers,Carr's Galletas de Agua con Ajo Asado y Hierbas,"Crisp water crackers with roasted garlic and herbs, 4.25 oz box.","Galletas de agua crujientes con ajo asado y hierbas, caja de 4.25 oz.",659,0,false,4.25,oz,oz,oz,false,,true,false,false,true,1,https://d2lnr5mha7bycj.cloudfront.net/product-image/file/large_e052a828-87e8-452e-b957-89a16763719f.jpg,carr's,Snacks,Carr's Roasted Garlic & Herbs Table Water Crackers,679,59290571110,unit,1,2026-04-14,2026-04-13
5,Best Yet Original Saltines,Best Yet Galletas Saladas Originales,"Classic salted crackers for soups and snacks, 16 oz box.","Galletas saladas clasicas para sopas y meriendas, caja de 16 oz.",369,0,false,16,oz,oz,oz,false,,true,false,false,true,1,https://d2lnr5mha7bycj.cloudfront.net/product-image/file/large_7e65e96f-b2f6-4af5-9bd5-6f61403c357d.png,best yet,Snacks,Best Yet Original Saltines,681,42187407203,unit,1,2026-04-14,2026-04-13
5,Foodtown California Seedless Raisins,Foodtown Pasas de California sin Semilla,California seedless raisins in a convenient 1 oz mini box for lunches.,Pasas sin semilla de California en cajita de 1 oz para la lonchera.,269,0,false,1,oz,oz,oz,false,,true,false,false,true,1,https://d2lnr5mha7bycj.cloudfront.net/product-image/file/large_4d575c3a-576f-436f-a988-f77878c6871f.png,foodtown,Snacks,Foodtown California Seedless Raisins,690,11153101087,unit,1,2026-04-14,2026-04-13
3,"Esti Foods Hummus, Vegan, Roasted Garlic, Authentic Greek","Esti Foods Hummus Vegano de Ajo Asado, Autentico Griego","Vegan chickpea hummus with roasted garlic, authentic Greek, 10 oz tub.","Hummus vegano de garbanzos con ajo asado, autentico griego, envase de 10 oz.",599,0,false,10,oz,oz,oz,false,,true,false,false,true,1,https://d2lnr5mha7bycj.cloudfront.net/product-image/file/large_ed270226-1571-4a9f-aee6-87c1556f5ef2.png,esti foods,Olives Dips and Spreads,"Esti Foods Hummus, Vegan, Roasted Garlic, Authentic Greek",17,855616007086,unit,3,2026-04-14,2026-04-13
5,PARTNERS Olive Oil & Sea Salt Artisan Snack Crackers,PARTNERS Galletas Artesanales con Aceite de Oliva y Sal de Mar,"Artisan snack crackers with olive oil and sea salt, 5 oz box.","Galletas artesanales con aceite de oliva y sal de mar, caja de 5 oz.",549,0,false,5,oz,oz,oz,false,,true,false,false,true,1,https://d2lnr5mha7bycj.cloudfront.net/product-image/file/large_2dec2d5b-d6cd-49a4-80cb-5cdbdb4fbf88.png,partners,Snacks,PARTNERS Olive Oil & Sea Salt Artisan Snack Crackers,692,789280169040,unit,6017,2026-04-14,2026-04-13
5,Best Yet Shredded Coconut,Best Yet Coco Rallado,"Sweetened shredded coconut for baking and desserts, 7 oz bag.","Coco rallado endulzado para reposteria y postres, bolsa de 7 oz.",199,0,false,7,oz,oz,oz,false,,true,false,false,true,1,https://d2lnr5mha7bycj.cloudfront.net/product-image/file/large_baa00ba3-fc93-4155-a66d-b6d4f862d3ed.png,best yet,Nuts,Best Yet Shredded Coconut,41,42187407074,unit,1,2026-04-14,2026-04-13
5,Wise Onion & Garlic Potato Chips,Wise Papitas Fritas Sabor Cebolla y Ajo,"Crispy potato chips with onion and garlic flavor, 3.25 oz bag.","Papitas fritas crujientes con sabor a cebolla y ajo, bolsa de 3.25 oz.",249,0,false,3.25,oz,oz,oz,false,,true,false,false,true,1,https://d2lnr5mha7bycj.cloudfront.net/product-image/file/large_e15fe235-90d2-4e07-9a8d-fd54535c0ca1.png,wise,Snacks,Wise Onion & Garlic Potato Chips,722,41262287259,unit,3201,2026-04-14,2026-04-13
3,Esti Authentic Greek Spicy Love Hummus,Hummus Esti Autentico Griego Picante Spicy Love,"Creamy chickpea hummus with a spicy kick, 8 oz tub.","Hummus cremoso de garbanzos con toque picante, envase de 8 oz.",599,0,false,8,oz,oz,oz,false,,true,false,false,true,1,https://d2lnr5mha7bycj.cloudfront.net/product-image/file/large_a8e64f8d-188e-4a01-81c9-dd6d143cb915.jpg,esti authentic greek,Olives Dips and Spreads,Esti Authentic Greek Spicy Love Hummus,19,819530021221,unit,3,2026-04-14,2026-04-13
3,Libby's Yellow Cling Peach Dices in Fruit Juice,Libby's Trocitos de Melocoton en Jugo de Fruta,"Diced yellow peaches packed in 100% fruit juice, 4 oz cup.","Trocitos de melocoton amarillo en jugo 100% de fruta, vasito de 4 oz.",459,0,false,4,oz,oz,oz,true,349,true,false,false,true,1,https://d2lnr5mha7bycj.cloudfront.net/product-image/file/large_652df384-7b15-49a5-a7ef-a8b32fcf2ffc.png,libby's,Snacks,Libby's Yellow Cling Peach Dices in Fruit Juice,738,74584645063,unit,1,2026-04-14,2026-04-13
3,Libby's Premium Mandarin Oranges in Grape Juice,Libby's Mandarinas Premium en Jugo de Uva,"Mandarin orange segments in light grape juice, 4 oz snack cup.","Gajos de mandarina en jugo de uva ligero, vasito de 4 oz.",459,0,false,4,oz,oz,oz,true,349,true,false,false,true,1,https://d2lnr5mha7bycj.cloudfront.net/product-image/file/large_50bb6111-c0f1-4c7d-9355-5315353b2bf6.png,libby's,Snacks,Libby's Premium Mandarin Oranges in Grape Juice,739,74584645049,unit,1,2026-04-14,2026-04-13
5,"KIND Healthy Grains Energy Bars, Pineapple Mango, 20g Whole Grains, Made with Super Grains, Gluten Free Snacks, 5 Ct, 7.1oz","KIND Barras de Energia con Granos, Pina y Mango, 5 Unidades","Gluten-free whole grain bars with pineapple mango, 5 ct 7.1 oz box.","Barras de granos integrales sin gluten sabor pina y mango, 5 unidades, 7.1 oz.",699,0,false,7.1,oz,oz,oz,false,,true,false,false,true,1,https://d2lnr5mha7bycj.cloudfront.net/product-image/file/large_925c5ab3-fde9-4474-9b06-1e8d52f7d077.jpg,kind,Snacks,"KIND Healthy Grains Energy Bars, Pineapple Mango Whole Grains, Made with Super Grains, Gluten Free Snacks",750,602652670640,unit,6009,2026-04-14,2026-04-13
5,Pop Secret Movie Theater Butter Popcorn,Pop Secret Palomitas de Maiz con Mantequilla Estilo Cine,"Microwave popcorn with movie theater butter flavor, 5.5 oz pack.","Palomitas de maiz para microondas sabor mantequilla de cine, paquete de 5.5 oz.",419,0,false,5.5,oz,oz,oz,false,,true,false,false,true,1,https://d2lnr5mha7bycj.cloudfront.net/product-image/file/large_d51fcf04-656b-44e5-b4c6-190c5a36f78d.png,pop secret,Snacks,Pop Secret Movie Theater Butter Popcorn,776,23896000015,unit,6017,2026-04-14,2026-04-13
5,Stauffers Iced Gingerbread Cookies,Stauffers Galletas de Jengibre con Glaseado,"Soft gingerbread cookies topped with sweet icing, 10 oz bag.","Galletas suaves de jengibre cubiertas con glaseado dulce, bolsa de 10 oz.",399,0,false,10,oz,oz,oz,false,,true,false,false,true,1,https://d2lnr5mha7bycj.cloudfront.net/product-image/file/large_5e12cd4e-a4da-445e-ad3f-98a70963137d.png,stauffers,Bakery Desserts,Stauffers Iced Gingerbread Cookies,9,72320937267,unit,1,2026-04-14,2026-04-13
5,Foodtown Sweetened Dried Cranberries,Foodtown Arandanos Secos Endulzados,"Sweetened dried cranberries for snacking or baking, 6 oz bag.","Arandanos secos endulzados para picar o cocinar, bolsa de 6 oz.",279,0,false,6,oz,oz,oz,false,,true,false,false,true,1,https://d1s8987jlndkbs.cloudfront.net/assets/missing-item-4bbe82b8555e4d1c12626fd482cb2409713e8e30835645ff3650ef66a725d03c.png,foodtown,Snacks,Foodtown Sweetened Dried Cranberries,814,11153101612,unit,1,2026-04-14,2026-04-13
5,Goya Guava & Dulce De Leche Napolitano,Goya Napolitano de Guayaba y Dulce de Leche,"Layered guava and dulce de leche dessert bar, 8 oz package.","Dulce en capas de guayaba y dulce de leche, paquete de 8 oz.",549,0,false,8,oz,oz,oz,false,,true,false,false,true,1,https://d2lnr5mha7bycj.cloudfront.net/product-image/file/large_0d42eb00-6719-4ac0-99b5-0482e08b5478.jpg,goya,Bakery Desserts,Goya Guava & Dulce De Leche Napolitano,10,41331033770,unit,5600,2026-04-14,2026-04-13
5,Khloud Protein Olive Oil and Sea Salt Popcorn,"Khloud Palomitas de Maiz con Proteina, Aceite de Oliva y Sal de Mar","Protein-enriched popcorn with olive oil and sea salt, 4 oz bag.","Palomitas de maiz con proteina, aceite de oliva y sal de mar, bolsa de 4 oz.",649,0,false,4,oz,oz,oz,true,549,true,false,false,true,1,https://d2lnr5mha7bycj.cloudfront.net/product-image/file/large_ef55a7d3-f382-4961-964e-50482e994ab5.png,khloud,Snacks,Khloud Protein Olive Oil and Sea Salt Popcorn,838,860012335602,unit,6017,2026-04-14,2026-04-13
5,Schär Gluten-Free Animal Crackers,Schär Galletas de Animalitos sin Gluten,"Gluten-free animal-shaped cookies for kids, 5 oz box.","Galleticas en forma de animalitos sin gluten para ninos, caja de 5 oz.",649,0,false,5,each,each,each,false,,true,false,false,true,1,https://d2lnr5mha7bycj.cloudfront.net/product-image/file/large_beebd513-ce27-4e69-8583-0621755356ac.png,schär,Snacks,Schär Gluten-Free Animal Crackers,851,810757013129,unit,6009,2026-04-14,2026-04-13
5,Stauffers Holiday Shortbread Cookies,Stauffers Galletas Mantecadas Navidenas,"Buttery shortbread cookies for the holidays, 10 oz box.","Galletas mantecadas con mantequilla para las fiestas, caja de 10 oz.",359,0,false,10,oz,oz,oz,false,,true,false,false,true,1,https://d2lnr5mha7bycj.cloudfront.net/product-image/file/large_27df40b2-8ddf-4257-870e-9639913a394b.png,stauffers,Bakery Desserts,Stauffers Holiday Shortbread Cookies,13,72320819488,unit,1,2026-04-14,2026-04-13
5,"SARGENTO Cheese Bakes Parmesan And Oregano Crackers, Cheese Crackers, Lunch Snacks 4.5 oz",SARGENTO Galletas Horneadas de Queso Parmesano y Oregano,"Baked cheese crackers with parmesan and oregano, 4.5 oz pack.","Galletas horneadas de queso parmesano y oregano, paquete de 4.5 oz.",599,0,false,4.5,oz,oz,oz,false,,true,false,false,true,1,https://d2lnr5mha7bycj.cloudfront.net/product-image/file/large_417d8281-26e1-4394-990b-67a128b588eb.jpg,sargento,Snacks,"SARGENTO Cheese Bakes Parmesan And Oregano Crackers, Cheese Crackers, Lunch Snacks",864,44000080815,unit,3380,2026-04-14,2026-04-13
6,Goya Empanada Dough Discs for Turnover Pastries,Goya Discos de Masa para Empanadas,"Frozen dough discs to make homemade empanadas, 14 oz pack.","Discos de masa congelados para hacer empanadas caseras, paquete de 14 oz.",279,0,false,14,oz,oz,oz,true,199,true,false,false,true,1,https://d2lnr5mha7bycj.cloudfront.net/product-image/file/large_2c4fa6dd-ce93-4797-91be-0cc62946e7c6.jpg,goya,Frozen Breads,Goya Empanada Dough Discs for Turnover Pastries,1,41331090605,unit,5602,2026-04-14,2026-04-13
2,Yummy Dinosaur-Shaped Chicken Breast Nuggets,Yummy Nuggets de Pollo en Forma de Dinosaurio,"Fun dinosaur-shaped breaded chicken breast nuggets for kids, 21 oz bag.","Nuggets de pechuga de pollo empanizados en forma de dinosaurio para ninos, bolsa de 21 oz.",999,0,false,21,oz,oz,oz,true,799,true,false,false,true,1,https://d2lnr5mha7bycj.cloudfront.net/product-image/file/large_fd43971b-68c3-4836-8268-5c48b1b444b5.jpg,yummy,Frozen Meat,Yummy Dinosaur-Shaped Chicken Breast Nuggets,4,6456322693,unit,2,2026-04-14,2026-04-13
5,"Eggo Buttermilk Waffles, Frozen Breakfast, 10 Count",Eggo Waffles Congelados de Buttermilk,"Frozen buttermilk waffles for a quick breakfast, 10 ct box.","Waffles congelados de buttermilk para un desayuno rapido, caja de 10 ct.",459,0,false,10,ct,ct,ct,false,,true,false,false,true,1,https://d2lnr5mha7bycj.cloudfront.net/product-image/file/large_c257433c-5e71-4da3-b56e-e64b00e9ab5a.jpg,eggo,Frozen Breakfast,"Eggo Buttermilk Waffles, Frozen Breakfast",1,38000402906,unit,2,2026-04-14,2026-04-13
2,"Banquet Brown 'N Serve Turkey Sausage Links, Frozen Meat for Breakfast",Banquet Salchichas de Pavo Brown 'N Serve para Desayuno,"Pre-cooked frozen turkey sausage links, ready in minutes, 6.4 oz.","Salchichitas de pavo precocidas congeladas, listas en minutos, 6.4 oz.",299,0,false,6.4,oz,oz,oz,false,,true,false,false,true,1,https://d2lnr5mha7bycj.cloudfront.net/product-image/file/large_09443f00-dc90-4c00-9c85-067020dc26e4.jpg,banquet,Frozen Breakfast,"Banquet Brown 'N Serve Turkey Sausage Links, Frozen Meat for Breakfast",2,31000184629,unit,2,2026-04-14,2026-04-13
3,"Banquet Chicken Pot Pie, Frozen Meal",Banquet Pastel de Pollo Congelado,"Frozen chicken pot pie meal with creamy filling, 7 oz individual serving.","Pastel de pollo congelado con relleno cremoso, porcion individual de 7 oz.",229,0,false,7,oz,oz,oz,false,,true,false,false,true,1,https://d2lnr5mha7bycj.cloudfront.net/product-image/file/large_8b7b0572-c650-4e66-8a7b-701257e815db.jpg,banquet,Frozen Entrees,"Banquet Chicken Pot Pie, Frozen Meal",1,31000101015,unit,2,2026-04-14,2026-04-13
5,Eggo Homestyle Frozen Waffles,Eggo Waffles Congelados Estilo Casero,"Classic homestyle frozen waffles for the toaster, 10 ct box.","Waffles congelados clasicos estilo casero para la tostadora, caja de 10 ct.",459,0,false,10,ct,ct,ct,false,,true,false,false,true,1,https://d2lnr5mha7bycj.cloudfront.net/product-image/file/large_7385e553-d014-472c-bf6e-0ca9105ab0af.jpg,eggo,Frozen Breakfast,Eggo Homestyle Frozen Waffles,3,3800040260,unit,2,2026-04-14,2026-04-13
3,Celeste Pizza for One Pepperoni Pizza,Celeste Pizza Individual de Pepperoni,"Individual frozen pepperoni pizza, microwave ready, 5 oz.","Pizza individual de pepperoni congelada, lista en microondas, 5 oz.",239,0,false,5,oz,oz,oz,false,,true,false,false,true,1,https://d2lnr5mha7bycj.cloudfront.net/product-image/file/large_4489a573-520e-41ba-b92a-dd11c2a075cc.jpg,celeste,Frozen Entrees,Celeste Pizza for One Pepperoni Pizza,2,1960004610,unit,2,2026-04-14,2026-04-13
2,"Banquet Brown 'N Serve Original Sausage Links, Frozen Breakfast",Banquet Salchichas Originales Brown 'N Serve para Desayuno,"Pre-cooked frozen pork sausage links for breakfast, 10 ct pack.","Salchichitas de cerdo precocidas congeladas para desayuno, paquete de 10 ct.",299,0,false,10,ct,ct,ct,false,,true,false,false,true,1,https://d2lnr5mha7bycj.cloudfront.net/product-image/file/large_f33ff9e5-b719-45a5-8b66-b2ecc832632e.jpg,banquet,Frozen Breakfast,"Banquet Brown 'N Serve Original Sausage Links, Frozen Breakfast",4,31000307448,unit,2,2026-04-14,2026-04-13
3,Smucker's Uncrustables Peanut Butter & Grape Jelly Sandwich,Smucker's Uncrustables Sandwich de Mantequilla de Mani y Jalea de Uva,"Frozen crustless PB and grape jelly sandwich, 2 oz each.","Sandwich congelado sin corteza de mantequilla de mani y jalea de uva, 2 oz.",549,0,false,2,oz,oz,oz,false,,true,false,false,true,1,https://d2lnr5mha7bycj.cloudfront.net/product-image/file/large_5f1b1861-c553-4c2f-b638-2b34e308291a.jpg,smucker's,Frozen Snacks,Smucker's Uncrustables Peanut Butter & Grape Jelly Sandwich,1,5150004815,unit,2,2026-04-14,2026-04-13
3,"Celeste Sausage and Pepperoni Pizza for One, Individual Microwavable Frozen Pizza",Celeste Pizza Individual de Salchicha y Pepperoni,"Individual microwavable frozen pizza with sausage and pepperoni, 5.5 oz.","Pizza individual congelada de salchicha y pepperoni para microondas, 5.5 oz.",239,0,false,5.5,oz,oz,oz,false,,true,false,false,true,1,https://d2lnr5mha7bycj.cloudfront.net/product-image/file/large_0c9154bb-d960-47fa-835f-4c6b0a3edb6a.jpg,celeste,Frozen Entrees,"Celeste Sausage and Pepperoni Pizza for One, Individual Microwavable Frozen Pizza",3,19600046202,unit,2,2026-04-14,2026-04-13
6,Furlani Garlic Texas Toast,Furlani Pan Tostado Texas con Ajo,"Thick frozen garlic Texas toast slices, 6 ct package.","Rebanadas gruesas congeladas de pan Texas con ajo, paquete de 6 ct.",329,0,false,6,ct,ct,ct,false,,true,false,false,true,1,https://d2lnr5mha7bycj.cloudfront.net/product-image/file/large_ab038b82-f021-40d8-9553-14c6b242aeb8.jpg,furlani,Frozen Breads,Furlani Garlic Texas Toast,2,5963500189,unit,2,2026-04-14,2026-04-13
3,Red Baron Classic Crust Four Cheese Pizza,Red Baron Pizza de Cuatro Quesos con Masa Clasica,"Frozen four cheese pizza with classic crust, 21.06 oz.","Pizza congelada de cuatro quesos con masa clasica, 21.06 oz.",749,0,false,21.06,oz,oz,oz,false,,true,false,false,true,1,https://d2lnr5mha7bycj.cloudfront.net/product-image/file/large_2e583606-8f38-42ca-bd87-5823152d36ed.jpg,red baron,Frozen Entrees,Red Baron Classic Crust Four Cheese Pizza,4,72180634290,unit,1400,2026-04-14,2026-04-13
6,Furlani Garlic Parm Texas Toast,Furlani Pan Tostado Texas con Ajo y Parmesano,"Frozen Texas toast topped with garlic and parmesan, 8 ct pack.","Pan Texas congelado con ajo y parmesano, paquete de 8 ct.",329,0,false,8,ct,ct,ct,false,,true,false,false,true,1,https://d2lnr5mha7bycj.cloudfront.net/product-image/file/large_1ac89d39-0798-47a1-91c5-21394ff78341.jpg,furlani,Frozen Breads,Furlani Garlic Parm Texas Toast,3,59635001951,unit,2,2026-04-14,2026-04-13
6,SUPERPRETZEL® Original Soft Pretzels,SUPERPRETZEL® Pretzels Suaves Originales,"Classic frozen soft pretzels, bake and enjoy, 6 ct pack.","Pretzels suaves congelados clasicos, para hornear y disfrutar, paquete de 6 ct.",499,0,false,6,ct,ct,ct,false,,true,false,false,true,1,https://d2lnr5mha7bycj.cloudfront.net/product-image/file/large_ba75d37a-3a67-4675-8a75-54fec80e1dde.png,superpretzel®,Frozen Breads,SUPERPRETZEL® Original Soft Pretzels,4,73321000189,unit,2,2026-04-14,2026-04-13
6,Hanover Baked Unsalted Sourdough Soft Pretzels,Hanover Pretzels Suaves de Masa Madre Horneados sin Sal,"Unsalted baked sourdough soft pretzels, 6 ct frozen pack.","Pretzels suaves de masa madre horneados sin sal, paquete congelado de 6 ct.",349,0,false,6,ct,ct,ct,false,,true,false,false,true,1,https://d2lnr5mha7bycj.cloudfront.net/product-image/file/large_1cf5be1c-3b9d-45bd-a26f-bd82f503a609.png,hanover,Frozen Breads,Hanover Baked Unsalted Sourdough Soft Pretzels,5,28800600008,unit,2,2026-04-14,2026-04-13
6,Pepperidge Farm Texas Toast Garlic Bread,Pepperidge Farm Pan Texas con Ajo,"Thick frozen Texas toast with garlic butter topping, 8 ct.","Pan Texas grueso congelado con mantequilla de ajo, 8 ct.",499,0,false,8,ct,ct,ct,false,,true,false,false,true,1,https://d2lnr5mha7bycj.cloudfront.net/product-image/file/large_f419174b-97b7-4114-8ad0-b3e5529cc056.jpg,pepperidge farm,Frozen Breads,Pepperidge Farm Texas Toast Garlic Bread,6,5100012767,unit,2,2026-04-14,2026-04-13
3,Smucker's Uncrustables Chocolate Flavored Hazelnut Spread Sandwich,Smucker's Uncrustables Sandwich de Crema de Avellana con Chocolate,"Frozen crustless sandwiches with chocolate hazelnut spread, 4 ct pack.","Sandwiches congelados sin corteza de crema de avellana con chocolate, paquete de 4 ct.",549,0,false,4,ct,ct,ct,false,,true,false,false,true,1,https://d2lnr5mha7bycj.cloudfront.net/product-image/file/large_4ddeafee-a35e-4374-8f77-31b90dd085e9.jpg,smucker's,Frozen Snacks,Smucker's Uncrustables Chocolate Flavored Hazelnut Spread Sandwich,6,5150021179,unit,2,2026-04-14,2026-04-13
3,Alexia Sweet Potato Fries,Alexia Papitas Fritas de Batata,"Frozen sweet potato fries ready for the oven, 20 oz bag.","Papitas fritas congeladas de batata listas para el horno, bolsa de 20 oz.",749,0,false,20,oz,oz,oz,false,,true,false,false,true,1,https://d2lnr5mha7bycj.cloudfront.net/product-image/file/large_af7d5f26-2d00-4277-b9ca-fd2067de892b.png,alexia,Frozen Snacks,Alexia Sweet Potato Fries,7,834183007125,unit,2,2026-04-14,2026-04-13
5,Pillsbury Strawberry Toaster Strudel Frozen Pastries,Pillsbury Toaster Strudel de Fresa Congelados,"Frozen flaky pastries with strawberry filling for the toaster, 6 ct.","Pastelitos hojaldrados congelados rellenos de fresa para la tostadora, 6 ct.",549,0,false,6,ct,ct,ct,false,,true,false,false,true,1,https://d2lnr5mha7bycj.cloudfront.net/product-image/file/large_1fa2cda2-1bec-45b8-a7cd-aec98f6e869c.png,pillsbury,Frozen Breakfast,Pillsbury Strawberry Toaster Strudel Frozen Pastries,12,18000426980,unit,2,2026-04-14,2026-04-13
3,"Italian Village Ravioli, Cheese, Large Round",Italian Village Raviolis de Queso Grandes Redondos,"Frozen large round cheese ravioli, ready to boil, 12 oz pack.","Raviolis grandes redondos de queso congelados, listos para hervir, paquete de 12 oz.",429,0,false,12,oz,oz,oz,false,,true,false,false,true,1,https://d2lnr5mha7bycj.cloudfront.net/product-image/file/large_ddccecbf-c7a8-4616-9b31-7d0143c62bab.png,italian village,Frozen Entrees,"Italian Village Ravioli, Cheese, Large Round",6,31332482516,unit,2,2026-04-14,2026-04-13
6,New York Bakery The Original Texas Toast with Real Garlic,New York Bakery Pan Texas Original con Ajo Real,"Frozen Texas toast with real garlic butter, 8 ct pack.","Pan Texas congelado con mantequilla de ajo real, paquete de 8 ct.",499,0,false,8,ct,ct,ct,false,,true,false,false,true,1,https://d2lnr5mha7bycj.cloudfront.net/product-image/file/large_e039460b-89a6-4b98-aa0c-fe9c083e3a52.png,new york bakery,Frozen Breads,New York Bakery The Original Texas Toast with Real Garlic,7,70459005581,unit,2,2026-04-14,2026-04-13
5,"Cavendish Farms Potato Patties, Hash Brown, Original",Cavendish Farms Tortitas de Papa Hash Brown Original,"Frozen original hash brown potato patties, 10 ct pack.","Tortitas de papa hash brown originales congeladas, paquete de 10 ct.",499,0,false,10,each,each,each,false,,true,false,false,true,1,https://d2lnr5mha7bycj.cloudfront.net/product-image/file/large_c339606f-09f2-41a9-9602-dfbe5fe848a8.png,cavendish farms,Frozen Breakfast,"Cavendish Farms Potato Patties, Hash Brown, Original",13,56210371065,unit,2,2026-04-14,2026-04-13
5,"Dewafelbakkers Frozen Buttermilk Pancakes, 18 Count Pack","Dewafelbakkers Panquecas Congeladas de Buttermilk, 18 Unidades","Pre-cooked frozen buttermilk pancakes, 18 ct, 1.55 lb pack.","Panquecas precocidas congeladas de buttermilk, 18 unidades, 1.55 lb.",649,0,false,1.55,lb,lb,lb,false,,true,false,false,true,1,https://d2lnr5mha7bycj.cloudfront.net/product-image/file/large_09323b15-af4b-4989-bf29-713a1cf0f841.jpg,dewafelbakkers,Frozen Breakfast,Dewafelbakkers Frozen Buttermilk Pancakes Pack,15,679844104573,unit,2,2026-04-14,2026-04-13
3,Kid Cuisine All Star Nuggets Frozen Meal,Kid Cuisine Comida Congelada All Star con Nuggets,"Frozen kids meal with chicken nuggets and sides, 8.8 oz tray.","Comida congelada para ninos con nuggets de pollo y acompanantes, bandeja de 8.8 oz.",359,0,false,8.8,oz,oz,oz,false,,true,false,false,true,1,https://d2lnr5mha7bycj.cloudfront.net/product-image/file/large_95061487-2236-4b92-bcbf-067ff6272ee2.jpg,kid cuisine,Frozen Entrees,Kid Cuisine All Star Nuggets Frozen Meal,8,31000196011,unit,2,2026-04-14,2026-04-13
3,Red Baron Pepperoni Classic Crust Frozen Pizza,Red Baron Pizza Congelada de Pepperoni con Masa Clasica,"Frozen pepperoni pizza with classic crust, 20.6 oz.","Pizza congelada de pepperoni con masa clasica, 20.6 oz.",749,0,false,20.6,oz,oz,oz,false,,true,false,false,true,1,https://d2lnr5mha7bycj.cloudfront.net/product-image/file/large_fb80c7a2-efbc-4696-ab3b-89da2b9259be.jpg,red baron,Frozen Entrees,Red Baron Pepperoni Classic Crust Frozen Pizza,9,7218063473,unit,1400,2026-04-14,2026-04-13
5,"Van's Foods Pancakes, Chocolate Chip, Power Grain Protein",Van's Foods Panquecas de Chispas de Chocolate con Proteina,"Frozen protein pancakes with chocolate chips, 8 ct pack.","Panquecas congeladas con proteina y chispas de chocolate, paquete de 8 ct.",469,0,false,8,ct,ct,ct,false,,true,false,false,true,1,https://d2lnr5mha7bycj.cloudfront.net/product-image/file/large_68427c14-6f7a-4abd-a9c9-bb67acf283b0.png,van's foods,Frozen Breakfast,"Van's Foods Pancakes, Chocolate Chip, Power Grain Protein",18,89947200179,unit,2,2026-04-14,2026-04-13
3,Stouffer's Classic Lasagna With Meat And Sauce Single Serve Oven Ready Frozen Dinners,Stouffer's Lasana Clasica con Carne y Salsa Individual,"Individual frozen lasagna with meat sauce, oven ready, 10.5 oz.","Lasana individual congelada con salsa de carne, lista para el horno, 10.5 oz.",549,0,false,10.5,oz,oz,oz,false,,true,false,false,true,1,https://d2lnr5mha7bycj.cloudfront.net/product-image/file/large_0c3e9fed-a94b-42f9-b795-c1ce72365236.jpg,stouffer's,Frozen Entrees,Stouffer's Classic Lasagna With Meat And Sauce Single Serve Oven Ready Frozen Dinners,11,13800103215,unit,2,2026-04-14,2026-04-13
2,"Tyson Frozen Crispy Chicken Breast Strips, 25 oz",Tyson Tiras de Pechuga de Pollo Crujientes Congeladas,"Frozen breaded crispy chicken breast strips, 25 oz family bag.","Tiras de pechuga de pollo empanizadas crujientes congeladas, bolsa familiar de 25 oz.",1299,0,false,25,oz,oz,oz,false,,true,false,false,true,1,https://d2lnr5mha7bycj.cloudfront.net/product-image/file/large_65fd42e8-1e4d-4e08-918d-eefc7de7686f.png,tyson,Frozen Meat,Tyson Frozen Crispy Chicken Breast Strips,5,23700014108,unit,9500,2026-04-14,2026-04-13
5,"Dewafelbakkers Frozen Chocolate Chip Pancakes, 18 Count Pack","Dewafelbakkers Panquecas Congeladas con Chispas de Chocolate, 18 Unidades","Pre-cooked frozen pancakes with chocolate chips, 18 ct, 1.55 lb.","Panquecas precocidas congeladas con chispas de chocolate, 18 unidades, 1.55 lb.",649,0,false,1.55,lb,lb,lb,false,,true,false,false,true,1,https://d2lnr5mha7bycj.cloudfront.net/product-image/file/large_00fc0d30-0e01-4e2b-8968-a3abe2190363.jpg,dewafelbakkers,Frozen Breakfast,Dewafelbakkers Frozen Chocolate Chip Pancakes Pack,21,679844104658,unit,2,2026-04-14,2026-04-13
5,"Van's Foods Waffles, Protein, Blueberry",Van's Foods Waffles de Proteina con Arandanos,"Frozen protein waffles with blueberries, 9 oz pack for breakfast.","Waffles congelados con proteina y arandanos para desayuno, paquete de 9 oz.",469,0,false,9,oz,oz,oz,false,,true,false,false,true,1,https://d2lnr5mha7bycj.cloudfront.net/product-image/file/large_8b87f630-9372-4fb4-a0f7-6019b61edd26.png,van's foods,Frozen Breakfast,"Van's Foods Waffles, Protein, Blueberry",22,89947302811,unit,2,2026-04-14,2026-04-13
3,Ore-Ida Extra Crispy Fast Food French Fries Fried Food Snacks Frozen Potatoes,Ore-Ida Papas Fritas Extra Crujientes Estilo Fast Food,"Extra crispy frozen French fries for the oven, 26 oz bag.","Papas fritas extra crujientes congeladas para el horno, bolsa de 26 oz.",699,0,false,26,oz,oz,oz,false,,true,false,false,true,1,https://d2lnr5mha7bycj.cloudfront.net/product-image/file/large_b27b7067-f675-4ad4-b421-f00cf78adbf6.jpg,ore-ida,Frozen Snacks,Ore-Ida Extra Crispy Fast Food French Fries Fried Food Snacks Frozen Potatoes,13,1312001417,unit,2,2026-04-14,2026-04-13
6,Café Valley Bakery Corn Mini Muffins,Café Valley Bakery Mini Muffins de Maiz,"Soft mini corn muffins, ready to eat, 12 ct pack.","Mini muffins de maiz suaves, listos para comer, paquete de 12 ct.",599,0,false,12,ct,ct,ct,false,,true,false,false,true,1,https://d2lnr5mha7bycj.cloudfront.net/product-image/file/large_bcab8152-ac52-4ecc-91be-aa5f06c17b11.png,café valley bakery,Breakfast Bakery,Café Valley Bakery Corn Mini Muffins,1,40697712039,unit,2,2026-04-14,2026-04-13
2,TGIF Honey BBQ Chicken Wings Frozen Snacks,TGIF Alitas de Pollo Congeladas Sabor BBQ con Miel,"Frozen cooked chicken wings with honey BBQ sauce, 9 oz bag.","Alitas de pollo cocidas congeladas con salsa BBQ y miel, bolsa de 9 oz.",729,0,false,9,oz,oz,oz,false,,true,false,false,true,1,https://d2lnr5mha7bycj.cloudfront.net/product-image/file/large_2cc09402-e8d5-4a79-b19c-ba69743b4915.jpg,tgif,Frozen Meat,TGIF Honey BBQ Chicken Wings Frozen Snacks,6,46704098486,unit,2,2026-04-14,2026-04-13
2,Applegate Chicken & Sage Breakfast Sausage,Applegate Salchichas de Desayuno de Pollo con Salvia,"Frozen breakfast sausage patties with chicken and sage, 7 oz pack.","Salchichas de desayuno congeladas de pollo con salvia, paquete de 7 oz.",649,0,false,7,oz,oz,oz,false,,true,false,false,true,1,https://d2lnr5mha7bycj.cloudfront.net/product-image/file/large_5dcd6bc1-2b0e-46d5-921a-09b5be880b83.png,applegate,Frozen Breakfast,Applegate Chicken & Sage Breakfast Sausage,23,25317006972,unit,9500,2026-04-14,2026-04-13
3,Nathan’s Famous Jumbo Crinkle Cut French Fries,Nathan's Famous Papas Fritas Jumbo Crinkle Cut,"Frozen jumbo crinkle cut French fries for the oven, 28 oz.","Papas fritas jumbo congeladas corte crinkle para el horno, 28 oz.",699,0,false,28,oz,oz,oz,false,,true,false,false,true,1,https://d2lnr5mha7bycj.cloudfront.net/product-image/file/large_97626625-2adb-4bc8-9c63-27089677249d.png,nathan’s famous,Frozen Snacks,Nathan’s Famous Jumbo Crinkle Cut French Fries,17,43301305191,unit,2,2026-04-14,2026-04-13
3,Ore-Ida Crispy Tater Tots,Ore-Ida Tater Tots Crujientes,"Crispy frozen potato tots for the oven, 32 oz family bag.","Tater tots de papa congelados crujientes para el horno, bolsa familiar de 32 oz.",799,0,false,32,oz,oz,oz,false,,true,false,false,true,1,https://d2lnr5mha7bycj.cloudfront.net/product-image/file/large_7f5b0f5c-24fc-4be8-9982-7e61a17a8713.jpg,ore-ida,Frozen Snacks,Ore-Ida Crispy Tater Tots,18,1312000082,unit,2,2026-04-14,2026-04-13
3,Bagel Bites Three Cheese Mini Pizza Bagel Frozen Food Snacks,Bagel Bites Mini Pizzas de Tres Quesos Congeladas,"Frozen mini pizza bagels with three cheeses, 9 ct snack pack.","Mini pizzas en bagel congeladas con tres quesos, paquete de 9 ct.",399,0,false,9,ct,ct,ct,false,,true,false,false,true,1,https://d2lnr5mha7bycj.cloudfront.net/product-image/file/large_d0165588-839d-413c-a40a-ccb1c6bf99aa.jpg,bagel bites,Frozen Snacks,Bagel Bites Three Cheese Mini Pizza Bagel Frozen Food Snacks,20,70085060107,unit,2,2026-04-14,2026-04-13
3,Lean Cuisine Frozen Meal Five Cheese Rigatoni,Lean Cuisine Comida Congelada Rigatoni de Cinco Quesos,"Frozen rigatoni pasta with five-cheese sauce, 10 oz tray.","Pasta rigatoni congelada con salsa de cinco quesos, bandeja de 10 oz.",499,0,false,10,oz,oz,oz,false,,true,false,false,true,1,https://d2lnr5mha7bycj.cloudfront.net/product-image/file/large_e0daaed9-7fa5-471e-aaba-21fae6f3c96c.jpg,lean cuisine,Frozen Entrees,Lean Cuisine Frozen Meal Five Cheese Rigatoni,16,13800174208,unit,2,2026-04-14,2026-04-13
3,Bibigo Frozen Pork & Vegetable Steamed Dumplings,Bibigo Dumplings al Vapor Congelados de Cerdo y Vegetales,"Frozen steamed dumplings with pork and vegetable filling, 6.59 oz.","Dumplings al vapor congelados rellenos de cerdo y vegetales, 6.59 oz.",359,0,false,6.59,oz,oz,oz,false,,true,false,false,true,1,https://d2lnr5mha7bycj.cloudfront.net/product-image/file/large_c7920cdd-9910-487f-9605-9b3db403716b.jpg,bibigo,Frozen Snacks,Bibigo Frozen Pork & Vegetable Steamed Dumplings,21,807176712740,unit,1400,2026-04-14,2026-04-13
6,Lender's Original Plain Pre Sliced Bagels,Lender's Bagels Originales Pre-Rebanados,"Pre-sliced frozen plain bagels, ready for the toaster, 6 ct.","Bagels naturales pre-rebanados congelados, listos para la tostadora, 6 ct.",359,0,false,6,ct,ct,ct,false,,true,false,false,true,1,https://d2lnr5mha7bycj.cloudfront.net/product-image/file/large_95fb67ef-578e-4669-8e2a-ffbabb12b194.png,lender's,Frozen Breads,Lender's Original Plain Pre Sliced Bagels,8,76800000113,unit,2,2026-04-14,2026-04-13
1,"Campoverde Fruit & Veggie Blenders, Fit & Wellness",Campoverde Mezcla de Frutas y Vegetales Fit & Wellness,"Frozen fruit and vegetable smoothie blend, 2 lb bag.","Mezcla congelada de frutas y vegetales para batidos, bolsa de 2 lb.",1499,0,false,2,lb,lb,lb,false,,true,false,false,true,1,https://d2lnr5mha7bycj.cloudfront.net/product-image/file/large_7336dfb4-fd38-4edf-a142-e5bedf400388.png,campoverde,Frozen Fruit,"Campoverde Fruit & Veggie Blenders, Fit & Wellness",2,5252540424,unit,2,2026-04-14,2026-04-13
3,Stouffer's Roast Turkey,Stouffer's Pavo Asado Congelado,"Frozen sliced roast turkey with gravy, individual 9.625 oz meal.","Pavo asado rebanado congelado con gravy, comida individual de 9.625 oz.",549,0,false,9.625,oz,oz,oz,false,,true,false,false,true,1,https://d2lnr5mha7bycj.cloudfront.net/product-image/file/large_40ff2999-7814-4b1c-a9ab-12cc0d840b7a.jpg,stouffer's,Frozen Entrees,Stouffer's Roast Turkey,17,13800101723,unit,2,2026-04-14,2026-04-13
3,Bibigo Frozen Chicken & Vegetable Steamed Dumplings,Bibigo Dumplings al Vapor Congelados de Pollo y Vegetales,"Frozen steamed dumplings with chicken and vegetables, 6.59 oz pack.","Dumplings al vapor congelados rellenos de pollo y vegetales, paquete de 6.59 oz.",359,0,false,6.59,oz,oz,oz,false,,true,false,false,true,1,https://d2lnr5mha7bycj.cloudfront.net/product-image/file/large_3250e73c-2669-49b1-8b7e-c8ab2909cfd4.jpg,bibigo,Frozen Snacks,Bibigo Frozen Chicken & Vegetable Steamed Dumplings,22,807176712733,unit,1400,2026-04-14,2026-04-13
2,Applegate Savory Turkey Breakfast Sausage Links (Frozen),Applegate Salchichas de Pavo para Desayuno Congeladas,"Frozen savory turkey breakfast sausage links, 10 ct pack.","Salchichitas de pavo sabrosas congeladas para desayuno, paquete de 10 ct.",649,0,false,10,ct,ct,ct,false,,true,false,false,true,1,https://d2lnr5mha7bycj.cloudfront.net/product-image/file/large_dcc9ee0e-0389-4f2e-9236-040b42eefacb.png,applegate,Frozen Breakfast,Applegate Savory Turkey Breakfast Sausage Links (Frozen),29,25317694001,unit,9500,2026-04-14,2026-04-13
6,Mini Croissants Plain,Mini Croissants Naturales,"Buttery mini croissants, ready to enjoy, 8 ct pack.","Mini croissants con mantequilla, listos para disfrutar, paquete de 8 ct.",599,0,false,8,ct,ct,ct,false,,true,false,false,true,1,https://d2lnr5mha7bycj.cloudfront.net/product-image/file/large_53e4c63b-86a4-4f81-900a-3f8e69500f9e.jpg,,Breakfast Bakery,Mini Croissants Plain,2,699975900110,unit,2,2026-04-14,2026-04-13
1,Goya Cassava,Goya Yuca,"Frozen peeled cassava (yuca) ready to cook, 24 oz bag.","Yuca pelada congelada lista para cocinar, bolsa de 24 oz.",399,0,false,24,oz,oz,oz,false,,true,false,false,true,1,https://d2lnr5mha7bycj.cloudfront.net/product-image/file/large_1edbf9c5-b137-4c15-bc82-02a07052ff75.png,goya,Frozen Vegetables,Goya Cassava,9,41331090520,unit,5602,2026-04-14,2026-04-13
3,Tower Isles Jamaican Style Mild Beef Patties,"Tower Isles Patties de Carne Estilo Jamaiquino, Suave","Frozen Jamaican-style mild beef patties in flaky crust, 3 ct.","Patties estilo jamaiquino de carne de res suave en masa hojaldrada, 3 ct.",799,0,false,3,ct,ct,ct,false,,true,false,false,true,1,https://d2lnr5mha7bycj.cloudfront.net/product-image/file/large_4b42d925-9c2a-4c20-ac3e-1d951331711e.jpg,tower isles,Frozen Snacks,Tower Isles Jamaican Style Mild Beef Patties,24,73773123368,unit,9500,2026-04-14,2026-04-13
3,"Alexia Fries, Waffle Cut, Sweet Potato",Alexia Papitas de Batata Corte Waffle,"Waffle-cut frozen sweet potato fries for the oven, 20 oz bag.","Papitas de batata congeladas corte waffle para el horno, bolsa de 20 oz.",749,0,false,20,oz,oz,oz,false,,true,false,false,true,1,https://d2lnr5mha7bycj.cloudfront.net/product-image/file/large_55e1520c-ca07-4199-b0ff-57c5c791f4ea.png,alexia,Frozen Snacks,"Alexia Fries, Waffle Cut, Sweet Potato",25,834183007149,unit,2,2026-04-14,2026-04-13
3,Cool Whip Reduced Fat Whipped Topping,Cool Whip Crema Batida Reducida en Grasa,"Frozen reduced-fat whipped topping for desserts, 8 oz tub.","Crema batida reducida en grasa congelada para postres, envase de 8 oz.",329,0,false,8,oz,oz,oz,false,,true,false,false,true,1,https://d2lnr5mha7bycj.cloudfront.net/product-image/file/large_f7af8454-3fb2-4b25-8bf3-2e475f0168ca.jpg,cool whip,Frozen Desserts,Cool Whip Reduced Fat Whipped Topping,28,4300000950,unit,2,2026-04-14,2026-04-13
1,WOODSTOCK Organic Mixed Mushrooms,WOODSTOCK Hongos Organicos Mezclados,"Frozen mix of organic mushrooms for cooking, 10 oz bag.","Mezcla de hongos organicos congelados para cocinar, bolsa de 10 oz.",699,0,false,10,oz,oz,oz,false,,true,false,false,true,1,https://d2lnr5mha7bycj.cloudfront.net/product-image/file/large_c9a18f81-2b8e-46e5-ad15-e84df4795e1b.jpg,woodstock,Frozen Vegetables,WOODSTOCK Organic Mixed Mushrooms,10,42563007485,unit,6009,2026-04-14,2026-04-13
2,Tyson Any’tizers BBQ Flavored Wings Frozen,Tyson Any'tizers Alitas de Pollo Sabor BBQ Congeladas,"Frozen cooked chicken wings with BBQ sauce, 22 oz bag.","Alitas de pollo cocidas congeladas con salsa BBQ, bolsa de 22 oz.",1299,0,false,22,oz,oz,oz,false,,true,false,false,true,1,https://d2lnr5mha7bycj.cloudfront.net/product-image/file/large_e103a5f4-fedb-49b4-ae04-d4462cb5b3c8.png,tyson,Frozen Meat,Tyson Any’tizers BBQ Flavored Wings Frozen,8,23700046871,unit,9500,2026-04-14,2026-04-13
1,Earthbound Farm Frozen Organic Broccoli Florets,Earthbound Farm Floretes de Brocoli Organicos Congelados,"Organic frozen broccoli florets, ready to steam, 9 oz bag.","Floretes de brocoli organicos congelados, listos para cocinar al vapor, bolsa de 9 oz.",399,0,false,9,oz,oz,oz,false,,true,false,false,true,1,https://d2lnr5mha7bycj.cloudfront.net/product-image/file/large_f3a80306-a753-416f-b90f-9ce64254e2c2.png,earthbound farm,Frozen Vegetables,Earthbound Farm Frozen Organic Broccoli Florets,11,32601025090,unit,2,2026-04-14,2026-04-13
3,"Birds Eye Steamfresh Whole Grain Rice with Broccoli and Carrots, Frozen Vegetables",Birds Eye Steamfresh Arroz Integral con Brocoli y Zanahorias,"Frozen whole grain rice with broccoli and carrots, steam-in-bag, 10 oz.","Arroz integral congelado con brocoli y zanahorias, bolsa al vapor, 10 oz.",329,0,false,10,oz,oz,oz,false,,true,false,false,true,1,https://d2lnr5mha7bycj.cloudfront.net/product-image/file/large_582e352d-4c85-4be9-941d-a940faa1727f.jpg,birds eye,Frozen Entrees,"Birds Eye Steamfresh Whole Grain Rice with Broccoli and Carrots, Frozen Vegetables",29,14500013996,unit,2,2026-04-14,2026-04-13
3,Totino's Pizza Rolls Pepperoni Flavored Frozen Snacks,Totino's Pizza Rolls de Pepperoni Congelados,"Frozen pizza rolls with pepperoni filling, 15 ct snack pack.","Pizza rolls congelados rellenos de pepperoni, paquete de 15 ct.",319,0,false,15,ct,ct,ct,false,,true,false,false,true,1,https://d2lnr5mha7bycj.cloudfront.net/product-image/file/large_2b89043d-6c30-46b9-816e-0de428432290.png,totino's,Frozen Snacks,Totino's Pizza Rolls Pepperoni Flavored Frozen Snacks,31,42800005830,unit,2,2026-04-14,2026-04-13
1,"Birds Eye Steamfresh Cut Green Beans, Frozen Vegetables",Birds Eye Steamfresh Habichuelas Verdes Cortadas,"Frozen cut green beans in steam-in-bag, 10 oz.","Habichuelas verdes cortadas congeladas en bolsa al vapor, 10 oz.",329,0,false,10,oz,oz,oz,false,,true,false,false,true,1,https://d2lnr5mha7bycj.cloudfront.net/product-image/file/large_c47a8b79-a798-4b7b-bd5e-c3314f26ca11.jpg,birds eye,Frozen Vegetables,"Birds Eye Steamfresh Cut Green Beans, Frozen Vegetables",12,14500021014,unit,2,2026-04-14,2026-04-13
1,"Golden Potato Pancakes, traditional Latkes",Golden Panquecas de Papa Tradicionales Latkes,"Frozen traditional potato latkes, ready to heat, 8 ct pack.","Panquecas tradicionales de papa latkes congeladas, listas para calentar, paquete de 8 ct.",569,0,false,8,ct,ct,ct,false,,true,false,false,true,1,https://d2lnr5mha7bycj.cloudfront.net/product-image/file/large_67245eeb-81c5-4877-b9f4-5a0e5949366c.jpg,golden,Frozen Vegetables,"Golden Potato Pancakes, traditional Latkes",13,41641201036,unit,2,2026-04-14,2026-04-13
1,Green Giant Cauliflower Riced Veggies,Green Giant Coliflor Tipo Arroz,"Frozen cauliflower riced as a low-carb rice alternative, 10 oz.","Coliflor congelada tipo arroz, alternativa baja en carbohidratos, 10 oz.",379,0,false,10,oz,oz,oz,false,,true,false,false,true,1,https://d2lnr5mha7bycj.cloudfront.net/product-image/file/large_fc9dff09-4da4-42b0-baa0-9a150e166e4f.png,green giant,Frozen Vegetables,Green Giant Cauliflower Riced Veggies,14,190569123101,unit,2,2026-04-14,2026-04-13
2,"Perdue Chicken Nuggets, Panko",Perdue Nuggets de Pollo Empanizados con Panko,"Frozen chicken nuggets with crispy panko breading, 29 oz bag.","Nuggets de pollo congelados con empanizado crujiente de panko, bolsa de 29 oz.",849,0,false,29,oz,oz,oz,false,,true,false,false,true,1,https://d2lnr5mha7bycj.cloudfront.net/product-image/file/large_a402503d-9dad-44d7-a12a-32e4dec0c683.png,perdue,Frozen Meat,"Perdue Chicken Nuggets, Panko",9,72745804236,unit,9500,2026-04-14,2026-04-13
1,Earthbound Farm Frozen Organic Butternut Squash,Earthbound Farm Auyama Butternut Organica Congelada,"Organic frozen cubed butternut squash for cooking, 10 oz bag.","Auyama butternut organica en cubitos congelada para cocinar, bolsa de 10 oz.",399,0,false,10,oz,oz,oz,false,,true,false,false,true,1,https://d2lnr5mha7bycj.cloudfront.net/product-image/file/large_c7f4fe66-d0c0-4786-a343-296b81bc36a8.png,earthbound farm,Frozen Vegetables,Earthbound Farm Frozen Organic Butternut Squash,15,32601025120,unit,2,2026-04-14,2026-04-13
1,Dole Blueberries,Dole Arandanos,"Frozen whole blueberries for smoothies and baking, 12 oz bag.","Arandanos enteros congelados para batidos y reposteria, bolsa de 12 oz.",599,0,false,12,oz,oz,oz,false,,true,false,false,true,1,https://d2lnr5mha7bycj.cloudfront.net/product-image/file/large_6fd75e12-7abb-401e-8e53-7ec6fd345d72.png,dole,Frozen Fruit,Dole Blueberries,4,7120232012,unit,2,2026-04-14,2026-04-13
6,Lender's Original Onion Bagels,Lender's Bagels Originales de Cebolla,"Frozen pre-sliced onion bagels for the toaster, 6 ct pack.","Bagels de cebolla pre-rebanados congelados para la tostadora, paquete de 6 ct.",359,0,false,6,ct,ct,ct,false,,true,false,false,true,1,https://d2lnr5mha7bycj.cloudfront.net/product-image/file/large_7970b48a-2872-43a7-af88-8a0ec2c39bcf.png,lender's,Frozen Breads,Lender's Original Onion Bagels,9,76800000137,unit,2,2026-04-14,2026-04-13
1,Dole Mango Chunks,Dole Trozos de Mango,"Frozen mango chunks for smoothies and desserts, 16 oz bag.","Trozos de mango congelados para batidos y postres, bolsa de 16 oz.",599,0,false,16,oz,oz,oz,false,,true,false,false,true,1,https://d2lnr5mha7bycj.cloudfront.net/product-image/file/large_a2a5ffc7-3ec3-4647-b34f-d3d29fd049e7.png,dole,Frozen Fruit,Dole Mango Chunks,5,71202105183,unit,2,2026-04-14,2026-04-13
3,Dole Dippers Dark Chocolate Banana Slices,Dole Dippers Rodajas de Guineo con Chocolate Oscuro,"Frozen banana slices dipped in dark chocolate, 1.55 oz treat.","Rodajas de guineo congeladas cubiertas con chocolate oscuro, 1.55 oz.",549,0,false,1.55,oz,oz,oz,false,,true,false,false,true,1,https://d2lnr5mha7bycj.cloudfront.net/product-image/file/large_61103327-fd27-4d10-b7a2-fad1a08ef96b.png,dole,Frozen Desserts,Dole Dippers Dark Chocolate Banana Slices,36,71202163053,unit,2,2026-04-14,2026-04-13
3,"Hebrew National Beef Franks with Puff Pastry Blanket, Frozen Snacks",Hebrew National Salchichas de Res envueltas en Masa Hojaldrada,"Frozen beef franks wrapped in puff pastry, 18.4 oz snack pack.","Salchichas de res envueltas en masa hojaldrada congeladas, paquete de 18.4 oz.",2699,0,false,18.4,oz,oz,oz,false,,true,false,false,true,1,https://d2lnr5mha7bycj.cloudfront.net/product-image/file/large_52f7a5a1-4d3f-4bf4-a774-075aebd0334e.jpg,hebrew national,Frozen Snacks,"Hebrew National Beef Franks with Puff Pastry Blanket, Frozen Snacks",35,74956201415,unit,2,2026-04-14,2026-04-13
1,"Seapoint Farms Shelled Soybeans, Edamame",Seapoint Farms Edamame Pelado,"Frozen shelled edamame soybeans, ready to heat, 12 oz bag.","Edamame pelado congelado, listo para calentar, bolsa de 12 oz.",379,0,false,12,oz,oz,oz,false,,true,false,false,true,1,https://d2lnr5mha7bycj.cloudfront.net/product-image/file/large_3e061208-1c4d-499d-add9-96dd00df683a.png,seapoint farms,Frozen Vegetables,"Seapoint Farms Shelled Soybeans, Edamame",16,71157500491,unit,2,2026-04-14,2026-04-13
1,"Seapoint Farms Frozen Edamame in Pods, Lightly Salted, Thaw & Serve","Seapoint Farms Edamame en Vaina Ligeramente Salado, Descongelar y Servir","Lightly salted frozen edamame in pods, thaw and serve, 14 oz.","Edamame en vaina congelado ligeramente salado, descongelar y servir, 14 oz.",379,0,false,14,oz,oz,oz,false,,true,false,false,true,1,https://d2lnr5mha7bycj.cloudfront.net/product-image/file/large_d9ea61ac-14d4-4e09-a162-427897b2312c.png,seapoint farms,Frozen Vegetables,"Seapoint Farms Frozen Edamame in Pods, Lightly Salted, Thaw & Serve",17,71157500373,unit,2,2026-04-14,2026-04-13
1,Stouffer's Spinach Soufflé,Stouffer's Sufle de Espinaca,"Frozen spinach souffle, ready to bake as a side, 12 oz.","Sufle de espinaca congelado, listo para hornear como acompanante, 12 oz.",429,0,false,12,oz,oz,oz,false,,true,false,false,true,1,https://d2lnr5mha7bycj.cloudfront.net/product-image/file/large_0297e5e8-134b-4a86-aad0-7d4876bd875b.jpg,stouffer's,Frozen Vegetables,Stouffer's Spinach Soufflé,18,13800105851,unit,2,2026-04-14,2026-04-13
3,"Birds Eye Voila! Garlic Shrimp Skillet Meals, Frozen Meal",Birds Eye Voila! Camarones al Ajillo para Sarten,"Frozen skillet meal with garlic shrimp and vegetables, 21 oz bag.","Comida congelada para sarten con camarones al ajillo y vegetales, bolsa de 21 oz.",949,0,false,21,oz,oz,oz,false,,true,false,false,true,1,https://d2lnr5mha7bycj.cloudfront.net/product-image/file/large_c05e22c2-838a-4440-92a3-f5c878912e4c.jpg,birds eye,Frozen Entrees,"Birds Eye Voila! Garlic Shrimp Skillet Meals, Frozen Meal",43,14500007278,unit,2,2026-04-14,2026-04-13
3,Cool Whip Original Whipped Topping,Cool Whip Crema Batida Original,"Classic frozen whipped topping for desserts, 8 oz tub.","Crema batida clasica congelada para postres, envase de 8 oz.",329,0,false,8,oz,oz,oz,false,,true,false,false,true,1,https://d2lnr5mha7bycj.cloudfront.net/product-image/file/large_cec6097a-5aa8-4e1a-9c6f-c9d2872f0237.jpg,cool whip,Frozen Desserts,Cool Whip Original Whipped Topping,45,43000009536,unit,2,2026-04-14,2026-04-13
3,Kodiak Power Waffles Dark Chocolate,Kodiak Power Waffles de Chocolate Oscuro,"Frozen protein-packed dark chocolate waffles for the toaster, 8 ct.","Waffles congelados con proteina sabor chocolate oscuro para la tostadora, 8 ct.",699,0,false,8,ct,ct,ct,false,,true,false,false,true,1,https://d2lnr5mha7bycj.cloudfront.net/product-image/file/large_47e4975c-1ff6-4d46-b288-a911b2859481.png,kodiak,Frozen Breakfast,Kodiak Power Waffles Dark Chocolate,34,705599012709,unit,2,2026-04-14,2026-04-13
2,Gorton's Beer Battered Crispy Fillets,Gorton's Filetes de Pescado Crujientes con Rebozado de Cerveza,"Frozen crispy fish fillets in beer batter, 18.2 oz pack.","Filetes de pescado crujientes congelados con rebozado de cerveza, paquete de 18.2 oz.",1199,0,false,18.2,oz,oz,oz,false,,true,false,false,true,1,https://d2lnr5mha7bycj.cloudfront.net/product-image/file/large_07783e8c-cf68-45d0-adce-6333da2114ca.jpg,gorton's,Frozen Seafood,Gorton's Beer Battered Crispy Fillets,15,44400153508,unit,2,2026-04-14,2026-04-13
3,Buddig Turkey,Buddig Pavo Rebanado,"Thinly sliced deli turkey for sandwiches, 2 oz pack.","Pavo rebanado fino tipo deli para sandwiches, paquete de 2 oz.",99,0,false,2,oz,oz,oz,false,,true,false,false,true,1,https://d2lnr5mha7bycj.cloudfront.net/product-image/file/large_8cb826ab-845e-465d-87eb-d31d7010faee.jpg,buddig,Deli Meats,Buddig Turkey,4,77400127330,unit,3,2026-04-14,2026-04-13
6,Sara Lee Dutch Apple Pie,Sara Lee Pay de Manzana Estilo Holandes,"Frozen Dutch apple pie with streusel topping, 34 oz pie.","Pay de manzana estilo holandes congelado con cubierta de streusel, 34 oz.",899,0,false,34,oz,oz,oz,false,,true,false,false,true,1,https://d2lnr5mha7bycj.cloudfront.net/product-image/file/large_0cfff9cc-dd7b-4802-b590-fde0aa8ac786.png,sara lee,Frozen Desserts,Sara Lee Dutch Apple Pie,64,32100083638,unit,2,2026-04-14,2026-04-13
3,Totino's Pizza Rolls Combination Flavored Frozen Snacks,Totino's Pizza Rolls Combinacion Congelados,"Frozen pizza rolls with sausage and pepperoni filling, 15 ct pack.","Pizza rolls congelados rellenos de salchicha y pepperoni, paquete de 15 ct.",319,0,false,15,ct,ct,ct,false,,true,false,false,true,1,https://d2lnr5mha7bycj.cloudfront.net/product-image/file/large_37b03313-4b93-4f96-af19-7ee4152efbd8.png,totino's,Frozen Snacks,Totino's Pizza Rolls Combination Flavored Frozen Snacks,47,42800005861,unit,2,2026-04-14,2026-04-13
1,Birds Eye Southland Yellow Turnips,Birds Eye Southland Nabos Amarillos,"Frozen diced yellow turnips, ready to cook, 12 oz bag.","Nabos amarillos en cubitos congelados, listos para cocinar, bolsa de 12 oz.",339,0,false,12,oz,oz,oz,true,250,true,false,false,true,1,https://d2lnr5mha7bycj.cloudfront.net/product-image/file/large_6af3561a-c39e-44bf-8f2d-d275808201ed.jpg,birds eye,Frozen Vegetables,Birds Eye Southland Yellow Turnips,20,38897491113,unit,2,2026-04-14,2026-04-13
2,"Quorn Chiqin Nuggets, Meatless",Quorn Nuggets Chiqin Sin Carne,"Frozen meatless chicken-style nuggets made with mycoprotein, 10.6 oz.","Nuggets congelados estilo pollo sin carne hechos con micoproteina, 10.6 oz.",629,0,false,10.6,oz,oz,oz,false,,true,false,false,true,1,https://d2lnr5mha7bycj.cloudfront.net/product-image/file/large_594db63f-e8dd-48f4-b74f-bd2de33548af.png,quorn,Frozen Meat Alternatives,"Quorn Chiqin Nuggets, Meatless",17,833735000065,unit,2,2026-04-14,2026-04-13
6,Pepperidge Farm Frozen Garlic Bread,Pepperidge Farm Pan con Ajo Congelado,"Frozen French bread with garlic butter, ready to bake, 10 oz.","Pan frances congelado con mantequilla de ajo, listo para hornear, 10 oz.",499,0,false,10,oz,oz,oz,false,,true,false,false,true,1,https://d2lnr5mha7bycj.cloudfront.net/product-image/file/large_e8e15c33-9318-4042-aad5-0e4d2429c002.jpg,pepperidge farm,Frozen Breads,Pepperidge Farm Frozen Garlic Bread,12,5100007546,unit,2,2026-04-14,2026-04-13
3,"Banquet Turkey Pot Pie, Frozen Meal",Banquet Pastel de Pavo Congelado,"Individual frozen turkey pot pie with creamy filling, 7 oz.","Pastel individual de pavo congelado con relleno cremoso, 7 oz.",229,0,false,7,oz,oz,oz,false,,true,false,false,true,1,https://d2lnr5mha7bycj.cloudfront.net/product-image/file/large_218d7c63-a421-43c2-b6c8-58ecd3177228.jpg,banquet,Frozen Entrees,"Banquet Turkey Pot Pie, Frozen Meal",63,31000101039,unit,2,2026-04-14,2026-04-13
6,Muffin Town Corn Muffin Tops - 8 Pack,"Muffin Town Tops de Muffin de Maiz, 8 Unidades","Soft corn muffin tops, 8 pack, 16 oz total.","Tops suaves de muffin de maiz, paquete de 8, total 16 oz.",699,0,false,16,oz,oz,oz,false,,true,false,false,true,1,https://d2lnr5mha7bycj.cloudfront.net/product-image/file/large_40eb182e-183d-4be3-8fff-3a83b91a503f.jpg,muffin town,Breakfast Bakery,Muffin Town Corn Muffin Tops -,3,33547414054,unit,2,2026-04-14,2026-04-13
6,"Sara Lee Pound Cake, Classic, Family Size",Sara Lee Bizcocho Pound Cake Clasico Tamano Familiar,"Classic frozen pound cake, family size, 16 oz loaf.","Bizcocho pound cake clasico congelado, tamano familiar, 16 oz.",899,0,false,16,oz,oz,oz,false,,true,false,false,true,1,https://d2lnr5mha7bycj.cloudfront.net/product-image/file/large_3e361404-ee21-44b7-bb46-78fbbb0f49c4.png,sara lee,Frozen Desserts,"Sara Lee Pound Cake, Classic, Family Size",82,32100034043,unit,2,2026-04-14,2026-04-13
3,"McCain Sweet Potato Crinkle Fries, 19 oz (Frozen Sweet Potatoes)",McCain Papitas de Batata Corte Crinkle,"Frozen crinkle-cut sweet potato fries for the oven, 19 oz bag.","Papitas de batata congeladas corte crinkle para el horno, bolsa de 19 oz.",599,0,false,19,oz,oz,oz,false,,true,false,false,true,1,https://d2lnr5mha7bycj.cloudfront.net/product-image/file/large_2a218f54-9fc0-446d-a926-52620df94d4f.png,mccain,Frozen Snacks,McCain Sweet Potato Crinkle Fries (Frozen Sweet Potatoes),51,72714051333,unit,2,2026-04-14,2026-04-13
6,Muffin Town Chocolate Chip Muffin Tops,Muffin Town Tops de Muffin con Chispas de Chocolate,"Soft muffin tops with chocolate chips, 16 oz package.","Tops de muffin suaves con chispas de chocolate, paquete de 16 oz.",699,0,false,16,oz,oz,oz,false,,true,false,false,true,1,https://d2lnr5mha7bycj.cloudfront.net/product-image/file/large_4af4ea9c-44bd-4478-96d0-c4d7d0f9fa55.jpg,muffin town,Breakfast Bakery,Muffin Town Chocolate Chip Muffin Tops,4,33547414108,unit,2,2026-04-14,2026-04-13
3,"Tower Isles Jamaican Style, Hot Beef, Patties","Tower Isles Patties de Carne Estilo Jamaiquino, Picantes","Frozen Jamaican-style spicy beef patties in flaky crust, 3 ct.","Patties estilo jamaiquino de carne picante en masa hojaldrada, 3 ct.",799,0,false,3,ct,ct,ct,false,,true,false,false,true,1,https://d2lnr5mha7bycj.cloudfront.net/product-image/file/large_5551b532-1ca9-48b7-af14-2c55cb5072dd.jpg,tower isles,Frozen Snacks,"Tower Isles Jamaican Style, Hot Beef, Patties",53,73773363122,unit,9500,2026-04-14,2026-04-13
2,"Perdue Chicken Strips, Crispy",Perdue Tiras de Pollo Crujientes,"Frozen crispy breaded chicken strips, 26 oz family bag.","Tiras de pollo empanizadas crujientes congeladas, bolsa familiar de 26 oz.",1099,0,false,26,oz,oz,oz,true,799,true,false,false,true,1,https://d2lnr5mha7bycj.cloudfront.net/product-image/file/large_17eb2265-9d5a-4856-a247-4ab9c8ec7c46.png,perdue,Frozen Meat,"Perdue Chicken Strips, Crispy",11,72745804717,unit,9500,2026-04-14,2026-04-13
3,Goya Beef Empanadas,Goya Empanadas de Carne,"Frozen beef-filled empanadas, ready to bake or fry, 4 ct pack.","Empanadas rellenas de carne congeladas, listas para hornear o freir, paquete de 4 ct.",699,0,false,4,ct,ct,ct,false,,true,false,false,true,1,https://d2lnr5mha7bycj.cloudfront.net/product-image/file/large_bade3810-7a5e-4b83-8765-5742ec88dcf1.png,goya,Frozen Entrees,Goya Beef Empanadas,71,41331090346,unit,5602,2026-04-14,2026-04-13
3,Dole Pineapple Chunks,Dole Trozos de Pina,"Frozen pineapple chunks for smoothies and fruit bowls, 8 oz bag.","Trozos de pina congelados para batidos y ensaladas de frutas, bolsa de 8 oz.",169,0,false,8,oz,oz,oz,false,,true,false,false,true,1,https://d2lnr5mha7bycj.cloudfront.net/product-image/file/large_21dd0d86-0e98-4820-aa7b-b45e8f3c9a9c.png,dole,Canned Goods,Dole Pineapple Chunks,136,38900004699,unit,1,2026-04-14,2026-04-13
2,Perdue Popcorn Chicken,Perdue Popcorn Chicken Bocaditos de Pollo,"Frozen bite-size breaded popcorn chicken, 26 oz family bag.","Bocaditos de pollo empanizados tamano mordida congelados, bolsa familiar de 26 oz.",1099,0,false,26,oz,oz,oz,true,799,true,false,false,true,1,https://d2lnr5mha7bycj.cloudfront.net/product-image/file/large_44040cc3-6e15-4d3f-804f-425e31802d4e.png,perdue,Frozen Meat,Perdue Popcorn Chicken,12,72745804618,unit,9500,2026-04-14,2026-04-13
1,Foodtown Steam-in-Bag Whole Green Beans,Foodtown Habichuelas Verdes Enteras para Vapor en Bolsa,"Whole green beans in a steam-in-bag pouch, 12 oz frozen.","Habichuelas verdes enteras en bolsa al vapor, congeladas, 12 oz.",269,0,false,12,oz,oz,oz,false,,true,false,false,true,1,https://d2lnr5mha7bycj.cloudfront.net/product-image/file/large_92533679-15fa-44fc-887d-b6665703571d.png,foodtown,Frozen Vegetables,Foodtown Steam-in-Bag Whole Green Beans,28,11153351321,unit,2,2026-04-14,2026-04-13
3,"Dole Pineapple, Crushed",Dole Pina Triturada,"Frozen crushed pineapple for cooking and smoothies, 8 oz bag.","Pina triturada congelada para cocinar y batidos, bolsa de 8 oz.",169,0,false,8,oz,oz,oz,false,,true,false,false,true,1,https://d2lnr5mha7bycj.cloudfront.net/product-image/file/large_a572ecb3-d65d-469a-9577-c1a13ad7a504.png,dole,Canned Goods,"Dole Pineapple, Crushed",137,38900006198,unit,1,2026-04-14,2026-04-13
3,Foodtown Frozen All Natural Ricotta Cavatelli,Foodtown Cavatelli de Ricotta Natural Congelado,"Frozen all-natural ricotta cavatelli pasta, ready to boil, 13 oz.","Pasta cavatelli de ricotta all-natural congelada, lista para hervir, 13 oz.",279,0,false,13,oz,oz,oz,false,,true,false,false,true,1,https://d1s8987jlndkbs.cloudfront.net/assets/missing-item-4bbe82b8555e4d1c12626fd482cb2409713e8e30835645ff3650ef66a725d03c.png,foodtown,Frozen Entrees,Foodtown Frozen All Natural Ricotta Cavatelli,74,11153335079,unit,2,2026-04-14,2026-04-13
5,"Jones Dairy Farm Pork Sausages, All Natural, Little","Jones Dairy Farm Salchichas de Cerdo Naturales, Pequenas","All-natural little pork breakfast sausage links, 12 oz pack.","Salchichitas de cerdo naturales pequenas para desayuno, paquete de 12 oz.",599,0,false,12,oz,oz,oz,false,,true,false,false,true,1,https://d2lnr5mha7bycj.cloudfront.net/product-image/file/large_7c53a48e-bbec-460e-ac76-a3a71b8332cb.png,jones dairy farm,Frozen Breakfast,"Jones Dairy Farm Pork Sausages, All Natural, Little",39,33900000214,unit,2,2026-04-14,2026-04-13
3,Oscar Mayer Deli Fresh Smoked Turkey Breast Sliced Sandwich Lunch Meat,Oscar Mayer Deli Fresh Pechuga de Pavo Ahumada Rebanada,"Deli-sliced smoked turkey breast for sandwiches, 9 oz pack.","Pechuga de pavo ahumada rebanada tipo deli para sandwiches, paquete de 9 oz.",799,0,false,9,oz,oz,oz,false,,true,false,false,true,1,https://d2lnr5mha7bycj.cloudfront.net/product-image/file/large_e3cb1e6e-d862-4664-88a1-d8abf1cfde42.jpg,oscar mayer,Deli Meats,Oscar Mayer Deli Fresh Smoked Turkey Breast Sliced Sandwich Lunch Meat,6,4470003053,unit,3,2026-04-14,2026-04-13
1,Hanover Chopped Spinach,Hanover Espinaca Picada,"Frozen chopped spinach for cooking and side dishes, 10 oz.","Espinaca picada congelada para cocinar y acompanantes, 10 oz.",299,0,false,10,oz,oz,oz,false,,true,false,false,true,1,https://d2lnr5mha7bycj.cloudfront.net/product-image/file/large_3cac2509-a688-41f9-b069-138aac32270e.png,hanover,Frozen Vegetables,Hanover Chopped Spinach,30,2880029301,unit,2,2026-04-14,2026-04-13
6,Furlani Garlic Bread Loaf,Furlani Pan con Ajo en Barra,"Frozen garlic bread loaf, ready to bake, 10 oz.","Pan con ajo en barra congelado, listo para hornear, 10 oz.",329,0,false,10,oz,oz,oz,false,,true,false,false,true,1,https://d2lnr5mha7bycj.cloudfront.net/product-image/file/large_0aba0f5b-80c9-4612-a896-01be55bf1600.jpg,furlani,Frozen Breads,Furlani Garlic Bread Loaf,13,59635011028,unit,2,2026-04-14,2026-04-13
2,Gorton's Crispy Battered Fish Fillets,Gorton's Filetes de Pescado Rebozados Crujientes,"Frozen crispy battered fish fillets, 12 ct pack.","Filetes de pescado rebozados crujientes congelados, paquete de 12 ct.",1099,0,false,12,ct,ct,ct,false,,true,false,false,true,1,https://d2lnr5mha7bycj.cloudfront.net/product-image/file/large_9b72a9be-f9f4-40d0-bb2b-120d54f3de69.jpg,gorton's,Frozen Seafood,Gorton's Crispy Battered Fish Fillets,16,44400112505,unit,2,2026-04-14,2026-04-13
1,Pictsweet Farms Cut Okra,Pictsweet Farms Molondrones Cortados,"Frozen cut okra for stews and sides, 12 oz bag.","Molondrones cortados congelados para guisos y acompanantes, bolsa de 12 oz.",399,0,false,12,oz,oz,oz,false,,true,false,false,true,1,https://d2lnr5mha7bycj.cloudfront.net/product-image/file/large_49de7e15-7ec9-41aa-b1ea-69a9bd25ab87.png,pictsweet farms,Frozen Vegetables,Pictsweet Farms Cut Okra,31,70560856157,unit,2,2026-04-14,2026-04-13
3,"Celentano Ravioli, Cheese",Celentano Raviolis de Queso,"Frozen cheese-filled ravioli pasta, ready to boil, 12 oz.","Pasta raviolis rellenos de queso congelados, listos para hervir, 12 oz.",349,0,false,12,oz,oz,oz,false,,true,false,false,true,1,https://d2lnr5mha7bycj.cloudfront.net/product-image/file/large_93159e77-8514-4a5e-b7c5-2b29fe19c0a0.png,celentano,Frozen Entrees,"Celentano Ravioli, Cheese",81,41646124125,unit,2,2026-04-14,2026-04-13
3,Dole Pineapple Slices,Dole Rodajas de Pina,"Frozen pineapple slices for cooking and desserts, 8 oz bag.","Rodajas de pina congeladas para cocinar y postres, bolsa de 8 oz.",169,0,false,8,oz,oz,oz,false,,true,false,false,true,1,https://d2lnr5mha7bycj.cloudfront.net/product-image/file/large_c2857a43-1a7e-4864-bc00-77d6e7d174d0.png,dole,Canned Goods,Dole Pineapple Slices,142,38900001391,unit,1,2026-04-14,2026-04-13
3,"Celentano Ravioli, Cheese, Mini Rounds",Celentano Raviolis Mini Redondos de Queso,"Frozen mini round cheese ravioli, ready to boil, 12 oz.","Raviolis mini redondos de queso congelados, listos para hervir, 12 oz.",349,0,false,12,oz,oz,oz,false,,true,false,false,true,1,https://d2lnr5mha7bycj.cloudfront.net/product-image/file/large_a7fb79b4-27db-43ad-b29b-2a5da8af3d2b.png,celentano,Frozen Entrees,"Celentano Ravioli, Cheese, Mini Rounds",82,4164612415,unit,2,2026-04-14,2026-04-13
1,Our Family Steamable Florets Broccoli,Our Family Floretes de Brocoli para Vapor,"Frozen broccoli florets in steam-in-bag pouch, 12 oz.","Floretes de brocoli congelados en bolsa para cocinar al vapor, 12 oz.",199,0,false,12,oz,oz,oz,false,,false,false,false,true,1,https://d2lnr5mha7bycj.cloudfront.net/product-image/file/large_86f3febc-f8e8-47b9-b303-1d52cbd00984.png,our family,Frozen Vegetables,Our Family Steamable Florets Broccoli,33,70253104961,unit,2,2026-04-14,2026-04-13
3,Pillsbury Frozen Ready to Bake Regular Nine Inch Pie Crusts,Pillsbury Masa para Pay de Nueve Pulgadas Lista para Hornear,"Frozen ready-to-bake regular 9-inch pie crusts, 283.5 g.","Masa para pay de 9 pulgadas lista para hornear, congelada, 283.5 g.",499,0,false,283.5,g,g,g,false,,true,false,false,true,1,https://d2lnr5mha7bycj.cloudfront.net/product-image/file/large_159329ce-7698-42db-887e-9e4a7b6ed542.png,pillsbury,Frozen Desserts,Pillsbury Frozen Ready to Bake Regular Nine Inch Pie Crusts,146,18000851348,unit,2,2026-04-14,2026-04-13
3,Pillsbury Frozen Ready to Bake Deep Dish Nine Inch Pie Crusts,"Pillsbury Masa para Pay Profundo de Nueve Pulgadas, 2 Unidades","Frozen ready-to-bake deep dish 9-inch pie crusts, 2 ct pack.","Masa para pay profundo de 9 pulgadas lista para hornear, paquete de 2 ct.",599,0,false,2,ct,ct,ct,false,,true,false,false,true,1,https://d2lnr5mha7bycj.cloudfront.net/product-image/file/large_6f640fc6-e96c-47f1-b1a1-b252b99d1409.png,pillsbury,Frozen Desserts,Pillsbury Frozen Ready to Bake Deep Dish Nine Inch Pie Crusts,148,18000851386,unit,2,2026-04-14,2026-04-13
1,Best Yet Cauliflower Florets,Best Yet Floretes de Coliflor,"Frozen cauliflower florets, ready to steam or roast, 16 oz bag.","Floretes de coliflor congelados, listos para vapor o asar, bolsa de 16 oz.",199,0,false,16,oz,oz,oz,false,,true,true,false,true,1,https://d2lnr5mha7bycj.cloudfront.net/product-image/file/large_44d9e670-4f09-46cd-9fb5-956f171a7433.jpeg,best yet,Frozen Vegetables,Best Yet Cauliflower Florets,35,42187201900,unit,2,2026-04-14,2026-04-13
1,Goya Baked Ripe Plantains,Goya Platanos Maduros Horneados,"Frozen baked ripe plantains, sweet and ready to heat, 11 oz.","Platanos maduros horneados congelados, dulces y listos para calentar, 11 oz.",459,0,false,11,oz,oz,oz,false,,true,false,false,true,1,https://d2lnr5mha7bycj.cloudfront.net/product-image/file/large_613d02be-404d-41a5-bfde-d757287b82aa.jpg,goya,Frozen Fruit,Goya Baked Ripe Plantains,11,41331090988,unit,5602,2026-04-14,2026-04-13
3,Goya Puerto Rican Pork Pasteles,Goya Pasteles Puertorriquenos de Cerdo,"Frozen Puerto Rican pasteles filled with pork, 4 ct pack.","Pasteles puertorriquenos congelados rellenos de cerdo, paquete de 4 ct.",1199,0,false,4,ct,ct,ct,false,,true,false,false,true,1,https://d2lnr5mha7bycj.cloudfront.net/product-image/file/large_f9b02eb7-42ea-4e2c-a6d0-44390d838b95.jpg,goya,Frozen Entrees,Goya Puerto Rican Pork Pasteles,89,41331091954,unit,5602,2026-04-14,2026-04-13
1,Best Yet French Cut Green Beans,Best Yet Habichuelas Verdes Corte Frances,"Frozen French-cut green beans, ready to cook, 16 oz bag.","Habichuelas verdes corte frances congeladas, listas para cocinar, bolsa de 16 oz.",199,0,false,16,oz,oz,oz,false,,true,false,false,true,1,https://d2lnr5mha7bycj.cloudfront.net/product-image/file/large_c49a12b6-6745-43ea-a377-d46d2626191a.png,best yet,Frozen Vegetables,Best Yet French Cut Green Beans,38,42187201702,unit,2,2026-04-14,2026-04-13
1,Goya No Sugar Added Mango Pulp,Goya Pulpa de Mango sin Azucar Anadida,"Frozen mango pulp, no sugar added, for juices and smoothies, 14 oz.","Pulpa de mango congelada sin azucar anadida, para jugos y batidos, 14 oz.",319,0,false,14,oz,oz,oz,false,,true,false,false,true,1,https://d2lnr5mha7bycj.cloudfront.net/product-image/file/large_ec45c2e6-6b4c-4a4e-9496-ad63aab5d11f.png,goya,Frozen Fruit,Goya No Sugar Added Mango Pulp,13,41331090841,unit,5602,2026-04-14,2026-04-13
3,Goya Chicken Croquettes,Goya Croquetas de Pollo,"Frozen breaded chicken croquettes, ready to fry, 9.6 oz pack.","Croquetas de pollo empanizadas congeladas, listas para freir, paquete de 9.6 oz.",549,0,false,9.6,oz,oz,oz,false,,true,false,false,true,1,https://d2lnr5mha7bycj.cloudfront.net/product-image/file/large_ad33339e-877b-47eb-a553-b815ebcb0756.jpg,goya,Frozen Snacks,Goya Chicken Croquettes,64,41331090704,unit,5602,2026-04-14,2026-04-13
1,Our Family Steamable Cauliflower Florets,Our Family Floretes de Coliflor para Vapor,"Frozen cauliflower florets in steam-in-bag pouch, 12 oz.","Floretes de coliflor congelados en bolsa para cocinar al vapor, 12 oz.",199,0,false,12,oz,oz,oz,false,,true,false,false,true,1,https://d2lnr5mha7bycj.cloudfront.net/product-image/file/large_3a69e7e8-9796-43f2-b4fa-fe2e81d07189.png,our family,Frozen Vegetables,Our Family Steamable Cauliflower Florets,41,70253104978,unit,2,2026-04-14,2026-04-13
1,Green Way Markets Organic Whole Stawberries,Green Way Markets Fresas Enteras Organicas,"Organic frozen whole strawberries for smoothies, 10 oz bag.","Fresas enteras organicas congeladas para batidos, bolsa de 10 oz.",499,0,false,10,oz,oz,oz,false,,true,false,false,true,1,https://d2lnr5mha7bycj.cloudfront.net/product-image/file/large_f6723c6d-da62-4255-8240-559a2ed19e3c.png,green way markets,Frozen Fruit,Green Way Markets Organic Whole Stawberries,14,70625100003,unit,2,2026-04-14,2026-04-13
1,Goya Tamarind Pulp,Goya Pulpa de Tamarindo,"Frozen tamarind pulp for juices and sauces, 14 oz pack.","Pulpa de tamarindo congelada para jugos y salsas, paquete de 14 oz.",249,0,false,14,oz,oz,oz,false,,true,false,false,true,1,https://d2lnr5mha7bycj.cloudfront.net/product-image/file/large_72e25aac-c9a2-4c97-8daf-00093ea88b0c.png,goya,Frozen Fruit,Goya Tamarind Pulp,15,41331090827,unit,5602,2026-04-14,2026-04-13
1,Green Way Markets Organic Sliced Peaches,Green Way Markets Melocotones Rebanados Organicos,"Organic frozen sliced peaches for smoothies and desserts, 10 oz.","Melocotones organicos rebanados congelados para batidos y postres, 10 oz.",499,0,false,10,oz,oz,oz,false,,true,false,false,true,1,https://d2lnr5mha7bycj.cloudfront.net/product-image/file/large_038ee70a-e387-4975-8ab7-4941346ff543.png,green way markets,Frozen Fruit,Green Way Markets Organic Sliced Peaches,17,70625100041,unit,2,2026-04-14,2026-04-13
2,Armour Original Meatballs,Armour Albondigas Originales,"Frozen original beef meatballs for pasta dishes, 14 oz bag.","Albondigas originales de carne congeladas para pasta, bolsa de 14 oz.",599,0,false,14,oz,oz,oz,false,,true,false,false,true,1,https://d2lnr5mha7bycj.cloudfront.net/product-image/file/large_0d4cdec1-ca99-41ca-a66b-a7fb114c12f4.png,armour,Frozen Meat,Armour Original Meatballs,14,27815000704,unit,9500,2026-04-14,2026-04-13
2,Mr Chikin Uncooked Ice Glazed Chicken Wing Sections,Mr Chikin Alitas de Pollo Crudas Glaseadas con Hielo,"Uncooked ice-glazed chicken wing sections, 40 oz family bag.","Alitas de pollo crudas glaseadas con hielo, bolsa familiar de 40 oz.",799,0,false,40,oz,oz,oz,false,,true,false,false,true,1,https://d2lnr5mha7bycj.cloudfront.net/product-image/file/large_4a86d802-f09b-4416-81bd-42f5ca0c10d5.jpg,mr chikin,Frozen Meat,Mr Chikin Uncooked Ice Glazed Chicken Wing Sections,15,850532008018,unit,9500,2026-04-14,2026-04-13
6,Uncle Wally's Pineapple Coconut Muffins,Uncle Wally's Muffins de Pina y Coco,"Soft muffins with pineapple and coconut flavor, 4 ct pack.","Muffins suaves con sabor a pina y coco, paquete de 4 ct.",749,0,false,4,ct,ct,ct,false,,true,false,false,true,1,https://d2lnr5mha7bycj.cloudfront.net/product-image/file/large_7a30beb4-d5b1-4dbd-aa30-674e1aec5291.jpg,uncle wally's,Breakfast Bakery,Uncle Wally's Pineapple Coconut Muffins,7,759313864167,unit,2,2026-04-14,2026-04-13
2,"Celentano Meatballs, Italian Style",Celentano Albondigas Estilo Italiano,"Frozen Italian-style meatballs for pasta sauces, 12 oz pack.","Albondigas estilo italiano congeladas para salsas de pasta, paquete de 12 oz.",549,0,false,12,oz,oz,oz,false,,true,false,false,true,1,https://d2lnr5mha7bycj.cloudfront.net/product-image/file/large_9b295ce0-99cb-4a58-9c3b-9e7c759717b0.png,celentano,Frozen Meat,"Celentano Meatballs, Italian Style",16,4164640476,unit,2,2026-04-14,2026-04-13
6,"Goya Toast, Low Fat",Goya Pan Tostado Bajo en Grasa,"Crispy low-fat toasted bread slices for breakfast, 5 oz.","Pan tostado crujiente bajo en grasa para desayuno, 5 oz.",179,0,false,5,oz,oz,oz,false,,true,false,false,true,1,https://d2lnr5mha7bycj.cloudfront.net/product-image/file/large_b2a91124-97b6-418b-babd-996506f4c4c0.png,goya,Frozen Breads,"Goya Toast, Low Fat",18,41331049085,unit,5600,2026-04-14,2026-04-13
1,"Goya 100% Natural Sliced Carrots, Frozen",Goya Zanahorias Rebanadas 100% Naturales Congeladas,"Frozen natural sliced carrots for soups and stews, 16 oz bag.","Zanahorias rebanadas naturales congeladas para sopas y guisos, bolsa de 16 oz.",299,0,false,16,oz,oz,oz,false,,true,false,false,true,1,https://d2lnr5mha7bycj.cloudfront.net/product-image/file/large_8589a94c-1791-477d-85c5-b3003a534656.jpg,goya,Frozen Vegetables,"Goya 100% Natural Sliced Carrots, Frozen",52,41331091381,unit,5602,2026-04-14,2026-04-13
3,Rosati Ice Lemon Ice,Rosati Ice Helado de Limon,"Classic Italian lemon ice for a refreshing treat, 1 fl oz.","Helado italiano clasico de limon refrescante, 1 fl oz.",249,0,false,1,fl oz,fl oz,fl oz,false,,true,false,false,true,1,https://d2lnr5mha7bycj.cloudfront.net/product-image/file/large_63f5546b-0d66-408c-90bc-0c7c4c1d5611.jpg,rosati ice,Frozen Desserts,Rosati Ice Lemon Ice,184,77222350510,unit,6009,2026-04-14,2026-04-13
3,Tropical White Turkey,Tropical Pavo Blanco,"Sliced white turkey deli meat for sandwiches, 8 oz pack.","Pavo blanco rebanado tipo deli para sandwiches, paquete de 8 oz.",279,0,false,8,oz,oz,oz,false,,true,false,false,true,1,https://d2lnr5mha7bycj.cloudfront.net/product-image/file/large_2ee663a2-1698-4075-b5f3-095e68269e8f.jpg,tropical,Deli Meats,Tropical White Turkey,9,27568061267,unit,7019,2026-04-14,2026-04-13
1,Bestyet Berry Medley Strawberries Blueberries Red Raspberries Blackberries,"Bestyet Mezcla de Bayas: Fresas, Arandanos, Frambuesas y Moras","Frozen mixed berry medley for smoothies and desserts, 16 oz.","Mezcla de bayas congeladas para batidos y postres, 16 oz.",499,0,false,16,oz,oz,oz,false,,true,false,false,true,1,https://d1s8987jlndkbs.cloudfront.net/assets/missing-item-4bbe82b8555e4d1c12626fd482cb2409713e8e30835645ff3650ef66a725d03c.png,bestyet,Frozen Fruit,Bestyet Berry Medley Strawberries Blueberries Red Raspberries Blackberries,21,42187206653,unit,2,2026-04-14,2026-04-13
2,"Mr Chikin Chicken Wing Sections, Uncooked, Ice Glazed",Mr Chikin Alitas de Pollo Crudas Glaseadas con Hielo,"Uncooked ice-glazed chicken wing sections, 80 oz bulk bag.","Alitas de pollo crudas glaseadas con hielo, bolsa grande de 80 oz.",1199,0,false,80,oz,oz,oz,false,,true,false,false,true,1,https://d2lnr5mha7bycj.cloudfront.net/product-image/file/large_ab284626-671d-4b88-bb97-deabaf4a9b16.png,mr chikin,Frozen Meat,"Mr Chikin Chicken Wing Sections, Uncooked, Ice Glazed",17,850532008063,unit,9500,2026-04-14,2026-04-13
6,"Goya Toast, Original",Goya Pan Tostado Original,"Crispy original toasted bread slices for breakfast or snacks, 5 oz.","Pan tostado original crujiente para desayuno o meriendas, 5 oz.",179,0,false,5,oz,oz,oz,false,,true,false,false,true,1,https://d2lnr5mha7bycj.cloudfront.net/product-image/file/large_99f49ca2-7956-47d3-92e3-86192f1325fd.png,goya,Frozen Breads,"Goya Toast, Original",20,41331049061,unit,5600,2026-04-14,2026-04-13
5,Just Egg Skillet Breakfast Burrito,Just Egg Burrito de Desayuno para Sarten,"Frozen plant-based egg breakfast burrito, 5.5 oz individual.","Burrito de desayuno congelado con huevo vegetal, individual de 5.5 oz.",649,0,false,5.5,oz,oz,oz,false,,true,false,false,true,1,https://d2lnr5mha7bycj.cloudfront.net/product-image/file/large_64340a3a-47c3-4c8c-83d2-67cc84aba53c.jpg,just egg,Frozen Breakfast,Just Egg Skillet Breakfast Burrito,47,191011001497,unit,6009,2026-04-14,2026-04-13
6,Rudi's Gluten Free Garlic Texas Toast,Rudi's Pan Texas con Ajo sin Gluten,"Gluten-free frozen Texas toast with garlic, 4 ct pack.","Pan Texas congelado con ajo sin gluten, paquete de 4 ct.",999,0,false,4,ct,ct,ct,false,,true,false,false,true,1,https://d2lnr5mha7bycj.cloudfront.net/product-image/file/large_3264e2b9-ab6a-4ff0-ae05-3421bba4fc18.jpg,rudi's,Frozen Breads,Rudi's Gluten Free Garlic Texas Toast,21,856750002180,unit,6009,2026-04-14,2026-04-13
1,Best Yet Mango Chunks,Best Yet Trozos de Mango,"Frozen mango chunks for smoothies and desserts, 16 oz bag.","Trozos de mango congelados para batidos y postres, bolsa de 16 oz.",499,0,false,16,oz,oz,oz,false,,true,false,false,true,1,https://d2lnr5mha7bycj.cloudfront.net/product-image/file/large_eeb6dfaf-0989-4848-b795-9b0a0c98011a.png,best yet,Frozen Fruit,Best Yet Mango Chunks,22,42187199900,unit,2,2026-04-14,2026-04-13
1,Green Giant Sauced Green Bean Casserole,Green Giant Habichuelas Verdes en Salsa Tipo Casserole,"Frozen green bean casserole with creamy sauce, 8 oz.","Habichuelas verdes congeladas en salsa cremosa tipo casserole, 8 oz.",259,0,false,8,oz,oz,oz,false,,true,false,false,true,1,https://d2lnr5mha7bycj.cloudfront.net/product-image/file/large_0fc4b8ce-289d-402e-a66f-f3b4bd872c0d.png,green giant,Frozen Vegetables,Green Giant Sauced Green Bean Casserole,55,190569522317,unit,2,2026-04-14,2026-04-13
3,Nathan’s Famous Mozzarella Sticks,Nathan's Famous Palitos de Mozzarella,"Frozen breaded mozzarella cheese sticks, 7.2 oz snack pack.","Palitos de queso mozzarella empanizados congelados, paquete de 7.2 oz.",449,0,false,7.2,oz,oz,oz,false,,true,false,false,true,1,https://d2lnr5mha7bycj.cloudfront.net/product-image/file/large_69d46b22-9d0f-4489-8c08-7584a6182349.jpg,nathan’s famous,Frozen Snacks,Nathan’s Famous Mozzarella Sticks,73,76257485072,unit,2,2026-04-14,2026-04-13
1,Best Yet SUP Frozen Dark Sweet Cherries,Best Yet SUP Cerezas Oscuras Dulces Congeladas,"Frozen dark sweet cherries for smoothies and desserts, 12 oz bag.","Cerezas oscuras dulces congeladas para batidos y postres, bolsa de 12 oz.",499,0,false,12,oz,oz,oz,false,,true,false,false,true,1,https://d2lnr5mha7bycj.cloudfront.net/product-image/file/large_116c17fe-9de9-433e-843b-a62a369ef20f.jpg,best yet,Frozen Fruit,Best Yet SUP Frozen Dark Sweet Cherries,23,42187213095,unit,2,2026-04-14,2026-04-13
6,"Entenmann's Cheese, Buns, Pastries, 18 oz",Entenmann's Panecillos Dulces de Queso,"Soft pastry buns with sweet cheese filling, 18 oz package.","Panecillos dulces suaves rellenos de queso, paquete de 18 oz.",879,0,false,18,oz,oz,oz,true,399,true,false,false,true,1,https://d2lnr5mha7bycj.cloudfront.net/product-image/file/large_b32f8244-e4d7-40d1-aca8-6639b09d09fc.png,entenmann's,Breakfast Bakery,"Entenmann's Cheese, Buns, Pastries",11,72030002071,unit,5950,2026-04-14,2026-04-13
6,"Entenmann's Cinnamon Swirl, Buns, Pastries, 18 oz",Entenmann's Panecillos Dulces de Canela Estilo Swirl,"Soft cinnamon swirl pastry buns, 18 oz package.","Panecillos dulces suaves con remolino de canela, paquete de 18 oz.",879,0,false,18,oz,oz,oz,true,399,true,false,false,true,1,https://d2lnr5mha7bycj.cloudfront.net/product-image/file/large_060e0786-cb2f-4786-9a81-6649e99cfd0a.png,entenmann's,Breakfast Bakery,"Entenmann's Cinnamon Swirl, Buns, Pastries",12,72030011912,unit,5950,2026-04-14,2026-04-13
6,"Nature's Own 100% Whole Wheat, Whole Wheat Bread, 20 oz Loaf",Nature's Own Pan 100% Integral de Trigo,"Soft 100% whole wheat sandwich bread loaf, 20 oz.","Pan de sandwich suave 100% integral de trigo, 20 oz.",459,0,false,20,oz,oz,oz,true,299,true,false,false,true,1,https://d2lnr5mha7bycj.cloudfront.net/product-image/file/large_77d10eb3-7806-444e-a512-9b41a7b134f4.png,nature's own,Bread,"Nature's Own 100% Whole Wheat, Whole Wheat Bread Loaf",1,72250037129,unit,5966,2026-04-14,2026-04-13
6,"Thomas’ 6 ct, Plain, Bagels, 10g Protein, Kosher, Bagels, 20 oz","Thomas' Bagels Naturales, 6 Unidades","Kosher plain bagels with 10g protein, 6 ct pack, 20 oz.","Bagels naturales kosher con 10g de proteina, paquete de 6 ct, 20 oz.",549,0,false,6,ct,ct,ct,true,449,true,false,false,true,1,https://d2lnr5mha7bycj.cloudfront.net/product-image/file/large_78916892-a8c9-4a2f-a8f9-ebb7218a9bf8.png,thomas’,Breakfast Bakery,"Thomas’, Plain, Bagels Protein, Kosher, Bagels",14,48121277079,unit,5950,2026-04-14,2026-04-13
6,"Nature's Own Butterbread, Sliced White Bread, 20 oz Loaf",Nature's Own Pan Blanco Rebanado Sabor Mantequilla,"Soft sliced white butterbread loaf for sandwiches, 20 oz.","Pan blanco rebanado suave sabor mantequilla para sandwiches, 20 oz.",459,0,false,20,oz,oz,oz,false,,true,false,false,true,1,https://d2lnr5mha7bycj.cloudfront.net/product-image/file/large_4debfd16-1148-4f50-a1dd-8e8a971d61bf.png,nature's own,Bread,"Nature's Own Butterbread, Sliced White Bread Loaf",2,72250049191,unit,5966,2026-04-14,2026-04-13
6,Pepperidge Farm Italian White Seedless Bread,Pepperidge Farm Pan Blanco Italiano sin Semillas,"Soft Italian white seedless bread loaf, 20 oz.","Pan blanco italiano suave sin semillas, 20 oz.",339,0,false,20,oz,oz,oz,false,,true,false,false,true,1,https://d2lnr5mha7bycj.cloudfront.net/product-image/file/large_b060727a-c0c7-4652-bdf5-b83e4e1d2f5d.jpg,pepperidge farm,Bread,Pepperidge Farm Italian White Seedless Bread,3,14100095279,unit,6010,2026-04-14,2026-04-13
6,"Thomas’ 6 ct, Everything, Bagels, 10g Protein, Kosher, Bagels, 20 oz","Thomas' Bagels Everything, 6 Unidades","Kosher everything bagels with 10g protein, 6 ct pack, 20 oz.","Bagels everything kosher con 10g de proteina, paquete de 6 ct, 20 oz.",549,0,false,6,ct,ct,ct,true,449,true,false,false,true,1,https://d2lnr5mha7bycj.cloudfront.net/product-image/file/large_3c665efe-9a6f-4930-b91d-2b543ae23701.png,thomas’,Breakfast Bakery,"Thomas’, Everything, Bagels Protein, Kosher, Bagels",16,48121253196,unit,5950,2026-04-14,2026-04-13
6,"Sara Lee 100% Whole Wheat, Bread, 13g Whole Grain, Sandwich Bread, 20 oz",Sara Lee Pan 100% Integral de Trigo para Sandwich,"100% whole wheat sandwich bread with 13g whole grain, 20 oz loaf.","Pan de sandwich 100% integral de trigo con 13g de grano integral, 20 oz.",469,0,false,20,oz,oz,oz,true,399,true,true,false,true,1,https://d2lnr5mha7bycj.cloudfront.net/product-image/file/large_edf6fcc9-bc7a-40a4-8ac7-2b08060256c3.png,sara lee,Bread,"Sara Lee 100% Whole Wheat, Bread Whole Grain, Sandwich Bread",5,72945601345,unit,5950,2026-04-14,2026-04-13
6,Dave's Killer Bread Rockin' Grains Organic English Muffins,Dave's Killer Bread Muffins Ingleses Organicos Rockin' Grains,"Organic multi-grain English muffins, 6 ct pack for toasting.","Muffins ingleses organicos multigrano, paquete de 6 ct para tostar.",649,0,false,6,ct,ct,ct,true,549,true,false,false,true,1,https://d2lnr5mha7bycj.cloudfront.net/product-image/file/large_83a49494-5d31-448b-8d7b-9a333c7e7096.png,dave's killer bread,Breakfast Bakery,Dave's Killer Bread Rockin' Grains Organic English Muffins,18,13764028142,unit,5966,2026-04-14,2026-04-13
6,Wonder Bread Classic White Sandwich Bread,Wonder Bread Pan Blanco Clasico para Sandwich,"Classic soft white sandwich bread loaf, 20 oz.","Pan blanco clasico suave para sandwich, 20 oz.",399,0,false,20,oz,oz,oz,false,,true,false,false,true,1,https://d2lnr5mha7bycj.cloudfront.net/product-image/file/large_7f463913-7f6a-4c54-bad6-8adb77c39228.png,wonder bread,Bread,Wonder Bread Classic White Sandwich Bread,6,72250011372,unit,5966,2026-04-14,2026-04-13
6,Pepperidge Farm Farmhouse Hearty White Bread,Pepperidge Farm Farmhouse Pan Blanco Sustancioso,"Hearty thick-sliced white bread loaf, 24 oz.","Pan blanco sustancioso de rebanada gruesa, 24 oz.",499,0,false,24,oz,oz,oz,false,,true,false,false,true,1,https://d2lnr5mha7bycj.cloudfront.net/product-image/file/large_ec4b9eae-7914-4fb2-bfb8-793ef0508730.jpg,pepperidge farm farmhouse,Bread,Pepperidge Farm Farmhouse Hearty White Bread,7,14100070832,unit,6010,2026-04-14,2026-04-13
6,"Mission Super Soft Flour Tortillas, Street Tacos Size, 12 Count",Mission Tortillas de Harina Super Suaves Tamano Street Tacos,"Small street taco-size soft flour tortillas, 12 ct pack.","Tortillas de harina suaves pequenas tamano street tacos, paquete de 12 ct.",269,0,false,12,ct,ct,ct,false,,true,false,false,true,1,https://d2lnr5mha7bycj.cloudfront.net/product-image/file/large_65656b40-c1cd-4b7b-9eba-d03f2546ba90.jpg,mission,Tortillas,"Mission Super Soft Flour Tortillas, Street Tacos Size",3,73731071519,unit,5004,2026-04-14,2026-04-13
6,Ball Park Hot Dog Buns,Ball Park Panes para Hot Dog,"Classic soft hot dog buns, 8 ct pack for cookouts.","Panes clasicos suaves para hot dog, paquete de 8 ct para parrillas.",419,0,false,8,ct,ct,ct,false,,true,false,false,true,1,https://d2lnr5mha7bycj.cloudfront.net/product-image/file/large_9105c617-efbe-4783-a450-ca9f0cba24ec.png,ball park,Buns and Rolls,Ball Park Hot Dog Buns,2,50400751163,unit,5950,2026-04-14,2026-04-13
6,"Maier's Premium Italian, Bread, Italian Bread, 20 oz",Maier's Pan Italiano Premium,"Premium Italian bread loaf, 20 oz, ideal for sandwiches.","Pan italiano premium de 20 oz, ideal para sandwiches.",439,0,false,20,oz,oz,oz,false,,true,false,false,true,1,https://d2lnr5mha7bycj.cloudfront.net/product-image/file/large_9f374656-2fc4-47bd-ba4c-996ef2d8776d.png,maier's,Bread,"Maier's Premium Italian, Bread, Italian Bread",9,71305055255,unit,5950,2026-04-14,2026-04-13
6,"Sara Lee Butter, Bread, White Bread, 20 oz",Sara Lee Pan Blanco Sabor Mantequilla,"Soft white bread with butter flavor, 20 oz loaf.","Pan blanco suave con sabor a mantequilla, 20 oz.",449,0,false,20,oz,oz,oz,false,,true,false,false,true,1,https://d2lnr5mha7bycj.cloudfront.net/product-image/file/large_fda339c8-5adb-4e9d-b55c-1936248fd81f.png,sara lee,Bread,"Sara Lee Butter, Bread, White Bread",12,72945611900,unit,5950,2026-04-14,2026-04-13
6,Pepperidge Farm Sesame Topped Hamburger Buns,Pepperidge Farm Panes para Hamburguesa con Ajonjoli,"Soft hamburger buns topped with sesame seeds, 8 ct pack.","Panes suaves para hamburguesa cubiertos con ajonjoli, paquete de 8 ct.",429,0,false,8,ct,ct,ct,false,,true,false,false,true,1,https://d2lnr5mha7bycj.cloudfront.net/product-image/file/large_af0df9b4-e1ee-41de-841c-c5ac75f560cb.jpg,pepperidge farm,Buns and Rolls,Pepperidge Farm Sesame Topped Hamburger Buns,3,14100071617,unit,6010,2026-04-14,2026-04-13
6,Pepperidge Farm Raisin Cinnamon Swirl Bread,Pepperidge Farm Pan de Pasas con Remolino de Canela,"Sliced raisin bread with cinnamon swirl, 16 oz loaf.","Pan rebanado con pasas y remolino de canela, 16 oz.",469,0,false,16,oz,oz,oz,false,,true,false,false,true,1,https://d2lnr5mha7bycj.cloudfront.net/product-image/file/large_a197b71a-e2af-4ba3-9a08-490c86ccc999.jpg,pepperidge farm,Bread,Pepperidge Farm Raisin Cinnamon Swirl Bread,15,14100071112,unit,6010,2026-04-14,2026-04-13
6,Home Pride Wheat Enriched Bread,Home Pride Pan de Trigo Enriquecido,"Enriched wheat sandwich bread loaf, 20 oz.","Pan de sandwich de trigo enriquecido, 20 oz.",449,0,false,20,oz,oz,oz,false,,true,false,false,true,1,https://d2lnr5mha7bycj.cloudfront.net/product-image/file/large_cd6e30f8-73dc-4aed-a5c9-ca9cc9d2125b.png,home pride,Bread,Home Pride Wheat Enriched Bread,17,72250011181,unit,5966,2026-04-14,2026-04-13
6,"Ball Park 8 ct, White, Burger Buns, Kosher, Hamburger Buns, 15 oz","Ball Park Panes Blancos para Hamburguesa, 8 Unidades","Kosher white hamburger buns, 8 ct pack, 15 oz.","Panes blancos kosher para hamburguesa, paquete de 8 ct, 15 oz.",419,0,false,8,ct,ct,ct,false,,true,false,false,true,1,https://d2lnr5mha7bycj.cloudfront.net/product-image/file/large_43833d43-70a7-4df7-b45c-c941d68bf582.png,ball park,Buns and Rolls,"Ball Park, White, Burger Buns, Kosher, Hamburger Buns",4,50400739420,unit,5950,2026-04-14,2026-04-13
6,Guerrero Tostadas Caseras Amarillas,Guerrero Tostadas Caseras Amarillas,"Traditional yellow corn tostadas, crispy and ready, 22 ct pack.","Tostadas amarillas tradicionales de maiz, crujientes y listas, paquete de 22 ct.",339,0,false,22,ct,ct,ct,false,,true,false,false,true,1,https://d2lnr5mha7bycj.cloudfront.net/product-image/file/large_04aa77a1-5315-40ca-9335-4b6dd8d7dcec.jpg,guerrero,Tortillas,Guerrero Tostadas Caseras Amarillas,7,48564067008,unit,5004,2026-04-14,2026-04-13
6,"Guerrero White Corn Tortillas, 30 Count","Guerrero Tortillas de Maiz Blanco, 30 Unidades","Traditional white corn tortillas, 30 ct pack for tacos.","Tortillas tradicionales de maiz blanco, paquete de 30 ct para tacos.",329,0,false,30,ct,ct,ct,false,,true,false,false,true,1,https://d2lnr5mha7bycj.cloudfront.net/product-image/file/large_11488feb-b33f-4571-9862-da473d9022a4.jpg,guerrero,Tortillas,Guerrero White Corn Tortillas,13,48564060023,unit,5004,2026-04-14,2026-04-13
6,Old El Paso Hard and Soft Taco Dinner Kit,Old El Paso Kit de Cena para Tacos Duros y Suaves,"Taco dinner kit with hard shells, soft tortillas, and seasoning, 11.4 oz.","Kit de cena para tacos con conchas duras, tortillas suaves y sazon, 11.4 oz.",549,0,false,11.4,oz,oz,oz,false,,true,false,false,true,1,https://d2lnr5mha7bycj.cloudfront.net/product-image/file/large_bfcf2b76-68c6-4d14-8d29-f9a6625acf97.png,old el paso,Tortillas,Old El Paso Hard and Soft Taco Dinner Kit,14,46000287348,unit,1,2026-04-14,2026-04-13
6,"Wonder Bread Italian Bread, Italian-Inspired Wide Loaf White Bread, 20 oz Loaf",Wonder Bread Pan Blanco Estilo Italiano,"Italian-inspired wide white bread loaf, 20 oz.","Pan blanco ancho estilo italiano, 20 oz.",389,0,false,20,oz,oz,oz,false,,true,false,false,true,1,https://d2lnr5mha7bycj.cloudfront.net/product-image/file/large_e482bb1a-51a8-405e-8f54-f5048d2e2cbc.png,wonder bread,Bread,"Wonder Bread Italian Bread, Italian-Inspired Wide Loaf White Bread Loaf",31,72250011396,unit,5966,2026-04-14,2026-04-13
6,Calise Bakery Bulkie Rolls,Calise Bakery Panes Bulkie,"Bakery-style bulkie rolls for sandwiches, 13 oz pack.","Panes bulkie estilo panaderia para sandwiches, paquete de 13 oz.",499,0,false,13,oz,oz,oz,false,,true,false,false,true,1,https://d2lnr5mha7bycj.cloudfront.net/product-image/file/large_003c07a1-54cd-4689-a5d1-7539037918a5.jpg,calise bakery,Buns and Rolls,Calise Bakery Bulkie Rolls,7,75199001336,unit,2,2026-04-14,2026-04-13
6,"Maple Donuts Donuts, Glazed",Maple Donuts Donas Glaseadas,"Classic glazed donuts, 12 ct pack for breakfast or snacks.","Donas clasicas glaseadas, paquete de 12 ct para desayuno o meriendas.",599,0,false,12,ct,ct,ct,false,,true,false,false,true,1,https://d2lnr5mha7bycj.cloudfront.net/product-image/file/large_af41ae9c-b79c-4860-b11a-47b91916cff5.png,maple donuts,Breakfast Bakery,"Maple Donuts Donuts, Glazed",20,76265406246,unit,2,2026-04-14,2026-04-13
6,Pepperidge Farm Top Sliced White Hot Dog Buns,Pepperidge Farm Panes Blancos para Hot Dog Rebanados por Arriba,"Soft top-sliced white hot dog buns, 8 ct pack.","Panes blancos suaves para hot dog rebanados por arriba, paquete de 8 ct.",429,0,false,8,ct,ct,ct,false,,true,false,false,true,1,https://d2lnr5mha7bycj.cloudfront.net/product-image/file/large_eb922b18-b6c8-4b01-ba5f-4e6a1a2ef99e.jpg,pepperidge farm,Buns and Rolls,Pepperidge Farm Top Sliced White Hot Dog Buns,9,14100070931,unit,6010,2026-04-14,2026-04-13
6,Wonder Bread Classic Hot Dog Buns,Panes Clásicos para Hot Dog Wonder Bread,"Soft white buns for hot dogs, 8 ct, pillowy texture ready for grilling.","Panes blancos suaves para hot dogs, 8 ct, esponjosos y listos para la parrilla.",399,0,false,8,each,each,each,false,,true,false,false,true,1,https://d2lnr5mha7bycj.cloudfront.net/product-image/file/large_2ed67157-5b25-4ebb-ba64-f966fac4189f.png,wonder bread,Buns and Rolls,Wonder Bread Classic Hot Dog Buns,11,72250021081,unit,5966,2026-04-14,2026-04-13
6,Señor Rico Caramel Flan,Flan de Caramelo Señor Rico,"Ready-to-eat caramel flan dessert, 8 oz, creamy Latin-style custard.","Flan de caramelo listo para comer, 8 oz, cremoso estilo latino.",199,0,false,8,oz,oz,oz,false,,true,false,false,true,1,https://d2lnr5mha7bycj.cloudfront.net/product-image/file/large_27340bfc-6c8a-441a-96b4-ff9d2b520891.png,señor rico,Bakery Desserts,Señor Rico Caramel Flan,41,44276055944,unit,3,2026-04-14,2026-04-13
6,Mission Street Tacos Yellow Corn Tortillas,Tortillas de Maíz Amarillo Street Tacos Mission,"Small yellow corn tortillas for street tacos, 24 ct, authentic taste.","Tortillas pequeñas de maíz amarillo para tacos callejeros, 24 ct, sabor auténtico.",269,0,false,24,ct,ct,ct,false,,true,false,false,true,1,https://d2lnr5mha7bycj.cloudfront.net/product-image/file/large_167e0247-0c85-49f4-8740-f3536fd81aa6.jpg,mission,Tortillas,Mission Street Tacos Yellow Corn Tortillas,19,73731200056,unit,5004,2026-04-14,2026-04-13
6,"Bimbo Soft, White, Bread, White Bread, 20 oz","Pan Blanco Suave Bimbo, 20 oz","Soft sliced white sandwich bread, 20 oz loaf, great for daily meals.","Pan blanco rebanado suavecito, hogaza de 20 oz, ideal para las comidas diarias.",319,0,false,20,oz,oz,oz,true,299,true,false,false,true,1,https://d2lnr5mha7bycj.cloudfront.net/product-image/file/large_264bedab-bb06-425d-9049-afad6a2b965a.png,bimbo,Bread,"Bimbo Soft, White, Bread, White Bread",49,74323090901,unit,5950,2026-04-14,2026-04-13
6,"Thomas’ Cinnamon Raisin, Swirl Bread, Cinnamon Bread, 16 oz","Pan de Canela y Pasas Thomas', 16 oz","Swirled cinnamon raisin bread loaf, 1 lb, perfect toasted with butter.","Pan en espiral de canela con pasas, 1 lb, rico tostado con mantequilla.",499,0,false,1,lb,lb,lb,false,,true,false,false,true,1,https://d2lnr5mha7bycj.cloudfront.net/product-image/file/large_791c88c0-d2f8-4d35-95d5-7c79ce656c4d.png,thomas’,Bread,"Thomas’ Cinnamon Raisin, Swirl Bread, Cinnamon Bread",50,48121229030,unit,5950,2026-04-14,2026-04-13
6,Old El Paso Flour Tortillas for Soft Tacos and Fajitas,Tortillas de Harina para Tacos y Fajitas Old El Paso,"Soft flour tortillas, 10 ct, medium size for tacos, fajitas, and wraps.","Tortillas de harina suaves, 10 ct, tamaño mediano para tacos, fajitas y wraps.",399,0,false,10,ct,ct,ct,false,,true,false,false,true,1,https://d2lnr5mha7bycj.cloudfront.net/product-image/file/large_0b2b2a12-a178-43fe-be7e-6cb49fa82144.png,old el paso,Tortillas,Old El Paso Flour Tortillas for Soft Tacos and Fajitas,20,46000273419,unit,1,2026-04-14,2026-04-13
6,Arnold Country White Bread,Pan Blanco Country Arnold,"Thick-sliced country white sandwich bread, 24 oz loaf, hearty texture.","Pan blanco country de rebanadas gruesas, hogaza de 24 oz, textura sustanciosa.",529,0,false,24,oz,oz,oz,true,349,true,false,false,true,1,https://d2lnr5mha7bycj.cloudfront.net/product-image/file/large_ff66dc98-db35-4df0-aabd-0509968a055e.png,arnold,Bread,Arnold Country White Bread,56,73410003053,unit,5950,2026-04-14,2026-04-13
6,"Tropical Griddle Cake, Corn & Cheese",Arepas de Maíz con Queso Tropical,"Corn and cheese griddle cakes (arepas), 16 oz, ready to heat and serve.","Arepas de maíz con queso, 16 oz, listas para calentar y servir.",399,0,false,16,oz,oz,oz,false,,true,false,false,true,1,https://d2lnr5mha7bycj.cloudfront.net/product-image/file/large_e273f65b-62c3-4288-bec1-ebc0fe06c89c.png,tropical,Flatbreads,"Tropical Griddle Cake, Corn & Cheese",3,27568095309,unit,7019,2026-04-14,2026-04-13
6,Stonefire Garlic Mini Naan,Mini Pan Naan con Ajo Stonefire,"Mini garlic naan flatbreads, 4 ct, warm for dipping or sandwiches.","Mini panes planos naan con ajo, 4 ct, caliéntelos para mojar o hacer sandwiches.",399,0,false,4,ct,ct,ct,false,,true,false,false,true,1,https://d2lnr5mha7bycj.cloudfront.net/product-image/file/large_37de82c1-dc19-400a-8942-11ef5dcc6a77.png,stonefire,Flatbreads,Stonefire Garlic Mini Naan,4,876681006712,unit,2,2026-04-14,2026-04-13
6,"Arnold Country Style, Whole Wheat, Bread, Wheat Bread, 24 oz","Pan de Trigo Integral Country Arnold, 24 oz","Country-style whole wheat sandwich bread, 24 oz loaf, wholesome taste.","Pan de trigo integral estilo country, hogaza de 24 oz, sabor saludable.",529,0,false,24,oz,oz,oz,true,349,true,false,false,true,1,https://d2lnr5mha7bycj.cloudfront.net/product-image/file/large_13a7081c-e63b-43a1-8640-e23d9fed9d65.png,arnold,Bread,"Arnold Country Style, Whole Wheat, Bread, Wheat Bread",67,73410013502,unit,5950,2026-04-14,2026-04-13
6,Mission Wraps Sun-Dried Tomato Basil Tortillas,Wraps Mission de Tomate Secado al Sol y Albahaca,"Large flour wrap tortillas with tomato and basil, 6 ct, perfect for wraps.","Tortillas grandes de harina con tomate y albahaca, 6 ct, perfectas para wraps.",499,0,false,6,ct,ct,ct,false,,true,false,false,true,1,https://d2lnr5mha7bycj.cloudfront.net/product-image/file/large_12ff8903-e3f9-4f29-bf3e-ff18a73a7d18.jpg,mission,Flatbreads,Mission Wraps Sun-Dried Tomato Basil Tortillas,5,73731002902,unit,5004,2026-04-14,2026-04-13
6,"Arnold 8 ct, Sesame Seed, Buns, Hamburger Buns, 16 oz","Panes para Hamburguesa con Ajonjolí Arnold, 8 ct","Sesame seed hamburger buns, 8 ct, soft and sturdy for grilling patties.","Panes para hamburguesa con ajonjolí, 8 ct, suaves y firmes para la parrilla.",469,0,false,8,ct,ct,ct,false,,true,false,false,true,1,https://d2lnr5mha7bycj.cloudfront.net/product-image/file/large_b46fd93c-1e94-4d51-b52a-8af976cbb988.png,arnold,Buns and Rolls,"Arnold, Sesame Seed, Buns, Hamburger Buns",14,73410163054,unit,5950,2026-04-14,2026-04-13
6,Goya Cassava Bread,Casabe Goya,"Traditional cassava flatbread (casabe), 8 oz, crispy and gluten-free.","Casabe tradicional de yuca, 8 oz, crujiente y sin gluten.",459,0,false,8,oz,oz,oz,false,,true,false,false,true,1,https://d2lnr5mha7bycj.cloudfront.net/product-image/file/large_33fc0c5e-4142-4e07-bdd1-cf703c9e6eb3.jpg,goya,Flatbreads,Goya Cassava Bread,6,41331049634,unit,5600,2026-04-14,2026-04-13
6,Arnold Select Hot Dog Rolls,Panes para Hot Dog Arnold Select,"Bakery-style hot dog rolls, 8 ct, soft and slightly sweet.","Panes para hot dog estilo panadería, 8 ct, suaves y ligeramente dulces.",469,0,false,8,ct,ct,ct,false,,true,false,false,true,1,https://d2lnr5mha7bycj.cloudfront.net/product-image/file/large_fcca8f52-3010-481d-a3d8-7d5ecb9eb0a5.png,arnold,Buns and Rolls,Arnold Select Hot Dog Rolls,18,73410163320,unit,5950,2026-04-14,2026-04-13
6,"Goya Dulce De Leche, Milk Cream",Dulce de Leche Goya,"Creamy caramelized milk spread, 8 oz, great on bread, crackers, or desserts.","Crema de leche caramelizada, 8 oz, rica para untar pan, galletas o postres.",549,0,false,8,oz,oz,oz,false,,true,false,false,true,1,https://d2lnr5mha7bycj.cloudfront.net/product-image/file/large_c0593e27-6eed-4016-839f-804487530296.png,goya,Bakery Desserts,"Goya Dulce De Leche, Milk Cream",47,41331033626,unit,5600,2026-04-14,2026-04-13
6,"Tropical Griddle Cake, White Corn",Arepas de Maíz Blanco Tropical,"White corn griddle cakes (arepas), 16 oz, heat on a pan for breakfast.","Arepas de maíz blanco, 16 oz, caliéntelas en el sartén para el desayuno.",349,0,false,16,oz,oz,oz,false,,true,false,false,true,1,https://d2lnr5mha7bycj.cloudfront.net/product-image/file/large_9e2d1db5-78c2-4196-b92a-9e9fc3233477.png,tropical,Flatbreads,"Tropical Griddle Cake, White Corn",8,27568095286,unit,7019,2026-04-14,2026-04-13
6,Mission Wraps Original,Wraps Originales Mission,"Original large flour wrap tortillas, 6 ct, soft and pliable.","Tortillas grandes de harina originales para wraps, 6 ct, suaves y flexibles.",499,0,false,6,ct,ct,ct,false,,true,false,false,true,1,https://d2lnr5mha7bycj.cloudfront.net/product-image/file/large_c4644ba2-1712-4f27-b083-17f6d9789304.jpg,mission,Flatbreads,Mission Wraps Original,9,73731002742,unit,5004,2026-04-14,2026-04-13
6,Tropical Yellow Corn Griddle Cake,Arepas de Maíz Amarillo Tropical,"Yellow corn griddle cakes (arepas), 16 oz, ready to cook on the skillet.","Arepas de maíz amarillo, 16 oz, listas para cocinar en el sartén.",349,0,false,16,oz,oz,oz,false,,true,false,false,true,1,https://d2lnr5mha7bycj.cloudfront.net/product-image/file/large_1c75140f-de64-464a-a0ae-3d81fadd4c85.jpg,tropical,Tortillas,Tropical Yellow Corn Griddle Cake,30,27568095224,unit,7019,2026-04-14,2026-04-13
6,Mayan Farm Traditional Recipe Whole Wheat Tortillas Soft Taco Size,Tortillas de Trigo Integral Tamaño Taco Mayan Farm,"Whole wheat soft taco tortillas, 10 ct, traditional recipe with fiber.","Tortillas suaves de trigo integral para tacos, 10 ct, receta tradicional con fibra.",399,0,false,10,each,each,each,false,,true,true,false,true,1,https://d2lnr5mha7bycj.cloudfront.net/product-image/file/large_84c97b26-954b-4512-b585-041b1f6ab351.png,mayan farm,Tortillas,Mayan Farm Traditional Recipe Whole Wheat Tortillas Soft Taco Size,31,35305228040,unit,3,2026-04-14,2026-04-13
6,Ortega Yellow Corn Taco Shells,Tacos Duros de Maíz Amarillo Ortega,"Crunchy yellow corn taco shells, 12 ct, ready to fill and serve.","Tacos duros crujientes de maíz amarillo, 12 ct, listos para rellenar.",349,0,false,12,ct,ct,ct,false,,true,false,false,true,1,https://d2lnr5mha7bycj.cloudfront.net/product-image/file/large_bdda30b9-e52e-435b-96f4-bc58243cef97.png,ortega,Tortillas,Ortega Yellow Corn Taco Shells,32,41501519455,unit,1,2026-04-14,2026-04-13
6,Ortega Mini Taco Yellow Corn Taco Shells,Mini Tacos Duros de Maíz Amarillo Ortega,"Mini crunchy corn taco shells, 18 ct, bite-size for appetizers and parties.","Mini tacos duros de maíz crujiente, 18 ct, bocaditos para aperitivos y fiestas.",349,0,false,18,each,each,each,false,,true,false,false,true,1,https://d2lnr5mha7bycj.cloudfront.net/product-image/file/large_8d9266ef-6faa-42de-a61e-c20dbb05b71d.png,ortega,Tortillas,Ortega Mini Taco Yellow Corn Taco Shells,40,41501498934,unit,1,2026-04-14,2026-04-13
2,HORMEL Pepperoni Original Pepperoni,Pepperoni Original Hormel,"Sliced original pepperoni, 6 oz, ready for pizza, sandwiches, or snacks.","Pepperoni original en rebanadas, 6 oz, listo para pizza, sandwiches o picar.",549,0,false,6,oz,oz,oz,false,,true,false,false,true,1,https://d2lnr5mha7bycj.cloudfront.net/product-image/file/large_3189ea4c-eeb5-4cf8-868f-63267fc76cbd.jpg,hormel pepperoni,Deli Meats,HORMEL Pepperoni Original Pepperoni,12,37600398855,unit,3,2026-04-14,2026-04-13
2,Jones Dairy Farm Sliced Liver Sausage,Paté de Hígado en Rebanadas Jones Dairy Farm,"Sliced liver sausage (liverwurst), 8 oz, rich flavor for sandwiches.","Paté de hígado en rebanadas, 8 oz, sabor intenso para sandwiches.",419,0,false,8,oz,oz,oz,false,,true,false,false,true,1,https://d2lnr5mha7bycj.cloudfront.net/product-image/file/large_40719272-b50c-44fc-a1b8-c052a8c41d87.png,jones dairy farm,Deli Meats,Jones Dairy Farm Sliced Liver Sausage,13,33900000740,unit,3,2026-04-14,2026-04-13
2,HORMEL Pepperoni Turkey Pepperoni,Pepperoni de Pavo Hormel,"Sliced turkey pepperoni, 5 oz, lighter option with classic seasoning.","Pepperoni de pavo en rebanadas, 5 oz, opción más liviana con sazón clásico.",549,0,false,5,oz,oz,oz,false,,true,false,false,true,1,https://d2lnr5mha7bycj.cloudfront.net/product-image/file/large_dc5846a6-cd2b-4974-b131-313e9326f38a.jpg,hormel pepperoni,Deli Meats,HORMEL Pepperoni Turkey Pepperoni,14,37600188081,unit,3,2026-04-14,2026-04-13
2,Jones Dairy Farm Braunschweiger Liverwurst,Paté de Hígado Braunschweiger Jones Dairy Farm,"Smooth braunschweiger liverwurst spread, 8 oz, classic deli flavor.","Paté de hígado braunschweiger suave, 8 oz, sabor clásico de fiambrería.",399,0,false,8,oz,oz,oz,false,,true,false,false,true,1,https://d2lnr5mha7bycj.cloudfront.net/product-image/file/large_1cf78184-9fb8-480b-ac50-3c65e64e98e4.png,jones dairy farm,Deli Meats,Jones Dairy Farm Braunschweiger Liverwurst,15,33900000702,unit,3,2026-04-14,2026-04-13
2,Columbus Genoa Salame Panino,Salami Genoa Columbus Panino,"Sliced Italian Genoa salami, 4 oz, seasoned with garlic and pepper.","Salami italiano Genoa en rebanadas, 4 oz, sazonado con ajo y pimienta.",699,0,false,4,oz,oz,oz,false,,true,false,false,true,1,https://d2lnr5mha7bycj.cloudfront.net/product-image/file/large_f3132064-9933-421a-8b31-290ec032cf21.jpg,columbus,Deli Meats,Columbus Genoa Salame Panino,17,73007108246,unit,3,2026-04-14,2026-04-13
2,Oscar Mayer Deli Fresh Honey Uncured Ham Sliced Sandwich Lunch Meat,Jamón con Miel Deli Fresh Oscar Mayer,"Honey uncured ham deli slices, 9 oz, ready for sandwiches and wraps.","Jamón con miel en rebanadas de fiambrería, 9 oz, listo para sandwiches y wraps.",799,0,false,9,oz,oz,oz,false,,true,false,false,true,1,https://d2lnr5mha7bycj.cloudfront.net/product-image/file/large_22af37b6-92cf-4af8-990a-a7f8c8ecfd68.jpg,oscar mayer,Deli Meats,Oscar Mayer Deli Fresh Honey Uncured Ham Sliced Sandwich Lunch Meat,18,4470003054,unit,3,2026-04-14,2026-04-13
2,Hebrew National Kosher Beef Salami Lunch Meat,Salami de Res Kosher Hebrew National,"Kosher beef salami deli slices, 12 oz, savory and fully cooked.","Salami de res kosher en rebanadas, 12 oz, sabroso y totalmente cocido.",1199,0,false,12,oz,oz,oz,false,,true,false,false,true,1,https://d2lnr5mha7bycj.cloudfront.net/product-image/file/large_0be35b66-4d0b-43c0-ad90-f53b13ac53b9.jpg,hebrew national,Deli Meats,Hebrew National Kosher Beef Salami Lunch Meat,21,74956182400,unit,3,2026-04-14,2026-04-13
2,Buddig Honey Ham,Jamón con Miel Buddig,"Thin-sliced honey ham, 2 oz, budget-friendly for quick sandwiches.","Jamón con miel en rebanadas finas, 2 oz, económico para sandwiches rápidos.",99,0,false,2,oz,oz,oz,false,,true,false,false,true,1,https://d2lnr5mha7bycj.cloudfront.net/product-image/file/large_92275f39-02ee-4604-98b9-8b41060e6713.jpeg,buddig,Deli Meats,Buddig Honey Ham,22,77400128535,unit,3,2026-04-14,2026-04-13
2,Wise French Onion Dip,Dip de Cebolla Francesa Wise,"Creamy French onion dip, 8.5 oz, great with chips or veggies.","Dip cremoso de cebolla francesa, 8.5 oz, rico con papitas o vegetales.",329,0,false,8.5,oz,oz,oz,false,,true,false,false,true,1,https://d2lnr5mha7bycj.cloudfront.net/product-image/file/large_91c73c41-145c-405e-8bff-1047b8514c32.png,wise,Olives Dips and Spreads,Wise French Onion Dip,30,41262282063,unit,3201,2026-04-14,2026-04-13
2,"Hormel Pepperoni Stix, 8 OZ","Palitos de Pepperoni Hormel, 8 oz","Mini pepperoni sticks, 8 oz, portable snack rich in protein.","Palitos de pepperoni mini, 8 oz, merienda portátil rica en proteína.",699,0,false,8,oz,oz,oz,false,,true,false,false,true,1,https://d2lnr5mha7bycj.cloudfront.net/product-image/file/large_f039d592-87a3-45a8-a3ce-7c19c0e301a6.jpg,hormel,Deli Meats,Hormel Pepperoni Stix,45,37600428668,unit,3,2026-04-14,2026-04-13
2,"Marzetti Garlic, Herb & Cheese Veggie Dip, 12 fl. oz. Tub","Dip de Vegetales Marzetti con Ajo, Hierbas y Queso","Creamy garlic herb cheese veggie dip, 12 fl oz tub, ready to serve chilled.","Dip cremoso para vegetales con ajo, hierbas y queso, 12 fl oz, listo frío.",599,0,false,12,oz,oz,oz,false,,true,false,false,true,1,https://d2lnr5mha7bycj.cloudfront.net/product-image/file/large_62e66a4d-ecf8-4697-a9b5-1e03c51ffd5a.png,marzetti,Olives Dips and Spreads,"Marzetti Garlic, Herb & Cheese Veggie Dip, 12 fl. oz. Tub",33,70200539280,unit,4,2026-04-14,2026-04-13
3,"Goya Yellow Rice, Spanish Style",Arroz Amarillo Estilo Español Goya,"Seasoned yellow rice mix, 7 oz, ready in minutes for Latin meals.","Mezcla de arroz amarillo sazonado, 7 oz, listo en minutos para comidas latinas.",229,0,false,7,oz,oz,oz,true,199,true,false,false,true,1,https://d2lnr5mha7bycj.cloudfront.net/product-image/file/large_d7e52093-49dc-40f4-85db-b65ec401ee45.png,goya,Boxed Meals and Sides,"Goya Yellow Rice, Spanish Style",1,41331126625,unit,5600,2026-04-14,2026-04-13
3,"Nongshim Noodle Soup, Gourmet Spicy, Shin",Sopa de Fideos Picante Shin Nongshim,"Gourmet spicy Korean noodle soup, 4.23 oz, bold beefy broth.","Sopa gourmet picante de fideos coreanos, 4.23 oz, caldo fuerte de res.",249,0,false,4.23,oz,oz,oz,true,219,true,false,false,true,1,https://d2lnr5mha7bycj.cloudfront.net/product-image/file/large_34943952-6ddc-46e9-aaed-39764c837b97.png,nongshim,Noodles,"Nongshim Noodle Soup, Gourmet Spicy, Shin",2,31146150601,unit,6017,2026-04-14,2026-04-13
3,Barilla Rotini - Non-GMO Pasta Made with Durum Wheat Semolina & Kosher Certified,Pasta Rotini Barilla,"Spiral rotini pasta, 1 lb, durum wheat semolina, holds sauce well.","Pasta rotini en espiral, 1 lb, semola de trigo durum, agarra bien la salsa.",219,0,false,1,lb,lb,lb,false,,true,false,false,true,1,https://d2lnr5mha7bycj.cloudfront.net/product-image/file/large_35d77572-5497-45b8-8d48-21f7445714c9.png,barilla,Pasta,Barilla Rotini - Non-GMO Pasta Made with Durum Wheat Semolina & Kosher Certified,1,7680828098,unit,1,2026-04-14,2026-04-13
3,Barilla Penne - Non-GMO Pasta Made with Durum Wheat Semolina & Kosher Certified,Pasta Penne Barilla,"Classic penne pasta, 16 oz, non-GMO durum wheat, versatile shape.","Pasta penne clásica, 16 oz, trigo durum no transgénico, forma versátil.",219,0,false,16,oz,oz,oz,false,,true,false,false,true,1,https://d2lnr5mha7bycj.cloudfront.net/product-image/file/large_a135a200-f506-4c0a-877e-042f9a995b6c.png,barilla,Pasta,Barilla Penne - Non-GMO Pasta Made with Durum Wheat Semolina & Kosher Certified,2,7680828073,unit,1,2026-04-14,2026-04-13
3,"Maruchan Ramen Noodle Soup, Chicken, 3 oz","Sopa Ramen Sabor Pollo Maruchan, 3 oz","Instant chicken ramen noodle soup, 3 oz, ready in three minutes.","Sopa ramen instantánea sabor pollo, 3 oz, lista en tres minutos.",69,0,false,3,oz,oz,oz,false,,true,false,false,true,1,https://d2lnr5mha7bycj.cloudfront.net/product-image/file/large_4a401b17-cba9-4fc9-8da4-34e15658ac07.jpeg,maruchan,Noodles,"Maruchan Ramen Noodle Soup, Chicken",3,41789002113,unit,1,2026-04-14,2026-04-13
3,"Goya Tomato Sauce, Spanish Style",Salsa de Tomate Estilo Español Goya,"Seasoned Spanish-style tomato sauce, 8 oz, base for stews and rice.","Salsa de tomate sazonada estilo español, 8 oz, base para guisos y arroz.",99,0,false,8,oz,oz,oz,false,,true,false,false,true,1,https://d2lnr5mha7bycj.cloudfront.net/product-image/file/large_3d51df22-1c8e-42d8-9d87-feddd0ee1d51.jpg,goya,Canned Goods,"Goya Tomato Sauce, Spanish Style",160,41331039611,unit,5600,2026-04-14,2026-04-13
3,Minute Rice Jasmine Rice Cups,Arroz Jazmín en Vasos Minute Rice,"Microwaveable jasmine rice cups, 8.8 oz, ready in 60 seconds.","Vasos de arroz jazmín para microondas, 8.8 oz, listo en 60 segundos.",319,0,false,8.8,oz,oz,oz,false,,true,false,false,true,1,https://d2lnr5mha7bycj.cloudfront.net/product-image/file/large_0e584dde-d9a8-475f-86a7-b80d43d0250c.jpg,minute rice,Grains,Minute Rice Jasmine Rice Cups,1,17400140311,unit,1,2026-04-14,2026-04-13
3,RO*TEL Original Diced Tomatoes and Green Chilies,Tomates Picados con Chiles Verdes Originales Ro*Tel,"Diced tomatoes with green chilies, 10 oz, zesty base for dips and chili.","Tomates picados con chiles verdes, 10 oz, base picantita para dips y chili.",299,0,false,10,oz,oz,oz,false,,true,false,false,true,1,https://d2lnr5mha7bycj.cloudfront.net/product-image/file/large_4bd3d5ac-cc80-4016-b466-8100898ff4af.jpg,ro*tel,Canned Goods,RO*TEL Original Diced Tomatoes and Green Chilies,161,64144282432,unit,1,2026-04-14,2026-04-13
3,Annie's Organic Shells Pasta and Aged Cheddar Cheese,Pasta de Conchitas con Queso Cheddar Añejo Orgánica Annie's,"Organic shell pasta with aged cheddar cheese mix, 6 oz, family-friendly meal.","Pasta de conchitas orgánica con mezcla de queso cheddar añejo, 6 oz, comida familiar.",239,0,false,6,oz,oz,oz,false,,true,false,false,true,1,https://d2lnr5mha7bycj.cloudfront.net/product-image/file/large_bca74306-a33e-4b6a-bac1-7d057a69c5ca.png,annie's,Boxed Meals and Sides,Annie's Organic Shells Pasta and Aged Cheddar Cheese,2,13562300846,unit,9999,2026-04-14,2026-04-13
3,"Maruchan Ramen Noodle Soup, Chili, 3 oz","Sopa Ramen Sabor Chili Maruchan, 3 oz","Instant chili-flavored ramen noodle soup, 3 oz, spicy and quick.","Sopa ramen instantánea sabor chili, 3 oz, picantita y rápida.",69,0,false,3,oz,oz,oz,false,,true,false,false,true,1,https://d2lnr5mha7bycj.cloudfront.net/product-image/file/large_2ae7efec-7527-477d-a422-89ea9b8e722b.png,maruchan,Noodles,"Maruchan Ramen Noodle Soup, Chili",6,41789002168,unit,1,2026-04-14,2026-04-13
3,Annie's Organic Shells Pasta and White Cheddar Cheese,Pasta de Conchitas con Queso Cheddar Blanco Orgánica Annie's,"Organic shell pasta with white cheddar cheese mix, 6 oz, creamy kid favorite.","Pasta de conchitas orgánica con queso cheddar blanco, 6 oz, cremosa favorita de los niños.",319,0,false,6,oz,oz,oz,false,,true,false,false,true,1,https://d2lnr5mha7bycj.cloudfront.net/product-image/file/large_7c4491b9-2393-4324-8182-ed8e656c7c47.png,annie's,Boxed Meals and Sides,Annie's Organic Shells Pasta and White Cheddar Cheese,3,13562000043,unit,1,2026-04-14,2026-04-13
3,Kraft Original Mac & Cheese Macaroni and Cheese Dinner,Macarrones con Queso Original Kraft,"Classic macaroni and cheese boxed dinner, 7.25 oz, ready in minutes.","Macarrones con queso en caja clásicos, 7.25 oz, listos en minutos.",249,0,false,7.25,oz,oz,oz,false,,true,false,false,true,1,https://d2lnr5mha7bycj.cloudfront.net/product-image/file/large_cd5c60ef-15a2-4230-9542-8c479c7bf296.jpg,kraft,Boxed Meals and Sides,Kraft Original Mac & Cheese Macaroni and Cheese Dinner,4,21000658831,unit,1,2026-04-14,2026-04-13
3,Prego Roasted Garlic & Herb Pasta Sauce,Salsa para Pasta con Ajo Asado y Hierbas Prego,"Roasted garlic and herb pasta sauce, 24 oz, robust tomato flavor.","Salsa para pasta con ajo asado y hierbas, 24 oz, sabor robusto a tomate.",449,0,false,24,oz,oz,oz,false,,true,false,false,true,1,https://d2lnr5mha7bycj.cloudfront.net/product-image/file/large_72e496af-c388-49d4-84d7-db605b9f8862.jpg,prego,Condiments,Prego Roasted Garlic & Herb Pasta Sauce,12,51000129109,unit,1,2026-04-14,2026-04-13
3,Knorr Pasta Sides Cheddar Broccoli Fusilli,Pasta Fusilli con Cheddar y Brócoli Knorr,"Cheddar broccoli fusilli pasta side mix, 4.3 oz, ready in seven minutes.","Mezcla de pasta fusilli con cheddar y brócoli, 4.3 oz, lista en siete minutos.",249,0,false,4.3,oz,oz,oz,false,,true,false,false,true,1,https://d2lnr5mha7bycj.cloudfront.net/product-image/file/large_0c4cb62c-9d10-4f25-9479-c742381bc7c6.png,knorr,Boxed Meals and Sides,Knorr Pasta Sides Cheddar Broccoli Fusilli,5,41000022869,unit,1,2026-04-14,2026-04-13
3,"Minute Rice Ready To Serve Yellow Rice, Gluten-Free",Arroz Amarillo Listo para Servir Minute Rice,"Microwaveable seasoned yellow rice, 4.4 oz, gluten-free and ready in 60 seconds.","Arroz amarillo sazonado para microondas, 4.4 oz, sin gluten y listo en 60 segundos.",319,0,false,4.4,oz,oz,oz,false,,true,false,false,true,1,https://d2lnr5mha7bycj.cloudfront.net/product-image/file/large_30c9f8f6-5c7d-4fb4-a169-51c399ce4168.jpg,minute rice,Boxed Meals and Sides,"Minute Rice Ready To Serve Yellow Rice, Gluten-Free",6,17400140038,unit,1,2026-04-14,2026-04-13
3,Bertolli Garlic Alfredo Sauce with Aged Parmesan Cheese,Salsa Alfredo con Ajo y Queso Parmesano Bertolli,"Creamy garlic Alfredo sauce with aged parmesan, 15 oz, rich for pasta.","Salsa Alfredo cremosa con ajo y parmesano añejo, 15 oz, rica para pasta.",449,0,false,15,oz,oz,oz,false,,true,false,false,true,1,https://d2lnr5mha7bycj.cloudfront.net/product-image/file/large_ae8482b9-a97e-4ebd-902a-645be244a33d.jpg,bertolli,Condiments,Bertolli Garlic Alfredo Sauce with Aged Parmesan Cheese,13,36200219195,unit,1,2026-04-14,2026-04-13
3,Near East Original Rice Pilaf Mix,Mezcla de Arroz Pilaf Original Near East,"Original seasoned rice pilaf mix, 6.09 oz, toasted orzo and rice blend.","Mezcla de arroz pilaf original sazonado, 6.09 oz, arroz con orzo tostado.",329,0,false,6.09,oz,oz,oz,false,,true,false,false,true,1,https://d2lnr5mha7bycj.cloudfront.net/product-image/file/large_0eb460ac-b1f4-4371-bdb5-7fad6d2e745f.png,near east,Boxed Meals and Sides,Near East Original Rice Pilaf Mix,8,72251001051,unit,1,2026-04-14,2026-04-13
3,"Nongshim Bowl Noodle Soup, Beef Flavor",Sopa de Fideos en Tazón Sabor Res Nongshim,"Microwaveable Korean beef noodle soup bowl, 3.03 oz, just add hot water.","Tazón de sopa coreana de fideos con res, 3.03 oz, solo agregue agua caliente.",159,0,false,3.03,oz,oz,oz,false,,true,false,false,true,1,https://d2lnr5mha7bycj.cloudfront.net/product-image/file/large_dbc3f395-002d-4d8d-b775-6b852154a3f2.png,nongshim,Noodles,"Nongshim Bowl Noodle Soup, Beef Flavor",20,31146263622,unit,1,2026-04-14,2026-04-13
3,Knorr Pasta Sides Butter Fettuccine,Pasta Fettuccine con Mantequilla Knorr,"Butter fettuccine pasta side mix, 4.5 oz, creamy side in minutes.","Mezcla de pasta fettuccine con mantequilla, 4.5 oz, acompañamiento cremoso en minutos.",249,0,false,4.5,oz,oz,oz,false,,true,false,false,true,1,https://d2lnr5mha7bycj.cloudfront.net/product-image/file/large_4443dd19-19cc-4f14-b3ff-9caed0066e96.jpg,knorr,Boxed Meals and Sides,Knorr Pasta Sides Butter Fettuccine,9,41000022494,unit,1,2026-04-14,2026-04-13
3,Rana Chicken & Roasted Garlic Ravioli,Ravioli de Pollo y Ajo Asado Rana,"Fresh chicken and roasted garlic ravioli, 10 oz, cooks in four minutes.","Ravioli fresco de pollo y ajo asado, 10 oz, se cocina en cuatro minutos.",699,0,false,10,oz,oz,oz,false,,true,false,false,true,1,https://d2lnr5mha7bycj.cloudfront.net/product-image/file/large_9ed73b46-9116-4a20-9ecd-db833c1f7157.jpg,rana,Pasta,Rana Chicken & Roasted Garlic Ravioli,12,877448003593,unit,3,2026-04-14,2026-04-13
3,"Nissin Ramen Noodle Soup, Soy Sauce",Sopa Ramen con Salsa de Soya Nissin,"Instant soy sauce ramen noodle soup, 3 oz, savory umami flavor.","Sopa ramen instantánea con salsa de soya, 3 oz, sabor umami sabroso.",59,0,false,3,oz,oz,oz,false,,true,false,false,true,1,https://d2lnr5mha7bycj.cloudfront.net/product-image/file/large_732df2fc-1108-4533-86d1-67d1b79680a8.png,nissin,Noodles,"Nissin Ramen Noodle Soup, Soy Sauce",24,70662010013,unit,1,2026-04-14,2026-04-13
3,Minute Rice Basmati Rice Cups,Arroz Basmati en Vasos Minute Rice,"Microwaveable basmati rice cups, 8.8 oz, fluffy and ready in 60 seconds.","Vasos de arroz basmati para microondas, 8.8 oz, suelto y listo en 60 segundos.",319,0,false,8.8,oz,oz,oz,false,,true,false,false,true,1,https://d2lnr5mha7bycj.cloudfront.net/product-image/file/large_e8c229dd-ea1d-407d-836c-b4db1f3a1231.jpg,minute rice,Grains,Minute Rice Basmati Rice Cups,2,17400140403,unit,1,2026-04-14,2026-04-13
3,Ben's Original Basmati Rice Easy Side Dish,Arroz Basmati Listo para Servir Ben's Original,"Ready-to-heat basmati rice pouch, 8.5 oz, quick side for any meal.","Bolsa de arroz basmati listo para calentar, 8.5 oz, acompañamiento rápido.",349,0,false,8.5,oz,oz,oz,false,,true,false,false,true,1,https://d2lnr5mha7bycj.cloudfront.net/product-image/file/large_d8c73158-7246-488e-ae5f-505554801007.jpg,ben's original,Boxed Meals and Sides,Ben's Original Basmati Rice Easy Side Dish,13,54800423385,unit,1,2026-04-14,2026-04-13
3,Success Ten Minute Boil-in-Bag White Rice,Arroz Blanco en Bolsa Hervir-en-Bolsa Success,"Boil-in-bag white rice, 14 oz, cooks in ten minutes without sticking.","Arroz blanco en bolsa para hervir, 14 oz, listo en diez minutos sin pegarse.",369,0,false,14,oz,oz,oz,false,,true,false,false,true,1,https://d2lnr5mha7bycj.cloudfront.net/product-image/file/large_a3eda9b2-715b-4a90-8722-90f8363e284c.jpg,success,Grains,Success Ten Minute Boil-in-Bag White Rice,3,17400100773,unit,1,2026-04-14,2026-04-13
3,"Luigi Vitelli Pasta, 86 Penne Rigate",Pasta Penne Rigate #86 Luigi Vitelli,"Penne rigate pasta No. 86, 16 oz, classic Italian ridged tubes.","Pasta penne rigate No. 86, 16 oz, tubos italianos clásicos con rayas.",179,0,false,16,oz,oz,oz,false,,true,false,false,true,1,https://d2lnr5mha7bycj.cloudfront.net/product-image/file/large_18f63571-1ced-4a65-bf0b-125eeed4b2bf.png,luigi vitelli,Pasta,"Luigi Vitelli Pasta, 86 Penne Rigate",17,41486000863,unit,1,2026-04-14,2026-04-13
3,"Prego Chunky Tomato, Onion and Garlic Pasta Sauce","Salsa para Pasta con Tomate, Cebolla y Ajo Prego","Chunky tomato, onion and garlic pasta sauce, 24 oz, hearty texture.","Salsa para pasta con trozos de tomate, cebolla y ajo, 24 oz, textura sustanciosa.",449,0,false,24,oz,oz,oz,false,,true,false,false,true,1,https://d2lnr5mha7bycj.cloudfront.net/product-image/file/large_3fa79a12-c05c-423f-b71d-4e8c8c3f285a.jpg,prego,Condiments,"Prego Chunky Tomato, Onion and Garlic Pasta Sauce",21,5100001214,unit,1,2026-04-14,2026-04-13
3,"Francesco Rinaldi Sauce, Tomato, Garlic & Onion",Salsa de Tomate con Ajo y Cebolla Francesco Rinaldi,"Tomato garlic and onion pasta sauce, 24 oz jar, classic Italian base.","Salsa de tomate con ajo y cebolla para pasta, frasco de 24 oz, base italiana clásica.",319,0,false,1,each,each,each,false,,true,false,false,true,1,https://d2lnr5mha7bycj.cloudfront.net/product-image/file/large_d9118169-3732-4203-a09c-a3ea8d8275b0.png,francesco rinaldi,Condiments,"Francesco Rinaldi Sauce, Tomato, Garlic & Onion",25,7764490040,unit,1,2026-04-14,2026-04-13
3,"Luigi Vitelli Pasta, Rotini, 100% Durum Wheat Semolina",Pasta Rotini Luigi Vitelli,"Spiral rotini pasta, 16 oz, 100% durum wheat semolina.","Pasta rotini en espiral, 16 oz, 100% semola de trigo durum.",179,0,false,16,oz,oz,oz,false,,true,false,false,true,1,https://d2lnr5mha7bycj.cloudfront.net/product-image/file/large_dcc19d41-d899-4224-809b-1c2a41185665.png,luigi vitelli,Pasta,"Luigi Vitelli Pasta, Rotini, 100% Durum Wheat Semolina",19,41486001242,unit,1,2026-04-14,2026-04-13
3,Success Ten Minute Boil-in-Bag Jasmine Fragrant Thai Rice,Arroz Jazmín Tailandés en Bolsa Success,"Boil-in-bag Thai jasmine rice, 14 oz, fragrant and fluffy in ten minutes.","Arroz jazmín tailandés en bolsa para hervir, 14 oz, aromático y suelto en diez minutos.",349,0,false,14,oz,oz,oz,false,,true,false,false,true,1,https://d2lnr5mha7bycj.cloudfront.net/product-image/file/large_59d96fea-9d33-41c7-91dc-486b7df3eee2.jpg,success,Grains,Success Ten Minute Boil-in-Bag Jasmine Fragrant Thai Rice,4,17400100766,unit,1,2026-04-14,2026-04-13
3,"Carolina Jasmine Rice, Gluten Free, Microwaveable Rice",Arroz Jazmín para Microondas Carolina,"Microwaveable jasmine rice pouch, 8.8 oz, gluten-free and quick.","Bolsa de arroz jazmín para microondas, 8.8 oz, sin gluten y rápida.",299,0,false,8.8,oz,oz,oz,false,,true,false,false,true,1,https://d2lnr5mha7bycj.cloudfront.net/product-image/file/large_86b10d8b-b049-4eb7-9c1b-c1fd21815adb.jpg,carolina,Grains,"Carolina Jasmine Rice, Gluten Free, Microwaveable Rice",5,17400223229,unit,1,2026-04-14,2026-04-13
3,VELVEETA Shells & Cheese Original Mac & Cheese Meal,Conchitas con Queso Velveeta Original,"Shell pasta with creamy Velveeta cheese sauce, 12 oz, rich and melty.","Pasta de conchitas con salsa cremosa de queso Velveeta, 12 oz, rica y derretidita.",599,0,false,12,oz,oz,oz,false,,true,false,false,true,1,https://d2lnr5mha7bycj.cloudfront.net/product-image/file/large_d1650bde-6078-409e-a007-6f162c471df1.jpg,velveeta,Boxed Meals and Sides,VELVEETA Shells & Cheese Original Mac & Cheese Meal,23,21000658930,unit,1,2026-04-14,2026-04-13
3,Kraft Stove Top Stuffing Mix for Chicken,Mezcla para Relleno Stove Top Sabor Pollo Kraft,"Chicken flavored stuffing mix, 6 oz, ready side in five minutes.","Mezcla para relleno sabor pollo, 6 oz, acompañamiento listo en cinco minutos.",399,0,false,6,oz,oz,oz,false,,true,false,false,true,1,https://d2lnr5mha7bycj.cloudfront.net/product-image/file/large_9e935f53-b5c3-4305-952a-f2d7e0adb93d.jpg,kraft stove top,Boxed Meals and Sides,Kraft Stove Top Stuffing Mix for Chicken,24,43000285213,unit,1,2026-04-14,2026-04-13
3,Classico Roasted Garlic & Tomato Spaghetti Pasta Sauce,Salsa para Pasta con Ajo Asado y Tomate Classico,"Roasted garlic and tomato spaghetti sauce, 24 oz, rich slow-cooked taste.","Salsa de espagueti con ajo asado y tomate, 24 oz, sabor cocinado a fuego lento.",549,0,false,24,oz,oz,oz,false,,true,false,false,true,1,https://d2lnr5mha7bycj.cloudfront.net/product-image/file/large_0b668d55-be62-4ddd-b920-37e65da024fe.jpg,classico,Condiments,Classico Roasted Garlic & Tomato Spaghetti Pasta Sauce,34,41129077825,unit,1,2026-04-14,2026-04-13
3,Idahoan® Buttery Homestyle® Mashed Potatoes,Puré de Papas con Mantequilla Idahoan,"Buttery homestyle mashed potato flakes, 4 oz, ready with hot water.","Hojuelas de puré de papas con mantequilla, 4 oz, listas con agua caliente.",239,0,false,4,oz,oz,oz,true,199,true,false,false,true,1,https://d2lnr5mha7bycj.cloudfront.net/product-image/file/large_aa638d38-712e-4f7d-bdf2-f685fe9a7c06.jpg,idahoan®,Boxed Meals and Sides,Idahoan® Buttery Homestyle® Mashed Potatoes,27,29700001414,unit,1,2026-04-14,2026-04-13
3,Pasta Roni White Cheddar & Broccoli Flavor Rigatoni,Rigatoni con Queso Cheddar Blanco y Brócoli Pasta Roni,"Rigatoni pasta with cheddar broccoli sauce mix, 5.5 oz, ready in ten minutes.","Rigatoni con mezcla de salsa cheddar y brócoli, 5.5 oz, lista en diez minutos.",269,0,false,5.5,oz,oz,oz,false,,true,false,false,true,1,https://d2lnr5mha7bycj.cloudfront.net/product-image/file/large_5e1d8845-dc2d-4717-ab30-de0c999457bc.png,pasta roni,Boxed Meals and Sides,Pasta Roni White Cheddar & Broccoli Flavor Rigatoni,28,15300440333,unit,1,2026-04-14,2026-04-13
3,"Paldo King Noodle Cup, Lobster Taste Langosta",Vaso de Fideos Sabor Langosta Paldo King,"Korean lobster-flavored noodle cup, 3.88 oz, spicy seafood broth.","Vaso de fideos coreanos sabor langosta, 3.88 oz, caldo picante de mariscos.",279,0,false,3.88,oz,oz,oz,false,,true,false,false,true,1,https://d2lnr5mha7bycj.cloudfront.net/product-image/file/large_40ae8ec4-8d96-40ff-92e2-a3261ffaeb64.jpg,paldo,Noodles,"Paldo King Noodle Cup, Lobster Taste Langosta",36,648436100279,unit,1,2026-04-14,2026-04-13
3,Rice-A-Roni Chicken & Garlic Flavor Rice,Arroz Sabor Pollo y Ajo Rice-A-Roni,"Chicken and garlic flavored rice mix, 5.9 oz, savory side dish.","Mezcla de arroz sabor pollo y ajo, 5.9 oz, acompañamiento sabroso.",269,0,false,5.9,oz,oz,oz,false,,true,false,false,true,1,https://d2lnr5mha7bycj.cloudfront.net/product-image/file/large_61ad6e78-ee85-42c1-8775-c70b136a5344.png,rice-a-roni,Boxed Meals and Sides,Rice-A-Roni Chicken & Garlic Flavor Rice,30,15300430068,unit,1,2026-04-14,2026-04-13
3,Prego Tomato Basil Garlic Pasta Sauce,"Salsa para Pasta con Tomate, Albahaca y Ajo Prego","Tomato basil garlic pasta sauce, 24 oz, bright herbaceous flavor.","Salsa para pasta con tomate, albahaca y ajo, 24 oz, sabor fresco a hierbas.",449,0,false,24,oz,oz,oz,false,,true,false,false,true,1,https://d2lnr5mha7bycj.cloudfront.net/product-image/file/large_75289f85-560e-4120-8d4f-3962924f48b7.jpg,prego,Condiments,Prego Tomato Basil Garlic Pasta Sauce,38,51000093240,unit,1,2026-04-14,2026-04-13
3,Rao's Roasted Garlic Sauce,Salsa de Ajo Asado Rao's,"Premium roasted garlic pasta sauce, 24 oz, small-batch Italian style.","Salsa premium para pasta con ajo asado, 24 oz, estilo italiano artesanal.",899,0,false,24,oz,oz,oz,false,,true,false,false,true,1,https://d2lnr5mha7bycj.cloudfront.net/product-image/file/large_a1faeb07-6ffa-4692-9d97-e3988253a193.jpg,rao's,Condiments,Rao's Roasted Garlic Sauce,41,747479001557,unit,6017,2026-04-14,2026-04-13
3,Classico Fire Roasted Tomato & Garlic Spaghetti Pasta Sauce,Salsa para Pasta con Tomate Asado al Fuego y Ajo Classico,"Fire roasted tomato and garlic pasta sauce, 24 oz, smoky rich flavor.","Salsa para pasta con tomate asado al fuego y ajo, 24 oz, sabor ahumado.",549,0,false,24,oz,oz,oz,false,,true,false,false,true,1,https://d2lnr5mha7bycj.cloudfront.net/product-image/file/large_38f5af95-1c00-4a3e-ad45-79a36d82b3e0.jpg,classico,Condiments,Classico Fire Roasted Tomato & Garlic Spaghetti Pasta Sauce,42,41129077009,unit,1,2026-04-14,2026-04-13
3,Kraft Stove Top Savory Herbs Stuffing Mix,Mezcla para Relleno Stove Top con Hierbas Kraft,"Savory herbs stuffing mix, 6 oz, classic herbed side ready in minutes.","Mezcla para relleno con hierbas sabrosas, 6 oz, acompañamiento clásico en minutos.",399,0,false,6,oz,oz,oz,false,,true,false,false,true,1,https://d2lnr5mha7bycj.cloudfront.net/product-image/file/large_d6d89336-32a1-41a1-a830-75f86a5c24a7.jpg,kraft stove top,Boxed Meals and Sides,Kraft Stove Top Savory Herbs Stuffing Mix,32,43000285435,unit,1,2026-04-14,2026-04-13
3,"Barilla Protein+ (Plus) Spaghetti Pasta - Plant Based Pasta - Made from Lentils, Chickpeas & Peas",Espagueti Plant Based Protein+ Barilla,"Plant-based protein spaghetti with lentils, chickpeas and peas, 14.5 oz.","Espagueti plant based con lentejas, garbanzos y arvejas, 14.5 oz.",339,0,false,14.5,oz,oz,oz,false,,true,false,false,true,1,https://d2lnr5mha7bycj.cloudfront.net/product-image/file/large_963eb9ed-3e20-46f9-b449-4ac8c73ec5b2.png,barilla protein+,Pasta,"Barilla Protein+ (Plus) Spaghetti Pasta - Plant Based Pasta - Made from Lentils, Chickpeas & Peas",25,7680853357,unit,1,2026-04-14,2026-04-13
3,"Goya Red Lentils, Dry",Lentejas Rojas Secas Goya,"Dry red lentils, 16 oz bag, quick-cooking and rich in protein.","Lentejas rojas secas, bolsa de 16 oz, cocción rápida y ricas en proteína.",179,0,false,16,oz,oz,oz,false,,true,true,false,true,1,https://d2lnr5mha7bycj.cloudfront.net/product-image/file/large_8eee40a5-5420-4f3e-be71-a24ff533500e.jpg,goya,Dried Beans,"Goya Red Lentils, Dry",1,41331024969,unit,5600,2026-04-14,2026-04-13
3,"Barilla Pasta Sauce Roasted Garlic - No Added Sugar - Non-GMO, Gluten Free, Kosher",Salsa para Pasta con Ajo Asado Barilla,"Roasted garlic pasta sauce, 24 oz, no added sugar and gluten-free.","Salsa para pasta con ajo asado, 24 oz, sin azúcar añadido y sin gluten.",479,0,false,24,oz,oz,oz,false,,true,false,false,true,1,https://d2lnr5mha7bycj.cloudfront.net/product-image/file/large_f395f853-d529-47ae-931c-ba829e682c7f.png,barilla,Condiments,"Barilla Pasta Sauce Roasted Garlic - No Added Sugar - Non-GMO, Gluten Free, Kosher",48,706010112978,unit,1,2026-04-14,2026-04-13
3,"Nissin Top Ramen Noodle Soup, Chili Flavor",Sopa Ramen Sabor Chili Nissin Top Ramen,"Instant chili-flavored ramen noodle soup, 3 oz, spicy and fast.","Sopa ramen instantánea sabor chili, 3 oz, picantita y rápida.",59,0,false,3,oz,oz,oz,false,,true,false,false,true,1,https://d2lnr5mha7bycj.cloudfront.net/product-image/file/large_15ca1508-a772-4b05-96f4-1aa158787bdc.png,nissin,Noodles,"Nissin Top Ramen Noodle Soup, Chili Flavor",41,70662010174,unit,1,2026-04-14,2026-04-13
3,"Ragu Chunky Tomato, Garlic and Onion Pasta Sauce, Diced Tomatoes, Delicious Garlic and Onions, 24 oz","Salsa para Pasta con Tomate, Ajo y Cebolla Ragu","Chunky tomato, garlic and onion pasta sauce, 24 oz, with diced tomatoes.","Salsa para pasta con trozos de tomate, ajo y cebolla, 24 oz, con tomate picado.",379,0,false,24,oz,oz,oz,false,,true,false,false,true,1,https://d2lnr5mha7bycj.cloudfront.net/product-image/file/large_f8d5e0c8-61ea-416b-b6cb-46e0ea50baf3.jpg,ragu,Condiments,"Ragu Chunky Tomato, Garlic and Onion Pasta Sauce, Diced Tomatoes, Delicious Garlic and Onions",49,36200004401,unit,1,2026-04-14,2026-04-13
3,Classico Roasted Garlic Alfredo Pasta Sauce,Salsa Alfredo con Ajo Asado Classico,"Roasted garlic Alfredo pasta sauce, 15 oz, creamy white sauce ready to heat.","Salsa Alfredo con ajo asado, 15 oz, salsa blanca cremosa lista para calentar.",549,0,false,15,oz,oz,oz,false,,true,false,false,true,1,https://d2lnr5mha7bycj.cloudfront.net/product-image/file/large_1f6a355d-3d81-4a66-b24d-6a5daa58c428.jpg,classico,Condiments,Classico Roasted Garlic Alfredo Pasta Sauce,50,41129077641,unit,1,2026-04-14,2026-04-13
3,Idahoan® Classic Mashed Potatoes,Puré de Papas Clásico Idahoan,"Classic mashed potato flakes, 4 oz, ready in minutes with hot water.","Hojuelas de puré de papas clásico, 4 oz, listas en minutos con agua caliente.",239,0,false,4,oz,oz,oz,true,199,true,false,false,true,1,https://d2lnr5mha7bycj.cloudfront.net/product-image/file/large_6c960a1c-ce75-4f45-bfa7-c7bce5939301.jpg,idahoan®,Boxed Meals and Sides,Idahoan® Classic Mashed Potatoes,38,2970002111,unit,1,2026-04-14,2026-04-13
3,"Goya Split Peas, Yellow",Arvejas Partidas Amarillas Goya,"Dry yellow split peas, 16 oz bag, great for soups and stews.","Arvejas partidas amarillas secas, bolsa de 16 oz, ricas para sopas y guisos.",149,0,false,16,oz,oz,oz,false,,true,true,false,true,1,https://d2lnr5mha7bycj.cloudfront.net/product-image/file/large_d8c95820-ac47-4696-9a8d-9fa3c0d8438a.png,goya,Dried Goods,"Goya Split Peas, Yellow",2,41331024914,unit,5600,2026-04-14,2026-04-13
3,Rao's Alfredo Sauce Garlic,Salsa Alfredo con Ajo Rao's,"Premium garlic Alfredo sauce, 15 oz, creamy with real parmesan.","Salsa Alfredo premium con ajo, 15 oz, cremosa con parmesano de verdad.",999,0,false,15,oz,oz,oz,false,,true,false,false,true,1,https://d2lnr5mha7bycj.cloudfront.net/product-image/file/large_53df4d01-7bfc-4ce4-a0dd-8c12fac494e4.jpg,rao's,Condiments,Rao's Alfredo Sauce Garlic,58,747479001175,unit,6017,2026-04-14,2026-04-13
3,Muir Glen Organic Diced Tomatoe,Tomates Picados Orgánicos Muir Glen,"Organic diced tomatoes, 14.5 oz can, base for sauces and soups.","Tomates picados orgánicos, lata de 14.5 oz, base para salsas y sopas.",359,0,false,14.5,oz,oz,oz,false,,true,false,false,true,1,https://d2lnr5mha7bycj.cloudfront.net/product-image/file/large_c8c247d3-deae-439d-9aa5-22ff8b3f8caf.png,muir glen,Canned Goods,Muir Glen Organic Diced Tomatoe,166,725342260713,unit,1,2026-04-14,2026-04-13
3,"Pasta Roni Vermicelli, Garlic & Olive Oil",Fideos Vermicelli con Ajo y Aceite de Oliva Pasta Roni,"Vermicelli pasta mix with garlic and olive oil, 4.6 oz, ready in ten minutes.","Mezcla de fideos vermicelli con ajo y aceite de oliva, 4.6 oz, lista en diez minutos.",269,0,false,4.6,oz,oz,oz,false,,true,false,false,true,1,https://d2lnr5mha7bycj.cloudfront.net/product-image/file/large_6fedfe34-b834-4b6f-b93f-622ee42e966f.png,pasta roni,Boxed Meals and Sides,"Pasta Roni Vermicelli, Garlic & Olive Oil",47,15300440258,unit,1,2026-04-14,2026-04-13
3,Idahoan® Roasted Garlic Mashed Potatoes,Puré de Papas con Ajo Asado Idahoan,"Roasted garlic mashed potato flakes, 4 oz, ready with hot water in minutes.","Hojuelas de puré de papas con ajo asado, 4 oz, listas con agua caliente.",239,0,false,4,oz,oz,oz,true,199,true,false,false,true,1,https://d2lnr5mha7bycj.cloudfront.net/product-image/file/large_2e4943d9-b589-4feb-b90a-61561a830868.jpg,idahoan®,Boxed Meals and Sides,Idahoan® Roasted Garlic Mashed Potatoes,49,29700001476,unit,1,2026-04-14,2026-04-13
3,Colavita Cut Ziti Pasta,Pasta Ziti Cortada Colavita,"Cut ziti tube pasta, 1 lb, Italian-made for baked pasta dishes.","Pasta ziti cortada en tubos, 1 lb, hecha en Italia para pastas al horno.",269,0,false,1,lb,lb,lb,false,,true,false,false,true,1,https://d2lnr5mha7bycj.cloudfront.net/product-image/file/large_e9dddf55-4b2c-435d-b485-3d8b27b0a3ae.jpg,colavita,Pasta,Colavita Cut Ziti Pasta,35,39153110410,unit,1,2026-04-14,2026-04-13
3,RO*TEL Mild Diced Tomatoes and Green Chilies,Tomates Picados con Chiles Verdes Suaves Ro*Tel,"Mild diced tomatoes with green chilies, 10 oz, light kick for dips.","Tomates picados con chiles verdes suaves, 10 oz, toque ligero para dips.",299,0,false,10,oz,oz,oz,false,,true,false,false,true,1,https://d2lnr5mha7bycj.cloudfront.net/product-image/file/large_19ded52a-fa81-4ce0-af01-b4318a392d42.jpg,ro*tel,Canned Goods,RO*TEL Mild Diced Tomatoes and Green Chilies,167,64144282630,unit,1,2026-04-14,2026-04-13
3,"Ronzoni Small Shells, 16 oz, Conchiglie Pasta, Non-GMO",Conchitas Pequeñas Ronzoni,"Small shell conchiglie pasta, 1 lb, perfect for soups and mac and cheese.","Pasta conchiglie pequeña, 1 lb, ideal para sopas y macarrones con queso.",219,0,false,1,lb,lb,lb,false,,true,false,false,true,1,https://d2lnr5mha7bycj.cloudfront.net/product-image/file/large_9848f634-1804-4da3-902d-c7bdebbee4c7.png,ronzoni,Pasta,"Ronzoni Small Shells, Conchiglie Pasta, Non-GMO",39,71300000236,unit,1,2026-04-14,2026-04-13
3,"Bertolli Traditional Marinara Sauce with Italian Herbs and Fresh Garlic, Made with Vine-Ripened Tomatoes, 24 oz",Salsa Marinara Tradicional con Hierbas y Ajo Bertolli,"Traditional marinara sauce with Italian herbs and fresh garlic, 24 oz.","Salsa marinara tradicional con hierbas italianas y ajo fresco, 24 oz.",449,0,false,24,oz,oz,oz,false,,true,false,false,true,1,https://d2lnr5mha7bycj.cloudfront.net/product-image/file/large_bb437336-0470-44ee-a158-6af58dfa9e6f.jpg,bertolli,Condiments,"Bertolli Traditional Marinara Sauce with Italian Herbs and Fresh Garlic, Made with Vine-Ripened Tomatoes",70,36200430682,unit,1,2026-04-14,2026-04-13
3,"Vigo Yellow Rice, Saffron",Arroz Amarillo con Azafrán Vigo,"Yellow rice with saffron seasoning, 8 oz, aromatic Spanish-style side.","Arroz amarillo con azafrán, 8 oz, acompañamiento aromático estilo español.",199,0,false,8,oz,oz,oz,false,,true,false,false,true,1,https://d2lnr5mha7bycj.cloudfront.net/product-image/file/large_3e4f3884-d688-49e6-b8b6-13cc90c37177.png,vigo,Grains,"Vigo Yellow Rice, Saffron",15,71072013724,unit,6017,2026-04-14,2026-04-13
3,"Goya Yellow Rice,  Low Sodium, Arroz Amarillo",Arroz Amarillo Bajo en Sodio Goya,"Low-sodium seasoned yellow rice mix, 7 oz, quick Latin-style side.","Mezcla de arroz amarillo sazonado bajo en sodio, 7 oz, acompañamiento latino rápido.",229,0,false,7,oz,oz,oz,true,199,true,false,false,true,1,https://d2lnr5mha7bycj.cloudfront.net/product-image/file/large_7cf15f4a-038f-488b-a41d-844437fcb7ee.png,goya,Boxed Meals and Sides,"Goya Yellow Rice, Low Sodium, Arroz Amarillo",53,41331127028,unit,5600,2026-04-14,2026-04-13
3,Best Yet Tomato Paste,Pasta de Tomate Best Yet,"Concentrated tomato paste, 6 oz can, builds flavor in sauces and stews.","Pasta de tomate concentrada, lata de 6 oz, realza el sabor de salsas y guisos.",99,0,false,6,oz,oz,oz,false,,true,false,false,true,1,https://d2lnr5mha7bycj.cloudfront.net/product-image/file/large_126b9f54-62dc-4fee-a2ca-794972bc0ee4.png,best yet,Canned Goods,Best Yet Tomato Paste,170,42187406749,unit,1,2026-04-14,2026-04-13
3,"Ragu Chunky Sauteed Onion and Garlic Pasta Sauce with Diced Tomatoes, 24 oz",Salsa para Pasta con Cebolla y Ajo Salteados Ragu,"Chunky sauteed onion and garlic pasta sauce with diced tomatoes, 24 oz.","Salsa para pasta con trozos de cebolla y ajo salteados y tomate picado, 24 oz.",379,0,false,24,oz,oz,oz,false,,true,false,false,true,1,https://d2lnr5mha7bycj.cloudfront.net/product-image/file/large_ac0af865-2d84-4076-a732-a9bbb5e3422a.jpg,ragu,Condiments,Ragu Chunky Sauteed Onion and Garlic Pasta Sauce with Diced Tomatoes,80,36200004685,unit,1,2026-04-14,2026-04-13
3,"Bob's Red Mill Tri-Color Quinoa Grain, Organic",Quinoa Tricolor Orgánica Bob's Red Mill,"Organic tri-color quinoa grain, 13 oz, protein-packed ancient grain.","Grano de quinoa tricolor orgánica, 13 oz, grano ancestral rico en proteína.",799,0,false,13,oz,oz,oz,false,,true,false,false,true,1,https://d2lnr5mha7bycj.cloudfront.net/product-image/file/large_b7399db1-a4e5-4c46-8cf8-e65d06264844.png,bob's red mill,Grains,"Bob's Red Mill Tri-Color Quinoa Grain, Organic",19,39978019462,unit,6009,2026-04-14,2026-04-13
3,"Ronzoni Spaghetti, 16 oz, Classic Pasta, Non-GMO, Great Taste",Espagueti Clásico Ronzoni,"Classic spaghetti pasta, 1 lb, non-GMO for everyday Italian meals.","Espagueti clásico, 1 lb, no transgénico para comidas italianas diarias.",219,0,false,1,lb,lb,lb,false,,true,false,false,true,1,https://d2lnr5mha7bycj.cloudfront.net/product-image/file/large_81ba2ca5-4edc-48a5-8dcc-d78f63286ab1.png,ronzoni,Pasta,"Ronzoni Spaghetti, Classic Pasta, Non-GMO, Great Taste",47,71300000083,unit,1,2026-04-14,2026-04-13
3,Mueller's Elbows,Coditos Mueller's,"Classic elbow macaroni pasta, 16 oz, perfect for mac and cheese.","Coditos de macarrones clásicos, 16 oz, ideales para macarrones con queso.",239,0,false,16,oz,oz,oz,true,219,true,false,false,true,1,https://d2lnr5mha7bycj.cloudfront.net/product-image/file/large_75f0958a-dffb-45ab-94c1-9a5362960d07.png,mueller's,Pasta,Mueller's Elbows,49,2920000213,unit,1,2026-04-14,2026-04-13
3,"Newman's Own Pasta Sauce, Roasted Garlic",Salsa para Pasta con Ajo Asado Newman's Own,"Roasted garlic pasta sauce, 24 oz, profits go to charity.","Salsa para pasta con ajo asado, 24 oz, las ganancias van a la caridad.",499,0,false,24,oz,oz,oz,false,,true,false,false,true,1,https://d2lnr5mha7bycj.cloudfront.net/product-image/file/large_b0d212fb-0527-4963-a0c1-874bc46711d9.png,newman's own,Condiments,"Newman's Own Pasta Sauce, Roasted Garlic",82,20662006158,unit,1,2026-04-14,2026-04-13
3,"Ragu Old World Style Parmesan and Romano Pasta Sauce with Diced Tomatoes Diced Tomatoes, Onions, Parmesan and Romano Cheese, 24 oz",Salsa para Pasta Estilo Antiguo con Parmesano y Romano Ragu,"Old World parmesan and romano pasta sauce with diced tomatoes, 24 oz.","Salsa estilo antiguo con parmesano, romano y tomate picado, 24 oz.",379,0,false,24,oz,oz,oz,false,,true,false,false,true,1,https://d2lnr5mha7bycj.cloudfront.net/product-image/file/large_5ebb738e-f73d-45f4-a6e2-8be991a310fa.jpg,ragu,Condiments,"Ragu Old World Style Parmesan and Romano Pasta Sauce with Diced Tomatoes Diced Tomatoes, Onions, Parmesan and Romano Cheese",83,36200004647,unit,1,2026-04-14,2026-04-13
3,Rice-A-Roni Long Grain & Wild Rice,Arroz Grano Largo y Salvaje Rice-A-Roni,"Long grain and wild rice blend mix, 4.3 oz, nutty seasoned side.","Mezcla de arroz grano largo y salvaje, 4.3 oz, acompañamiento sazonado con sabor a nuez.",269,0,false,4.3,oz,oz,oz,false,,true,false,false,true,1,https://d2lnr5mha7bycj.cloudfront.net/product-image/file/large_c83061d7-abe1-4ee9-a333-5ee1817a9c65.png,rice-a-roni,Grains,Rice-A-Roni Long Grain & Wild Rice,24,15300430471,unit,1,2026-04-14,2026-04-13
3,"Tapatio Ramen Noodle Soup, Original Flavor",Sopa Ramen Sabor Original Tapatio,"Original Tapatio hot sauce flavored ramen, 3.8 oz, spicy Mexican kick.","Ramen con sabor original a salsa Tapatio, 3.8 oz, picantito mexicano.",269,0,false,3.8,oz,oz,oz,false,,true,false,false,true,1,https://d2lnr5mha7bycj.cloudfront.net/product-image/file/large_31eac37f-410a-489c-9203-68388197f5f1.png,tapatio,Noodles,"Tapatio Ramen Noodle Soup, Original Flavor",46,780707102114,unit,6017,2026-04-14,2026-04-13
3,"Carolina Yellow Rice, Seasoned Rice, Gluten Free Rice, Uncooked Rice",Arroz Amarillo Sazonado Carolina,"Seasoned yellow rice, 5 oz, gluten-free and quick to cook.","Arroz amarillo sazonado, 5 oz, sin gluten y rápido de cocinar.",99,0,false,5,oz,oz,oz,false,,true,false,false,true,1,https://d2lnr5mha7bycj.cloudfront.net/product-image/file/large_9f24e4d2-20ff-45da-96dc-7f4d5265a362.jpg,carolina,Boxed Meals and Sides,"Carolina Yellow Rice, Seasoned Rice, Gluten Free Rice, Uncooked Rice",67,17400106072,unit,1,2026-04-14,2026-04-13
3,Hunt's Tomato Paste,Pasta de Tomate Hunt's,"Concentrated tomato paste, 6 oz can, thickens sauces and stews.","Pasta de tomate concentrada, lata de 6 oz, espesa salsas y guisos.",179,0,false,6,oz,oz,oz,false,,true,false,false,true,1,https://d2lnr5mha7bycj.cloudfront.net/product-image/file/large_64f4227a-a92c-4fe0-9527-ad96bbdaf74b.jpg,hunt's,Canned Goods,Hunt's Tomato Paste,171,27000388150,unit,1,2026-04-14,2026-04-13
3,"San Giorgio Rotini, No. 76",Pasta Rotini No. 76 San Giorgio,"Spiral rotini pasta No. 76, 16 oz, ridges hold sauce beautifully.","Pasta rotini en espiral No. 76, 16 oz, las rayitas agarran la salsa.",249,0,false,16,oz,oz,oz,false,,true,false,false,true,1,https://d2lnr5mha7bycj.cloudfront.net/product-image/file/large_aab60f8a-40e4-4e91-b31e-b1e1f8d43364.png,san giorgio,Pasta,"San Giorgio Rotini, No. 76",54,33400601768,unit,1,2026-04-14,2026-04-13
3,"San Giorgio Penne Rigate, No. 73",Pasta Penne Rigate No. 73 San Giorgio,"Penne rigate pasta No. 73, 16 oz, ridged tubes for thick sauces.","Pasta penne rigate No. 73, 16 oz, tubos con rayitas para salsas espesas.",249,0,false,16,oz,oz,oz,false,,true,false,false,true,1,https://d2lnr5mha7bycj.cloudfront.net/product-image/file/large_8d27dedf-64eb-4412-8b8d-869ec19fe8da.png,san giorgio,Pasta,"San Giorgio Penne Rigate, No. 73",55,33400601737,unit,1,2026-04-14,2026-04-13
3,Sabrett Pushcart Style Onions in Sauce,Cebollas en Salsa Estilo Carrito Sabrett,"Pushcart-style onions in tomato sauce, 16 oz, classic NYC hot dog topping.","Cebollas en salsa de tomate estilo carrito, 16 oz, topping clásico de hot dog neoyorquino.",799,0,false,16,oz,oz,oz,false,,true,false,false,true,1,https://d2lnr5mha7bycj.cloudfront.net/product-image/file/large_c66d966d-da05-4a97-9a8f-544f0cd30c5a.png,sabrett,Grains,Sabrett Pushcart Style Onions in Sauce,25,74338003316,unit,3,2026-04-14,2026-04-13
3,Royal Ready to Heat Microwave Rice White Basamati Flavor,Arroz Basmati Blanco para Microondas Royal,"Ready-to-heat white basmati rice pouch, 8.5 oz, ready in 90 seconds.","Bolsa de arroz basmati blanco listo para calentar, 8.5 oz, listo en 90 segundos.",239,0,false,8.5,oz,oz,oz,false,,true,false,false,true,1,https://d2lnr5mha7bycj.cloudfront.net/product-image/file/large_783abe39-344e-4c48-a9c1-7930ba5f5ff5.jpg,royal,Grains,Royal Ready to Heat Microwave Rice White Basamati Flavor,27,745042400028,unit,1,2026-04-14,2026-04-13
3,Tuttorosso Tomato Paste,Pasta de Tomate Tuttorosso,"Italian-style concentrated tomato paste, 6 oz can, deep tomato flavor.","Pasta de tomate concentrada estilo italiano, lata de 6 oz, sabor intenso.",169,0,false,6,oz,oz,oz,false,,true,false,false,true,1,https://d2lnr5mha7bycj.cloudfront.net/product-image/file/large_d3ee1feb-80d0-486f-88c6-60f9374eaaf2.jpg,tuttorosso,Canned Goods,Tuttorosso Tomato Paste,173,7294075709,unit,1,2026-04-14,2026-04-13
3,"DAVID Sunflower Seeds, Ranch Flavor",Semillas de Girasol Sabor Ranch David,"Ranch-flavored jumbo sunflower seeds, 5.25 oz, in-shell snack.","Semillas de girasol jumbo sabor ranch, 5.25 oz, merienda con cáscara.",239,0,false,5.25,oz,oz,oz,false,,true,false,false,true,1,https://d2lnr5mha7bycj.cloudfront.net/product-image/file/large_9e8e3d5a-a0c3-43a8-8a9d-a4735dda3c49.jpg,david,Seeds,"DAVID Sunflower Seeds, Ranch Flavor",2,26200467726,unit,1,2026-04-14,2026-04-13
3,Tuttorosso Diced Tomatoes,Tomates Picados Tuttorosso,"Italian-style diced tomatoes, 28 oz can, hand-selected for sauces.","Tomates picados estilo italiano, lata de 28 oz, seleccionados a mano para salsas.",299,0,false,28,oz,oz,oz,true,279,true,false,false,true,1,https://d2lnr5mha7bycj.cloudfront.net/product-image/file/large_672bc0bf-fac3-46fc-9199-4bf6f1470f69.jpg,tuttorosso,Canned Goods,Tuttorosso Diced Tomatoes,175,7294075500,unit,1,2026-04-14,2026-04-13
3,"Cheetos Mac 'N Cheese, Bold & Cheesy Flavor",Macarrones con Queso Bold & Cheesy Cheetos,"Bold and cheesy mac and cheese with Cheetos flavor, 5.9 oz, kid-friendly.","Macarrones con queso bold & cheesy sabor Cheetos, 5.9 oz, para los niños.",219,0,false,5.9,oz,oz,oz,false,,true,false,false,true,1,https://d2lnr5mha7bycj.cloudfront.net/product-image/file/large_68fdb3d8-3644-4622-ad4d-73dcf24f8504.png,cheetos,Boxed Meals and Sides,"Cheetos Mac 'N Cheese, Bold & Cheesy Flavor",76,15300014985,unit,1,2026-04-14,2026-04-13
3,Hunt's Diced Tomatoes,Tomates Picados Hunt's,"Diced tomatoes, 14.5 oz can, convenient for sauces, soups and chili.","Tomates picados, lata de 14.5 oz, prácticos para salsas, sopas y chili.",349,0,false,14.5,oz,oz,oz,false,,true,false,false,true,1,https://d2lnr5mha7bycj.cloudfront.net/product-image/file/large_0859fa89-ac72-474e-9b76-0341d6b30a66.jpg,hunt's,Canned Goods,Hunt's Diced Tomatoes,177,27000380406,unit,1,2026-04-14,2026-04-13
3,Botticelli Roasted Garlic Pasta Sauce,Salsa para Pasta con Ajo Asado Botticelli,"Roasted garlic pasta sauce, 24 oz, premium Italian-style jar.","Salsa para pasta con ajo asado, 24 oz, frasco premium estilo italiano.",749,0,false,24,oz,oz,oz,false,,true,false,false,true,1,https://d2lnr5mha7bycj.cloudfront.net/product-image/file/large_06dc14a4-a02e-473c-bd5a-4369ab691496.jpg,botticelli,Condiments,Botticelli Roasted Garlic Pasta Sauce,87,855019000356,unit,1,2026-04-14,2026-04-13
3,"KA-ME Noodles, Wide, Lo Mein",Fideos Anchos Lo Mein Ka-Me,"Wide lo mein Asian noodles, 8 oz, ready for stir-fry and soups.","Fideos asiáticos lo mein anchos, 8 oz, listos para saltear y sopas.",359,0,false,8,oz,oz,oz,false,,true,false,false,true,1,https://d2lnr5mha7bycj.cloudfront.net/product-image/file/large_786847a2-f8e0-48a9-a6ca-0fcbc19d4d8c.png,ka-me,Pasta,"KA-ME Noodles, Wide, Lo Mein",68,70844004755,unit,6017,2026-04-14,2026-04-13
3,"Goya Pinto Beans, Dry",Habichuelas Pintas Secas Goya,"Dry pinto beans, 16 oz bag, soak overnight for traditional stews.","Habichuelas pintas secas, bolsa de 16 oz, remoje la noche antes para guisos.",179,0,false,16,oz,oz,oz,false,,true,false,false,true,1,https://d2lnr5mha7bycj.cloudfront.net/product-image/file/large_d8b47e1f-4073-449d-9759-7d22a00ced67.jpg,goya,Dried Beans,"Goya Pinto Beans, Dry",10,41331024723,unit,5600,2026-04-14,2026-04-13
3,Meetu Chinese Noodles,Fideos Chinos Meetu,"Chinese-style dried noodles, 13 oz, versatile for stir-fry or soups.","Fideos secos estilo chino, 13 oz, versátiles para saltear o sopas.",599,0,false,13,oz,oz,oz,true,549,true,false,false,true,1,https://d2lnr5mha7bycj.cloudfront.net/product-image/file/large_b1651441-08d0-472c-818f-2e5ba764823b.png,meetu,Noodles,Meetu Chinese Noodles,47,7316604224,unit,6017,2026-04-14,2026-04-13
3,"DAVID Sunflower Seeds, Original Flavor",Semillas de Girasol Sabor Original David,"Original jumbo sunflower seeds, 5.25 oz, salty in-shell snack.","Semillas de girasol jumbo sabor original, 5.25 oz, merienda salada con cáscara.",239,0,false,5.25,oz,oz,oz,false,,true,false,false,true,1,https://d2lnr5mha7bycj.cloudfront.net/product-image/file/large_76a42890-7408-4e3c-a691-fab9bc5d2e6a.jpg,david,Seeds,"DAVID Sunflower Seeds, Original Flavor",3,26200461724,unit,1,2026-04-14,2026-04-13
3,Kraft Original Mac & Cheese Easy Microwavable Dinner,Macarrones con Queso Original para Microondas Kraft,"Microwaveable original mac and cheese cup, 2.05 oz, ready in minutes.","Vaso de macarrones con queso original para microondas, 2.05 oz, listo en minutos.",199,0,false,2.05,oz,oz,oz,false,,true,false,false,true,1,https://d2lnr5mha7bycj.cloudfront.net/product-image/file/large_bcf69e44-0500-4f6d-95bb-495fa1ac0dbe.jpg,kraft,Boxed Meals and Sides,Kraft Original Mac & Cheese Easy Microwavable Dinner,80,21000010875,unit,1,2026-04-14,2026-04-13
3,Cento Tomato Paste,Pasta de Tomate Cento,"Italian-style concentrated tomato paste, 6 oz can, rich flavor base.","Pasta de tomate concentrada estilo italiano, lata de 6 oz, base de sabor intenso.",139,0,false,6,oz,oz,oz,false,,true,false,false,true,1,https://d2lnr5mha7bycj.cloudfront.net/product-image/file/large_c1c73375-913c-4206-9f6f-55a962cfb2fd.jpg,cento,Canned Goods,Cento Tomato Paste,181,70796400094,unit,1,2026-04-14,2026-04-13
3,Colavita Spaghetti Pasta,Espagueti Colavita,"Italian-made spaghetti pasta, 16 oz, bronze-cut for excellent texture.","Espagueti hecho en Italia, 16 oz, corte en bronce para excelente textura.",269,0,false,16,oz,oz,oz,false,,true,false,false,true,1,https://d2lnr5mha7bycj.cloudfront.net/product-image/file/large_b4fef5bc-c2eb-49f7-a1d1-6409a9315c08.jpg,colavita,Pasta,Colavita Spaghetti Pasta,79,39153110038,unit,1,2026-04-14,2026-04-13
3,Hunt's Petite Diced Tomatoes No Salt Added,Tomates Picados Pequeños sin Sal Hunt's,"Petite diced tomatoes with no salt added, 14.5 oz, heart-healthy base.","Tomates picados pequeños sin sal añadida, 14.5 oz, base saludable para el corazón.",349,0,false,14.5,oz,oz,oz,false,,true,false,false,true,1,https://d2lnr5mha7bycj.cloudfront.net/product-image/file/large_8550094c-7361-43b1-a8e2-232f39bcb023.jpg,hunt's,Canned Goods,Hunt's Petite Diced Tomatoes No Salt Added,182,27000001011,unit,1,2026-04-14,2026-04-13
3,KA-ME Bean Threads,Fideos de Frijol Ka-Me,"Glass bean thread noodles, 3.75 oz, perfect for stir-fry and spring rolls.","Fideos transparentes de frijol, 3.75 oz, ideales para saltear y rollitos.",349,0,false,3.75,oz,oz,oz,false,,true,false,false,true,1,https://d2lnr5mha7bycj.cloudfront.net/product-image/file/large_4f434625-6a38-4f49-9a1b-c32a3a19a173.png,ka-me,Noodles,KA-ME Bean Threads,48,70844004489,unit,6017,2026-04-14,2026-04-13
3,Best Yet No Salt Added Tomato Sauce,Salsa de Tomate sin Sal Best Yet,"No salt added tomato sauce, 8 oz can, base for healthy recipes.","Salsa de tomate sin sal añadida, lata de 8 oz, base para recetas saludables.",69,0,false,8,oz,oz,oz,false,,true,false,false,true,1,https://d2lnr5mha7bycj.cloudfront.net/product-image/file/large_f2c04b52-6996-44fa-9f4f-c5da3d14c3b1.png,best yet,Canned Goods,Best Yet No Salt Added Tomato Sauce,185,42187410999,unit,1,2026-04-14,2026-04-13
3,Goya Barley,Cebada Goya,"Dry pearled barley, 16 oz bag, hearty grain for soups and sides.","Cebada perlada seca, bolsa de 16 oz, grano sustancioso para sopas y acompañamientos.",189,0,false,16,oz,oz,oz,false,,true,false,false,true,1,https://d2lnr5mha7bycj.cloudfront.net/product-image/file/large_65ac38e6-bdf0-4268-a087-8fc1a573f3f5.png,goya,Grains,Goya Barley,43,41331024945,unit,5600,2026-04-14,2026-04-13
3,Foodtown Macaroni & Cheese Dinner,Macarrones con Queso Foodtown,"Classic boxed macaroni and cheese dinner, 7.25 oz, budget-friendly meal.","Macarrones con queso clásicos en caja, 7.25 oz, comida económica.",99,0,false,7.25,oz,oz,oz,true,80,true,false,false,true,1,https://d2lnr5mha7bycj.cloudfront.net/product-image/file/large_42a12d15-490b-46ad-b05d-eeefc52a0ffd.png,foodtown,Boxed Meals and Sides,Foodtown Macaroni & Cheese Dinner,88,11153226100,unit,1,2026-04-14,2026-04-13
3,Barilla Traditional Savory Oregano & Basil Pasta Sauce,Salsa para Pasta Tradicional con Orégano y Albahaca Barilla,"Traditional pasta sauce with oregano and basil, 24 oz, classic herbaceous flavor.","Salsa para pasta tradicional con orégano y albahaca, 24 oz, sabor clásico a hierbas.",479,0,false,24,oz,oz,oz,false,,true,false,false,true,1,https://d2lnr5mha7bycj.cloudfront.net/product-image/file/large_93c92703-2d62-44a1-9ff1-ed3db74d2323.png,barilla,Condiments,Barilla Traditional Savory Oregano & Basil Pasta Sauce,99,76808003031,unit,1,2026-04-14,2026-04-13
3,Foodtown Round Ravioli,Ravioli Redondo Foodtown,"Round cheese ravioli, 26 oz, boil for a quick family dinner.","Ravioli redondo de queso, 26 oz, hiérvalo para una cena familiar rápida.",599,0,false,26,oz,oz,oz,false,,true,false,false,true,1,https://d2lnr5mha7bycj.cloudfront.net/product-image/file/large_88976883-d76b-4dbe-8911-8e4b09ff14ba.png,foodtown,Pasta,Foodtown Round Ravioli,97,11153335161,unit,2,2026-04-14,2026-04-13
3,Contadina Tomato Paste,Pasta de Tomate Contadina,"Concentrated tomato paste, 6 oz can, pure tomato flavor for recipes.","Pasta de tomate concentrada, lata de 6 oz, sabor puro a tomate para recetas.",139,0,false,6,oz,oz,oz,false,,true,false,false,true,1,https://d2lnr5mha7bycj.cloudfront.net/product-image/file/large_5aeace43-41e7-4719-b6f1-cae2386f831c.jpg,contadina,Canned Goods,Contadina Tomato Paste,187,24000041061,unit,1,2026-04-14,2026-04-13
3,"Carolina Brown Rice, Whole Grain Rice, Gluten Free Rice, Uncooked Rice",Arroz Integral Carolina,"Whole grain brown rice, 1 lb, gluten-free with extra fiber.","Arroz integral de grano entero, 1 lb, sin gluten con fibra extra.",199,0,false,1,lb,lb,lb,false,,true,false,false,true,1,https://d2lnr5mha7bycj.cloudfront.net/product-image/file/large_fd3d61db-3f9f-4fd8-92c3-4fd6f5ecdd56.jpg,carolina,Grains,"Carolina Brown Rice, Whole Grain Rice, Gluten Free Rice, Uncooked Rice",51,17400101459,unit,1,2026-04-14,2026-04-13
3,"Carolina Garlic & Olive Oil Jasmine Rice, Microwaveable Rice",Arroz Jazmín con Ajo y Aceite de Oliva Carolina,"Garlic and olive oil jasmine rice pouch, 8.8 oz, microwaveable and seasoned.","Bolsa de arroz jazmín con ajo y aceite de oliva, 8.8 oz, sazonado para microondas.",299,0,false,8.8,oz,oz,oz,false,,true,false,false,true,1,https://d2lnr5mha7bycj.cloudfront.net/product-image/file/large_221c3602-1484-485f-8a6b-f09cba3b5d91.jpg,carolina,Grains,"Carolina Garlic & Olive Oil Jasmine Rice, Microwaveable Rice",52,17400223205,unit,1,2026-04-14,2026-04-13
3,Jovial 100% Organic Italian Diced Tomatoes,Tomates Picados Italianos Orgánicos Jovial,"Organic Italian diced tomatoes, 18.3 oz, BPA-free glass jar.","Tomates picados italianos orgánicos, 18.3 oz, frasco de vidrio sin BPA.",549,0,false,18.3,oz,oz,oz,false,,true,false,false,true,1,https://d2lnr5mha7bycj.cloudfront.net/product-image/file/large_96a5095c-0348-4722-a0ae-df0ef69a8319.jpg,jovial,Canned Goods,Jovial 100% Organic Italian Diced Tomatoes,188,815421013030,unit,6009,2026-04-14,2026-04-13
3,"Goya Tomato Sauce, Spanish Style, Low Sodium",Salsa de Tomate Estilo Español Baja en Sodio Goya,"Low-sodium Spanish-style tomato sauce, 8 oz, base for Latin stews.","Salsa de tomate estilo español baja en sodio, 8 oz, base para guisos latinos.",99,0,false,8,oz,oz,oz,false,,true,false,false,true,1,https://d2lnr5mha7bycj.cloudfront.net/product-image/file/large_cc163f37-8191-4778-bae8-17ffc473d49e.png,goya,Canned Goods,"Goya Tomato Sauce, Spanish Style, Low Sodium",189,41331039482,unit,5600,2026-04-14,2026-04-13
3,"Near East Couscous Mix, Original",Mezcla de Cuscús Original Near East,"Original couscous mix, 10 oz, ready in five minutes as a light side.","Mezcla de cuscús original, 10 oz, lista en cinco minutos como acompañamiento ligero.",329,0,false,10,oz,oz,oz,false,,true,false,false,true,1,https://d2lnr5mha7bycj.cloudfront.net/product-image/file/large_a95ac9b1-4b3d-4f1c-ab73-dd2255509d62.png,near east,Grains,"Near East Couscous Mix, Original",55,72251000504,unit,1,2026-04-14,2026-04-13
3,Annas Linguine #7 Pasta,Linguine #7 Annas,"Linguine pasta No. 7, 16 oz, flat ribbons for olive oil and seafood sauces.","Pasta linguine No. 7, 16 oz, cintas planas para salsas con aceite de oliva y mariscos.",219,0,false,16,oz,oz,oz,false,,true,false,false,true,1,https://d2lnr5mha7bycj.cloudfront.net/product-image/file/large_b60071af-c2f5-4d75-af28-4669571d3206.jpg,annas,Pasta,Annas Linguine #7 Pasta,102,70796330070,unit,1,2026-04-14,2026-04-13
3,Allegra 100% Durum Wheat,Pasta 100% Trigo Durum Allegra,"100% durum wheat pasta, 16 oz, firm texture holds sauces well.","Pasta 100% trigo durum, 16 oz, textura firme que agarra bien las salsas.",139,0,false,16,oz,oz,oz,false,,true,false,false,true,1,https://d2lnr5mha7bycj.cloudfront.net/product-image/file/large_31b5aaf1-7719-4afd-abc7-be17b1077e9f.jpg,allegra,Pasta,Allegra 100% Durum Wheat,104,29243050085,unit,1,2026-04-14,2026-04-13
3,Best Yet Angel Hair Pasta,Pasta Cabello de Ángel Best Yet,"Thin angel hair pasta, 16 oz, cooks quickly for light sauces.","Pasta fina cabello de ángel, 16 oz, cocina rápido para salsas livianas.",199,0,false,16,oz,oz,oz,false,,true,false,false,true,1,https://d2lnr5mha7bycj.cloudfront.net/product-image/file/large_27cdfcd5-8ebe-47fd-9ecb-e58115a3ae8c.png,best yet,Pasta,Best Yet Angel Hair Pasta,106,42187209432,unit,1,2026-04-14,2026-04-13
3,Annas Penne Rigate #41 Pasta,Penne Rigate #41 Annas,"Penne rigate pasta No. 41, 16 oz, ridged tubes for thick sauces.","Pasta penne rigate No. 41, 16 oz, tubos con rayitas para salsas espesas.",219,0,false,16,oz,oz,oz,false,,true,false,false,true,1,https://d2lnr5mha7bycj.cloudfront.net/product-image/file/large_d153f035-f229-44e1-8cd0-30db0ab1d09a.jpg,annas,Pasta,Annas Penne Rigate #41 Pasta,111,70796330414,unit,1,2026-04-14,2026-04-13
3,VELVEETA Shells & Cheese Mac & Cheese with 2% Milk Cheese Meal,Conchitas con Queso 2% Leche Velveeta,"Shell pasta with Velveeta 2% milk cheese sauce, 12 oz, lighter option.","Pasta de conchitas con salsa de queso Velveeta al 2% de leche, 12 oz, opción liviana.",599,0,false,12,oz,oz,oz,false,,true,false,false,true,1,https://d2lnr5mha7bycj.cloudfront.net/product-image/file/large_ced0e62b-7c41-49bb-af2b-fa80170a7fd1.jpg,velveeta,Boxed Meals and Sides,VELVEETA Shells & Cheese Mac & Cheese with 2% Milk Cheese Meal,93,2100065492,unit,1,2026-04-14,2026-04-13
3,Del Monte No Salt Added Tomato Sauce,Salsa de Tomate sin Sal Del Monte,"No salt added tomato sauce, 8 oz can, heart-healthy recipe base.","Salsa de tomate sin sal añadida, lata de 8 oz, base de recetas saludables.",99,0,false,8,oz,oz,oz,false,,true,false,false,true,1,https://d2lnr5mha7bycj.cloudfront.net/product-image/file/large_3d45e0ac-1ab7-459e-8c27-4301321baa93.png,del monte,Canned Goods,Del Monte No Salt Added Tomato Sauce,196,24000001942,unit,1,2026-04-14,2026-04-13
3,"Bob's Red Mill Whole Brown Flaxseed, Raw",Linaza Marrón Entera Cruda Bob's Red Mill,"Whole brown flaxseed, 13 oz, raw and packed with omega-3s.","Linaza marrón entera, 13 oz, cruda y rica en omega-3.",349,0,false,13,oz,oz,oz,false,,true,false,false,true,1,https://d2lnr5mha7bycj.cloudfront.net/product-image/file/large_13cba968-74c3-48ff-89e3-b35742a98c9f.png,bob's red mill,Seeds,"Bob's Red Mill Whole Brown Flaxseed, Raw",4,39978034205,unit,6009,2026-04-14,2026-04-13
3,Foodtown Extra Long Grain Rice,Arroz de Grano Extra Largo Foodtown,"Extra long grain white rice, 5 lb bag, pantry staple for families.","Arroz blanco de grano extra largo, bolsa de 5 lb, básico de despensa para familias.",499,0,false,5,lb,lb,lb,false,,true,false,false,true,1,https://d2lnr5mha7bycj.cloudfront.net/product-image/file/large_202ea766-538f-42a9-a078-9f0e46d6914a.png,foodtown,Grains,Foodtown Extra Long Grain Rice,59,11153301159,unit,1,2026-04-14,2026-04-13
3,"Jack Rabbit Red Beans, Small",Habichuelas Rojas Pequeñas Jack Rabbit,"Small dry red beans, 16 oz bag, great for stews and rice and beans.","Habichuelas rojas pequeñas secas, bolsa de 16 oz, ricas para guisos y arroz con habichuelas.",169,0,false,16,oz,oz,oz,false,,true,true,false,true,1,https://d2lnr5mha7bycj.cloudfront.net/product-image/file/large_60aac304-eaf2-4ba0-898d-697a9989326d.jpg,jack rabbit,Dried Beans,"Jack Rabbit Red Beans, Small",17,70620001190,unit,1,2026-04-14,2026-04-13
3,Contadina Tomato Paste with Italian Herbs,Pasta de Tomate con Hierbas Italianas Contadina,"Tomato paste with Italian herbs, 6 oz can, flavorful sauce starter.","Pasta de tomate con hierbas italianas, lata de 6 oz, base sabrosa para salsas.",139,0,false,6,oz,oz,oz,false,,true,false,false,true,1,https://d2lnr5mha7bycj.cloudfront.net/product-image/file/large_69d9c4ad-edf6-4e96-b7a4-797cc54b377d.jpg,contadina,Canned Goods,Contadina Tomato Paste with Italian Herbs,200,24000044567,unit,1,2026-04-14,2026-04-13
3,Best Yet Long Grain Rice,Arroz de Grano Largo Best Yet,"Long grain white rice, 48 oz bag, fluffy and versatile staple.","Arroz blanco de grano largo, bolsa de 48 oz, básico esponjoso y versátil.",359,0,false,48,oz,oz,oz,false,,true,false,false,true,1,https://d2lnr5mha7bycj.cloudfront.net/product-image/file/large_86fccb45-857a-4dcb-a19f-baf369a79c8f.jpg,best yet,Grains,Best Yet Long Grain Rice,62,42187402239,unit,1,2026-04-14,2026-04-13
3,Best Yet Mega Mac Macaroni & Cheese Dinner Bowl,Tazón Mega Mac Macarrones con Queso Best Yet,"Microwaveable mac and cheese bowl, 2.05 oz, quick cheesy meal.","Tazón de macarrones con queso para microondas, 2.05 oz, comida cremosa rápida.",129,0,false,2.05,oz,oz,oz,false,,true,false,false,true,1,https://d2lnr5mha7bycj.cloudfront.net/product-image/file/large_fbd10698-54ed-4097-b1b2-ed4e9a5dbeb7.png,best yet,Boxed Meals and Sides,Best Yet Mega Mac Macaroni & Cheese Dinner Bowl,94,42187426549,unit,1,2026-04-14,2026-04-13
3,Best Yet Green Split Peas,Arvejas Partidas Verdes Best Yet,"Dry green split peas, 16 oz bag, ideal for thick soups.","Arvejas partidas verdes secas, bolsa de 16 oz, ideales para sopas espesas.",159,0,false,16,oz,oz,oz,false,,true,false,false,true,1,https://d2lnr5mha7bycj.cloudfront.net/product-image/file/large_ee43be73-9876-4fff-9e4c-7754e23df016.jpg,best yet,Dried Goods,Best Yet Green Split Peas,4,42187401546,unit,1,2026-04-14,2026-04-13
3,No Yolks Stir Fry Noodles,Fideos para Stir Fry No Yolks,"Egg-white stir fry noodles, 12 oz, cholesterol-free and firm.","Fideos de clara de huevo para stir fry, 12 oz, sin colesterol y firmes.",399,0,false,12,oz,oz,oz,false,,true,false,false,true,1,https://d2lnr5mha7bycj.cloudfront.net/product-image/file/large_6a1a8b05-bd65-43ec-8f7d-18378d06e4e8.png,no yolks,Noodles,No Yolks Stir Fry Noodles,50,71730007416,unit,1,2026-04-14,2026-04-13
3,Jack Rabbit Pearled Barley,Cebada Perlada Jack Rabbit,"Pearled barley grain, 16 oz bag, hearty for soups and stews.","Grano de cebada perlada, bolsa de 16 oz, sustanciosa para sopas y guisos.",169,0,false,16,oz,oz,oz,false,,true,false,false,true,1,https://d2lnr5mha7bycj.cloudfront.net/product-image/file/large_56ffd48c-ba39-428e-9eab-f2092ca60e53.jpg,jack rabbit,Grains,Jack Rabbit Pearled Barley,67,70620001299,unit,1,2026-04-14,2026-04-13
3,Jack Rabbit Black Beans,Habichuelas Negras Jack Rabbit,"Dry black beans, 16 oz bag, Latin staple for rice and stews.","Habichuelas negras secas, bolsa de 16 oz, básico latino para arroz y guisos.",169,0,false,16,oz,oz,oz,false,,true,true,false,true,1,https://d2lnr5mha7bycj.cloudfront.net/product-image/file/large_a4257f0a-799f-4124-a590-4e81a73b4e66.png,jack rabbit,Dried Beans,Jack Rabbit Black Beans,19,70620001114,unit,1,2026-04-14,2026-04-13
3,Best Yet Long Grain Brown Rice,Arroz Integral de Grano Largo Best Yet,"Long grain brown rice, 32 oz bag, whole grain with extra fiber.","Arroz integral de grano largo, bolsa de 32 oz, grano entero con fibra extra.",279,0,false,32,oz,oz,oz,false,,true,false,false,true,1,https://d1s8987jlndkbs.cloudfront.net/assets/missing-item-4bbe82b8555e4d1c12626fd482cb2409713e8e30835645ff3650ef66a725d03c.png,best yet,Grains,Best Yet Long Grain Brown Rice,70,42187008424,unit,1,2026-04-14,2026-04-13
3,"Ronzoni Vermicelli, 16 oz, Long, Thin, Non-GMO Pasta",Fideos Vermicelli Ronzoni,"Long thin vermicelli pasta, 1 lb, non-GMO for soups and light sauces.","Pasta vermicelli larga y fina, 1 lb, no transgénica para sopas y salsas livianas.",229,0,false,1,lb,lb,lb,false,,true,false,false,true,1,https://d2lnr5mha7bycj.cloudfront.net/product-image/file/large_1d841a3c-5636-41f4-ae81-659a8458aaf3.png,ronzoni,Noodles,"Ronzoni Vermicelli, Long, Thin, Non-GMO Pasta",52,71300000106,unit,1,2026-04-14,2026-04-13
3,Foodtown Extra Long Grain Enriched Rice,Arroz Enriquecido de Grano Extra Largo Foodtown,"Enriched extra long grain white rice, 32 oz, fortified pantry staple.","Arroz blanco enriquecido de grano extra largo, 32 oz, básico fortificado de despensa.",219,0,false,32,oz,oz,oz,false,,true,false,false,true,1,https://d2lnr5mha7bycj.cloudfront.net/product-image/file/large_5c548605-bea5-4c3d-9f9f-47212bf8e505.png,foodtown,Grains,Foodtown Extra Long Grain Enriched Rice,72,11153301104,unit,1,2026-04-14,2026-04-13
3,Goya Natural Long Grain Brown Rice,Arroz Integral Natural de Grano Largo Goya,"Natural long grain brown rice, 16 oz bag, whole grain and fiber-rich.","Arroz integral natural de grano largo, bolsa de 16 oz, grano entero rico en fibra.",199,0,false,16,oz,oz,oz,false,,true,false,false,true,1,https://d2lnr5mha7bycj.cloudfront.net/product-image/file/large_d9ddf230-23ac-4122-b4ed-fbd433637c28.jpg,goya,Grains,Goya Natural Long Grain Brown Rice,76,41331026130,unit,5600,2026-04-14,2026-04-13
3,"Goya Quinoa Blend with Red Bell Peppers, Peas and Garlic","Mezcla de Quinoa con Pimientos Rojos, Arvejas y Ajo Goya","Quinoa blend with red bell peppers, peas and garlic, 6 oz, quick side.","Mezcla de quinoa con pimientos rojos, arvejas y ajo, 6 oz, acompañamiento rápido.",359,0,false,6,oz,oz,oz,false,,true,false,false,true,1,https://d2lnr5mha7bycj.cloudfront.net/product-image/file/large_572cde3b-3fff-43df-b282-4873d28eb4e2.jpg,goya,Boxed Meals and Sides,"Goya Quinoa Blend with Red Bell Peppers, Peas and Garlic",99,41331026727,unit,5600,2026-04-14,2026-04-13
3,"Redpack Crushed Tomatoes in Puree with Basil, Garlic & Oregano","Tomates Triturados con Albahaca, Ajo y Orégano Redpack","Crushed tomatoes in puree with basil, garlic and oregano, 28 oz can.","Tomates triturados en puré con albahaca, ajo y orégano, lata de 28 oz.",359,0,false,28,oz,oz,oz,true,299,true,false,false,true,1,https://d2lnr5mha7bycj.cloudfront.net/product-image/file/large_58e65a3d-b2a0-4c22-9e06-662e503765be.jpg,redpack,Canned Goods,"Redpack Crushed Tomatoes in Puree with Basil, Garlic & Oregano",212,72940744009,unit,1,2026-04-14,2026-04-13
3,Jack Rabbit Green Split Peas,Arvejas Partidas Verdes Jack Rabbit,"Dry green split peas, 16 oz bag, protein-packed for soups.","Arvejas partidas verdes secas, bolsa de 16 oz, ricas en proteína para sopas.",169,0,false,16,oz,oz,oz,false,,true,true,false,true,1,https://d2lnr5mha7bycj.cloudfront.net/product-image/file/large_740b9d29-7e35-4893-a5a9-f1387c6c254a.png,jack rabbit,Dried Goods,Jack Rabbit Green Split Peas,7,70620001244,unit,1,2026-04-14,2026-04-13
3,Del Monte Petite Diced Tomatoes with Jalapeno & Habanero,Tomates Picados con Jalapeño y Habanero Del Monte,"Petite diced tomatoes with jalapeno and habanero, 14.5 oz, bold spicy kick.","Tomates picados pequeños con jalapeño y habanero, 14.5 oz, picante fuerte.",219,0,false,14.5,oz,oz,oz,false,,true,false,false,true,1,https://d2lnr5mha7bycj.cloudfront.net/product-image/file/large_889cc79f-f139-4a55-97ba-ce344e362a75.jpg,del monte,Canned Goods,Del Monte Petite Diced Tomatoes with Jalapeno & Habanero,215,24000034728,unit,1,2026-04-14,2026-04-13
3,"Bob's Red Mill Golden Flaxseeds, Organic",Linaza Dorada Orgánica Bob's Red Mill,"Organic golden flaxseeds, 13 oz, mild flavor rich in omega-3.","Linaza dorada orgánica, 13 oz, sabor suave y rica en omega-3.",449,0,false,13,oz,oz,oz,false,,true,false,false,true,1,https://d2lnr5mha7bycj.cloudfront.net/product-image/file/large_6308e1c9-4a39-4c13-913a-1028c46a8151.png,bob's red mill,Seeds,"Bob's Red Mill Golden Flaxseeds, Organic",7,39978029393,unit,6009,2026-04-14,2026-04-13
3,Redpack Diced Tomatoes,Tomates Picados Redpack,"Diced tomatoes, 28 oz can, convenient base for sauces and soups.","Tomates picados, lata de 28 oz, base práctica para salsas y sopas.",359,0,false,28,oz,oz,oz,true,299,true,false,false,true,1,https://d2lnr5mha7bycj.cloudfront.net/product-image/file/large_d9cdbb91-bf79-4e78-93d3-2778496eee94.jpg,redpack,Canned Goods,Redpack Diced Tomatoes,216,72940742036,unit,1,2026-04-14,2026-04-13
3,"Goya Whole Green Peas, Dry",Arvejas Verdes Enteras Secas Goya,"Dry whole green peas, 16 oz bag, perfect for soups and side dishes.","Arvejas verdes enteras secas, bolsa de 16 oz, perfectas para sopas y acompañamientos.",119,0,false,16,oz,oz,oz,false,,true,true,false,true,1,https://d2lnr5mha7bycj.cloudfront.net/product-image/file/large_89045dde-b103-4fdc-8184-2ee8f2fc64e2.jpg,goya,Dried Goods,"Goya Whole Green Peas, Dry",10,41331024754,unit,5600,2026-04-14,2026-04-13
3,Best Yet Spiral Shaped Macaroni & Cheese Dinner,Macarrones con Queso en Espiral Best Yet,"Spiral pasta with cheese mix, 5.5 oz, budget-friendly family dinner.","Pasta en espiral con mezcla de queso, 5.5 oz, cena familiar económica.",129,0,false,5.5,oz,oz,oz,false,,true,false,false,true,1,https://d2lnr5mha7bycj.cloudfront.net/product-image/file/large_ab6c6df5-0870-4770-99ed-09256205e2f4.jpg,best yet,Boxed Meals and Sides,Best Yet Spiral Shaped Macaroni & Cheese Dinner,102,42187503530,unit,1,2026-04-14,2026-04-13
3,McCormick Poppy Seed,Semillas de Amapola McCormick,"Whole poppy seeds, 1.25 oz, ideal for baking and dressings.","Semillas de amapola enteras, 1.25 oz, ideales para hornear y aderezos.",549,0,false,1.25,oz,oz,oz,false,,true,false,false,true,1,https://d2lnr5mha7bycj.cloudfront.net/product-image/file/large_047d6235-78f0-4b9a-9310-602aa71ec8e4.jpg,mccormick,Seeds,McCormick Poppy Seed,8,52100002583,unit,1,2026-04-14,2026-04-13
3,Cento Tomato Paste,Pasta de Tomate Cento,"Italian-style concentrated tomato paste, 12 oz can, family-size.","Pasta de tomate concentrada estilo italiano, lata de 12 oz, tamaño familiar.",269,0,false,12,oz,oz,oz,false,,true,false,false,true,1,https://d2lnr5mha7bycj.cloudfront.net/product-image/file/large_f37cf655-6569-48e0-b3d9-847858b8b2dd.png,cento,Canned Goods,Cento Tomato Paste,220,70796100321,unit,1,2026-04-14,2026-04-13
3,Tapatio Hot Chili Lime Shrimp Flavor Ramen Noodle Soup,"Sopa Ramen Sabor Chile Picante, Limón y Camarón Tapatio","Hot chili lime shrimp ramen noodle soup, 3.88 oz, zesty and spicy.","Sopa ramen sabor chile picante, limón y camarón, 3.88 oz, sabrosa y picante.",269,0,false,3.88,oz,oz,oz,false,,true,false,false,true,1,https://d2lnr5mha7bycj.cloudfront.net/product-image/file/large_e724a6bc-bfad-4707-92ed-413b6819c885.png,tapatio,Noodles,Tapatio Hot Chili Lime Shrimp Flavor Ramen Noodle Soup,53,780707105788,unit,6017,2026-04-14,2026-04-13
3,Vigo Authentic Fresh Zesty Fragrant Greek Lemon Rice,Arroz Griego con Limón Vigo,"Greek lemon rice seasoning mix, 8 oz, zesty Mediterranean side.","Mezcla de arroz griego con limón, 8 oz, acompañamiento mediterráneo sabroso.",329,0,false,8,oz,oz,oz,false,,true,false,false,true,1,https://d2lnr5mha7bycj.cloudfront.net/product-image/file/large_14177c48-46f8-46be-9fa3-1167fc542f9f.png,vigo,Grains,Vigo Authentic Fresh Zesty Fragrant Greek Lemon Rice,84,71072019047,unit,6017,2026-04-14,2026-04-13
3,B YET Roasted Garlic & Herb Pasta Sauce,Salsa para Pasta con Ajo Asado y Hierbas Best Yet,"Roasted garlic and herb pasta sauce, 24 oz, flavorful value jar.","Salsa para pasta con ajo asado y hierbas, 24 oz, frasco sabroso a buen precio.",279,0,false,24,oz,oz,oz,false,,true,false,false,true,1,https://d1s8987jlndkbs.cloudfront.net/assets/missing-item-4bbe82b8555e4d1c12626fd482cb2409713e8e30835645ff3650ef66a725d03c.png,,Condiments,B YET Roasted Garlic & Herb Pasta Sauce,125,42187503721,unit,1,2026-04-14,2026-04-13
3,"Cheetos Mac'N Cheese, Four Cheesy",Macarrones con Queso Four Cheesy Cheetos,"Four cheese mac and cheese with Cheetos flavor, 5.9 oz, extra cheesy.","Macarrones con queso de cuatro quesos sabor Cheetos, 5.9 oz, súper cremosos.",219,0,false,5.9,oz,oz,oz,false,,true,false,false,true,1,https://d2lnr5mha7bycj.cloudfront.net/product-image/file/large_0edcb64f-a967-4bee-b7f9-0734dee96f3c.png,cheetos,Boxed Meals and Sides,"Cheetos Mac'N Cheese, Four Cheesy",103,15300200661,unit,1,2026-04-14,2026-04-13
3,"Barilla Protein+ (Plus) Cellentani Pasta - Plant Based - Made from Lentils, Chickpeas & Peas",Pasta Cellentani Plant Based Protein+ Barilla,"Plant-based cellentani pasta with lentils, chickpeas and peas, 14.5 oz.","Pasta cellentani plant based con lentejas, garbanzos y arvejas, 14.5 oz.",339,0,false,14.5,oz,oz,oz,false,,true,false,false,true,1,https://d2lnr5mha7bycj.cloudfront.net/product-image/file/large_c02ecbb6-74fa-4f6a-8421-8bb3470ddfbd.png,barilla protein+,Pasta,"Barilla Protein+ (Plus) Cellentani Pasta - Plant Based - Made from Lentils, Chickpeas & Peas",150,7680801201,unit,1,2026-04-14,2026-04-13
3,"immi Tom Yum ""Shrimp"" High Protein Ramen","Ramen Alto en Proteína Tom Yum ""Camarón"" Immi","High-protein plant-based Tom Yum shrimp ramen, 2.4 oz, low-carb.","Ramen plant based alto en proteína Tom Yum camarón, 2.4 oz, bajo en carbohidratos.",649,0,false,2.4,oz,oz,oz,false,,true,false,false,true,1,https://d2lnr5mha7bycj.cloudfront.net/product-image/file/large_3ccae880-8d34-446f-a140-daa151b5cb1f.jpg,immi,Noodles,"immi Tom Yum ""Shrimp"" High Protein Ramen",56,850016318060,unit,6009,2026-04-14,2026-04-13
3,"immi Black Garlic ""Chicken"" Plant Based Ramen","Ramen Plant Based de Ajo Negro ""Pollo"" Immi","Plant-based black garlic chicken ramen, 2.4 oz, high protein and low-carb.","Ramen plant based sabor pollo con ajo negro, 2.4 oz, alto en proteína y bajo en carbos.",649,0,false,2.4,oz,oz,oz,false,,true,false,false,true,1,https://d2lnr5mha7bycj.cloudfront.net/product-image/file/large_468962f3-5dd8-43cc-90df-b028c5b83cf8.jpg,immi,Noodles,"immi Black Garlic ""Chicken"" Plant Based Ramen",57,850016318053,unit,6009,2026-04-14,2026-04-13
3,"Betty Crocker Pasta Salad, Classic",Ensalada de Pasta Clásica Betty Crocker,"Classic pasta salad mix, 7.75 oz, ready side for picnics and parties.","Mezcla de ensalada de pasta clásica, 7.75 oz, acompañamiento listo para picnics y fiestas.",429,0,false,7.75,oz,oz,oz,false,,true,false,false,true,1,https://d2lnr5mha7bycj.cloudfront.net/product-image/file/large_f2fd3c42-b791-4e18-9caa-917bb923dbbc.png,betty crocker,Boxed Meals and Sides,"Betty Crocker Pasta Salad, Classic",106,652729710021,unit,1,2026-04-14,2026-04-13
3,"Carolina Red Beans & Rice, Gluten Free Rice, Microwaveable Rice",Habichuelas Rojas con Arroz Carolina,"Red beans and rice pouch, 8.8 oz, microwaveable and gluten-free.","Bolsa de habichuelas rojas con arroz, 8.8 oz, para microondas y sin gluten.",299,0,false,8.8,oz,oz,oz,false,,true,false,false,true,1,https://d2lnr5mha7bycj.cloudfront.net/product-image/file/large_b1bbbe66-e073-40f5-9b4c-b9ac0f21ee32.jpg,carolina,Boxed Meals and Sides,"Carolina Red Beans & Rice, Gluten Free Rice, Microwaveable Rice",107,17400224820,unit,1,2026-04-14,2026-04-13
3,Idahoan Roasted Garlic Mashed Potatoes Value Size,Puré de Papas con Ajo Asado Tamaño Familiar Idahoan,"Value-size roasted garlic mashed potato flakes, 12 oz, serves a family.","Hojuelas de puré de papas con ajo asado tamaño familiar, 12 oz, para toda la familia.",499,0,false,12,oz,oz,oz,false,,true,false,false,true,1,https://d2lnr5mha7bycj.cloudfront.net/product-image/file/large_635019c8-417c-465d-a78f-41a04f1195b2.png,idahoan,Boxed Meals and Sides,Idahoan Roasted Garlic Mashed Potatoes Value Size,108,29700051471,unit,1,2026-04-14,2026-04-13
3,Tuttorosso Roasted Garlic Tomato Paste,Pasta de Tomate con Ajo Asado Tuttorosso,"Tomato paste with roasted garlic, 6 oz can, adds depth to Italian dishes.","Pasta de tomate con ajo asado, lata de 6 oz, da profundidad a platos italianos.",169,0,false,6,oz,oz,oz,false,,true,false,false,true,1,https://d2lnr5mha7bycj.cloudfront.net/product-image/file/large_4ea279ec-bc9a-4cb7-926f-09f4134fa1aa.jpg,tuttorosso,Canned Goods,Tuttorosso Roasted Garlic Tomato Paste,222,7294075012,unit,1,2026-04-14,2026-04-13
3,"Hello Kitty Noodle Soup, Chicken",Sopa de Fideos Sabor Pollo Hello Kitty,"Chicken flavored noodle soup, 2.29 oz, fun Hello Kitty-themed pack.","Sopa de fideos sabor pollo, 2.29 oz, paquete divertido de Hello Kitty.",349,0,false,2.29,oz,oz,oz,true,279,true,false,false,true,1,https://d2lnr5mha7bycj.cloudfront.net/product-image/file/large_c214a78b-09f9-451a-b620-22b956b4941b.png,hello kitty,Noodles,"Hello Kitty Noodle Soup, Chicken",58,193937000257,unit,6017,2026-04-14,2026-04-13
3,Best Yet Farfalle Pasta,Pasta Farfalle (Moñitos) Best Yet,"Farfalle bowtie pasta, 12 oz, pretty shape for salads and sauces.","Pasta farfalle (moñitos), 12 oz, forma bonita para ensaladas y salsas.",149,0,false,12,oz,oz,oz,false,,true,false,false,true,1,https://d1s8987jlndkbs.cloudfront.net/assets/missing-item-4bbe82b8555e4d1c12626fd482cb2409713e8e30835645ff3650ef66a725d03c.png,best yet,Pasta,Best Yet Farfalle Pasta,153,42187005126,unit,1,2026-04-14,2026-04-13
3,"Hello Kitty Noodle Soup, Spicy",Sopa de Fideos Picante Hello Kitty,"Spicy flavored noodle soup, 2.29 oz, fun Hello Kitty-themed pack.","Sopa de fideos picante, 2.29 oz, paquete divertido de Hello Kitty.",349,0,false,2.29,oz,oz,oz,false,,true,false,false,true,1,https://d2lnr5mha7bycj.cloudfront.net/product-image/file/large_a91737db-1ae3-4128-8703-045cbc960b67.png,hello kitty,Noodles,"Hello Kitty Noodle Soup, Spicy",59,193937000264,unit,9999,2026-04-14,2026-04-13
3,Nissin Ramen Bistro Gourmet Sichuan Garlic Chicken Ramen Noodle Soup,Sopa Ramen Gourmet Sichuan Ajo y Pollo Nissin,"Gourmet Sichuan garlic chicken ramen soup, 3.1 oz, rich and spicy.","Sopa ramen gourmet Sichuan con ajo y pollo, 3.1 oz, rica y picante.",199,0,false,3.1,oz,oz,oz,false,,true,false,false,true,1,https://d2lnr5mha7bycj.cloudfront.net/product-image/file/large_a0f043c7-d0da-49a5-9329-acbd50507a36.png,nissin,Noodles,Nissin Ramen Bistro Gourmet Sichuan Garlic Chicken Ramen Noodle Soup,61,70662406038,unit,1,2026-04-14,2026-04-13
3,Ben's Original Roasted Chicken Flavored Rice with Carrots & Herbs,Arroz Sabor Pollo Asado con Zanahoria y Hierbas Ben's Original,"Roasted chicken flavored rice with carrots and herbs, 2.4 oz, quick cup side.","Arroz sabor pollo asado con zanahoria y hierbas, 2.4 oz, acompañamiento rápido en vaso.",239,0,false,2.4,oz,oz,oz,false,,true,false,false,true,1,https://d2lnr5mha7bycj.cloudfront.net/product-image/file/large_97673437-b80a-45e5-9d2f-a33f2f0cde71.png,ben's original,Boxed Meals and Sides,Ben's Original Roasted Chicken Flavored Rice with Carrots & Herbs,111,54800426126,unit,1,2026-04-14,2026-04-13
3,Lotus Foods Organic Wide White Rice Ramen Noodles,Fideos Ramen Anchos de Arroz Blanco Orgánicos Lotus Foods,"Organic wide white rice ramen noodles, 10 oz, gluten-free and plant-based.","Fideos ramen anchos de arroz blanco orgánicos, 10 oz, sin gluten y plant based.",799,0,false,10,oz,oz,oz,false,,true,false,false,true,1,https://d2lnr5mha7bycj.cloudfront.net/product-image/file/large_ab828262-8222-430f-adba-2dcdf5549f52.png,lotus foods,Noodles,Lotus Foods Organic Wide White Rice Ramen Noodles,64,708953622040,unit,6009,2026-04-14,2026-04-13
3,Bertolli Garlic Vodka Sauce,Salsa a la Vodka con Ajo Bertolli,"Garlic vodka pasta sauce, 24 oz, creamy tomato with a bold twist.","Salsa a la vodka con ajo para pasta, 24 oz, cremosa de tomate con un toque fuerte.",449,0,false,24,oz,oz,oz,false,,true,false,false,true,1,https://d2lnr5mha7bycj.cloudfront.net/product-image/file/large_a3da754a-4e7e-4010-8b3d-d94d683fb800.png,bertolli,Condiments,Bertolli Garlic Vodka Sauce,146,36200431993,unit,1,2026-04-14,2026-04-13
3,Goya Black Bean Soup,Sopa de Habichuelas Negras Goya,"Ready-to-heat black bean soup, 15 oz can, classic Latin flavor.","Sopa de habichuelas negras lista para calentar, lata de 15 oz, sabor latino clásico.",249,0,false,15,oz,oz,oz,true,200,true,false,false,true,1,https://d2lnr5mha7bycj.cloudfront.net/product-image/file/large_03ca7b12-52bd-472d-9ce1-da31aaa4dc68.jpg,goya,Soups,Goya Black Bean Soup,1,41331020671,unit,5600,2026-04-14,2026-04-13
3,"Chef Boyardee Beefaroni in Tomato and Meat Sauce, Ready-to-Eat Meal, 15 oz. Can",Beefaroni en Salsa de Tomate y Carne Chef Boyardee,"Ready-to-eat pasta with beef in tomato and meat sauce, 15 oz can.","Pasta con carne en salsa de tomate y carne lista para comer, lata de 15 oz.",249,0,false,15,oz,oz,oz,false,,true,false,false,true,1,https://d2lnr5mha7bycj.cloudfront.net/product-image/file/large_8bd5e432-a940-4eed-ab32-db3e52b597cf.jpg,chef boyardee,Canned Goods,"Chef Boyardee Beefaroni in Tomato and Meat Sauce, Ready-to-Eat Meal Can",225,64144043026,unit,1,2026-04-14,2026-04-13
3,Campbell's SpaghettiOs Canned Pasta with Meatballs,SpaghettiOs con Albóndigas Campbell's,"Canned SpaghettiOs pasta rings with meatballs, 15.6 oz, kid favorite.","Aros de pasta SpaghettiOs con albóndigas en lata, 15.6 oz, favorito de los niños.",249,0,false,15.6,oz,oz,oz,false,,true,false,false,true,1,https://d2lnr5mha7bycj.cloudfront.net/product-image/file/large_bc09fef2-f116-49bb-ad88-83302f89ac5e.jpg,campbell's spaghettios,Canned Goods,Campbell's SpaghettiOs Canned Pasta with Meatballs,226,51000233141,unit,1,2026-04-14,2026-04-13
3,Campbell's Cream of Mushroom Soup,Crema de Champiñones Campbell's,"Condensed cream of mushroom soup, 10.5 oz, classic pantry recipe base.","Crema de champiñones condensada, 10.5 oz, base clásica de despensa para recetas.",269,0,false,10.5,oz,oz,oz,false,,true,false,false,true,1,https://d2lnr5mha7bycj.cloudfront.net/product-image/file/large_ffb1a450-51c1-4a8b-853a-dab0301ffe83.jpg,campbell's,Soups,Campbell's Cream of Mushroom Soup,3,51000012616,unit,1,2026-04-14,2026-04-13
3,Libby's Vienna Sausage with Chicken Broth Canned Sausage,Salchichas Vienna en Caldo de Pollo Libby's,"Canned Vienna sausages in chicken broth, 4.6 oz, ready-to-eat protein snack.","Salchichas Vienna enlatadas en caldo de pollo, 4.6 oz, merienda de proteína lista.",149,0,false,4.6,oz,oz,oz,false,,true,false,false,true,1,https://d2lnr5mha7bycj.cloudfront.net/product-image/file/large_cd9fd97f-e32c-47fa-8516-ca40b99eaf7b.jpg,libby's,Canned Goods,Libby's Vienna Sausage with Chicken Broth Canned Sausage,230,3900008663,unit,1,2026-04-14,2026-04-13
3,"Chef Boyardee Lasagna in Tomato Sauce Seasoned with Meat, Microwavable Meal",Lasaña en Salsa de Tomate con Carne Chef Boyardee,"Microwaveable lasagna in tomato and meat sauce, 7.5 oz cup, ready in minutes.","Lasaña en salsa de tomate con carne para microondas, vaso de 7.5 oz, lista en minutos.",199,0,false,7.5,oz,oz,oz,false,,true,false,false,true,1,https://d2lnr5mha7bycj.cloudfront.net/product-image/file/large_fab0f454-d18e-4ea4-83ed-85e3218156ec.jpg,chef boyardee,Canned Goods,"Chef Boyardee Lasagna in Tomato Sauce Seasoned with Meat, Microwavable Meal",233,64144047307,unit,1,2026-04-14,2026-04-13
3,Campbell's SpaghettiOs Original Canned Pasta,SpaghettiOs Original Campbell's,"Canned SpaghettiOs original pasta rings, 15.8 oz, quick kid-friendly meal.","Aros de pasta SpaghettiOs originales en lata, 15.8 oz, comida rápida para niños.",199,0,false,15.8,oz,oz,oz,false,,true,false,false,true,1,https://d2lnr5mha7bycj.cloudfront.net/product-image/file/large_8960d74b-f325-4709-b6d5-f7a353fccd04.jpg,campbell's spaghettios,Canned Goods,Campbell's SpaghettiOs Original Canned Pasta,236,51000232830,unit,1,2026-04-14,2026-04-13
3,Campbell's Tomato Soup,Sopa de Tomate Campbell's,"Classic condensed tomato soup, 10.75 oz can, pairs with grilled cheese.","Sopa de tomate condensada clásica, lata de 10.75 oz, va bien con sandwich de queso.",229,0,false,10.75,oz,oz,oz,false,,true,false,false,true,1,https://d2lnr5mha7bycj.cloudfront.net/product-image/file/large_6841407d-5abb-466c-b384-d569b6089a74.jpg,campbell's,Soups,Campbell's Tomato Soup,5,51000000118,unit,1,2026-04-14,2026-04-13
3,"Lipton Soup Mix, With Real Chicken Broth, Extra Noodle",Mezcla para Sopa con Caldo de Pollo y Fideos Extra Lipton,"Extra noodle soup mix with real chicken broth, 4.9 oz, classic easy soup.","Mezcla para sopa con fideos extra y caldo de pollo de verdad, 4.9 oz, fácil y clásica.",279,0,false,4.9,oz,oz,oz,false,,true,false,false,true,1,https://d2lnr5mha7bycj.cloudfront.net/product-image/file/large_d70720cc-a92f-43ce-a5dd-eb7aad04948f.png,lipton,Soups,"Lipton Soup Mix, With Real Chicken Broth, Extra Noodle",6,41000003011,unit,1,2026-04-14,2026-04-13
3,Campbell's Chicken Noodle Soup,Sopa de Pollo con Fideos Campbell's,"Classic condensed chicken noodle soup, 10.75 oz can, comforting pantry staple.","Sopa de pollo con fideos condensada clásica, lata de 10.75 oz, reconfortante básico de despensa.",229,0,false,10.75,oz,oz,oz,false,,true,false,false,true,1,https://d2lnr5mha7bycj.cloudfront.net/product-image/file/large_2ee05523-219f-4fcf-b93a-a63d30cccf77.jpg,campbell's,Soups,Campbell's Chicken Noodle Soup,7,51000012517,unit,1,2026-04-14,2026-04-13
3,SPAM Classic Canned Meat,Carne Enlatada Clásica SPAM,"Classic canned cooked pork, 12 oz, slice and fry or add to dishes.","Carne de cerdo cocida enlatada clásica, 12 oz, rebane y fría o agregue a platos.",599,0,false,12,oz,oz,oz,false,,true,false,false,true,1,https://d2lnr5mha7bycj.cloudfront.net/product-image/file/large_e99e9c64-5645-415d-919b-f03f94ce294a.jpg,spam,Canned Goods,SPAM Classic Canned Meat,247,3760013872,unit,1,2026-04-14,2026-04-13
3,SPAM Canned Meat 25 Percent Less Sodium,Carne Enlatada 25% Menos Sodio SPAM,"Canned pork with 25% less sodium, 12 oz, lighter option to slice and cook.","Carne de cerdo enlatada con 25% menos sodio, 12 oz, opción más liviana para cocinar.",599,0,false,12,oz,oz,oz,false,,true,false,false,true,1,https://d2lnr5mha7bycj.cloudfront.net/product-image/file/large_f0f0d8f0-a699-4983-b280-b884f41ac67c.jpg,spam,Canned Goods,SPAM Canned Meat 25 Percent Less Sodium,250,3760011544,unit,1,2026-04-14,2026-04-13
3,Campbell's Pork and Beans,Habichuelas con Cerdo Campbell's,"Canned pork and beans in sweet tomato sauce, 11 oz, classic side dish.","Habichuelas con cerdo en salsa dulce de tomate enlatadas, 11 oz, acompañamiento clásico.",129,0,false,11,oz,oz,oz,false,,true,false,false,true,1,https://d2lnr5mha7bycj.cloudfront.net/product-image/file/large_1b5a346f-f501-43a7-bcc6-2a827609052f.jpg,campbell's,Canned Goods,Campbell's Pork and Beans,251,51000112859,unit,1,2026-04-14,2026-04-13
3,Nissin Cup Noodles Chicken Flavor Ramen Noodle Soup,Vaso de Fideos Ramen Sabor Pollo Nissin Cup Noodles,"Chicken flavor instant ramen cup, 2.25 oz, just add hot water.","Vaso de ramen instantáneo sabor pollo, 2.25 oz, solo agregue agua caliente.",119,0,false,2.25,oz,oz,oz,false,,true,false,false,true,1,https://d2lnr5mha7bycj.cloudfront.net/product-image/file/large_b7276b25-4f09-459d-9448-4cfa51647e50.png,nissin,Soups,Nissin Cup Noodles Chicken Flavor Ramen Noodle Soup,8,70662030035,unit,1,2026-04-14,2026-04-13
3,Progresso Vegetable Classics Tuscan-Style White Bean Soup,Progresso Sopa Clásica de Vegetales con Frijoles Blancos Estilo Toscano,"Ready-to-heat canned soup with white beans and vegetables, 18.5 oz.","Sopa enlatada lista para calentar con habichuelas blancas y vegetales, 18.5 oz.",449,0,false,18.5,oz,oz,oz,false,,true,false,false,true,1,https://d2lnr5mha7bycj.cloudfront.net/product-image/file/large_41b088dc-299f-457a-8223-8d0631410996.png,progresso,Soups,Progresso Vegetable Classics Tuscan-Style White Bean Soup,9,41196486742,unit,1,2026-04-14,2026-04-13
3,Amy's Kitchen Mushroom Bisque with Porcini Soup,Amy's Kitchen Crema de Hongos con Porcini,"Organic creamy mushroom bisque with porcini, ready to heat, 14 oz.","Crema orgánica de hongos con porcini, lista para calentar, 14 oz.",579,0,false,14,oz,oz,oz,false,,true,false,false,true,1,https://d2lnr5mha7bycj.cloudfront.net/product-image/file/large_5357e7da-d3a4-4c08-9db4-6af4c7bed573.png,amy's kitchen,Soups,Amy's Kitchen Mushroom Bisque with Porcini Soup,10,42272006267,unit,6009,2026-04-14,2026-04-13
3,Nissin Cup Noodles Ramen Noodle Soup with Shrimp,Nissin Cup Noodles Sopa de Fideos Ramen con Camarones,"Instant ramen cup with shrimp flavor, just add hot water, 2.25 oz.","Vaso de ramen instantáneo sabor camarón, solo añade agua caliente, 2.25 oz.",119,0,false,2.25,oz,oz,oz,false,,true,false,false,true,1,https://d2lnr5mha7bycj.cloudfront.net/product-image/file/large_63309108-68d8-4d11-9ec4-3aa0abb0cbdf.png,nissin,Soups,Nissin Cup Noodles Ramen Noodle Soup with Shrimp,11,70662030028,unit,1,2026-04-14,2026-04-13
3,Progresso Rich and Hearty Chicken and Homestyle Noodles Canned Soup,Progresso Sopa Abundante de Pollo con Fideos Caseros,"Hearty canned chicken noodle soup, ready to heat and serve, 19 oz.","Sopa abundante de pollo con fideos, lista para calentar y servir, 19 oz.",479,0,false,19,oz,oz,oz,false,,true,false,false,true,1,https://d2lnr5mha7bycj.cloudfront.net/product-image/file/large_66683ece-6d03-42f3-b3ff-ee828683a7b1.png,progresso,Soups,Progresso Rich and Hearty Chicken and Homestyle Noodles Canned Soup,12,41196914016,unit,1,2026-04-14,2026-04-13
3,Bruce's Yams Cut Sweet Potatoes in Syrup,Bruce's Yams Batatas Cortadas en Almíbar,"Canned sweet potatoes in light syrup, ready to serve or bake, 15 oz.","Batatas enlatadas en almíbar ligero, listas para servir u hornear, 15 oz.",189,0,false,15,oz,oz,oz,false,,true,false,false,true,1,https://d2lnr5mha7bycj.cloudfront.net/product-image/file/large_3a344d0d-0e04-49f6-83c9-c415e6ef1083.jpg,bruce's yams,Canned Goods,Bruce's Yams Cut Sweet Potatoes in Syrup,263,17600043214,unit,1,2026-04-14,2026-04-13
3,Chef Boyardee Beef Ravioli in Tomato & Meat Sauce,Chef Boyardee Ravioles de Carne en Salsa de Tomate y Carne,"Canned beef ravioli in tomato and meat sauce, microwave ready, 7.5 oz.","Ravioles de carne enlatados en salsa de tomate y carne, listos para microondas, 7.5 oz.",199,0,false,7.5,oz,oz,oz,false,,true,false,false,true,1,https://d2lnr5mha7bycj.cloudfront.net/product-image/file/large_c84f66ec-e55f-4f03-82ce-3f35d6eb1443.jpg,chef boyardee,Canned Goods,Chef Boyardee Beef Ravioli in Tomato & Meat Sauce,271,64144047093,unit,1,2026-04-14,2026-04-13
3,"Brunswick Sardines, in Soybean Oil",Brunswick Sardinas en Aceite de Soya,"Canned sardines packed in soybean oil, great for quick meals, 3.75 oz.","Sardinas enlatadas en aceite de soya, ideales para comidas rápidas, 3.75 oz.",199,0,false,3.75,oz,oz,oz,false,,true,true,false,true,1,https://d2lnr5mha7bycj.cloudfront.net/product-image/file/large_82bfc3db-8858-4211-bfa6-f2619a99ad32.png,brunswick,Canned Goods,"Brunswick Sardines, in Soybean Oil",274,66613000059,unit,1,2026-04-14,2026-04-13
3,"BELA Sardines, in Organic Extra Virgin Olive Oil",BELA Sardinas en Aceite de Oliva Extra Virgen Orgánico,"Wild sardines in organic extra virgin olive oil, heart-healthy, 4.25 oz.","Sardinas salvajes en aceite de oliva extra virgen orgánico, saludables, 4.25 oz.",449,0,false,4.25,oz,oz,oz,false,,true,false,false,true,1,https://d2lnr5mha7bycj.cloudfront.net/product-image/file/large_387d8f70-be70-463b-b884-021b72a5531e.png,bela,Canned Goods,"BELA Sardines, in Organic Extra Virgin Olive Oil",292,633600502300,unit,6009,2026-04-14,2026-04-13
3,Lipton Soup And Dip Mix Beefy Onion,Lipton Mezcla para Sopa y Dip de Cebolla con Carne,"Dry soup and dip mix with beefy onion flavor, makes four servings, 2.2 oz.","Mezcla seca para sopa y dip sabor cebolla con carne, rinde cuatro porciones, 2.2 oz.",269,0,false,2.2,oz,oz,oz,false,,true,false,false,true,1,https://d2lnr5mha7bycj.cloudfront.net/product-image/file/large_f02e0de5-a518-4e42-b538-42588eed82ad.png,lipton,Soups,Lipton Soup And Dip Mix Beefy Onion,44,41000004087,unit,1,2026-04-14,2026-04-13
3,King Oscar Wild Caught Sardines in Extra Virgin Olive Oil,King Oscar Sardinas Salvajes en Aceite de Oliva Extra Virgen,"Wild caught sardines in extra virgin olive oil, rich in omega-3, 3.75 oz.","Sardinas salvajes en aceite de oliva extra virgen, ricas en omega-3, 3.75 oz.",449,0,false,3.75,oz,oz,oz,false,,true,true,false,true,1,https://d2lnr5mha7bycj.cloudfront.net/product-image/file/large_6aebbc3e-323f-4ff2-94a8-8d7a550ed018.png,king oscar,Canned Goods,King Oscar Wild Caught Sardines in Extra Virgin Olive Oil,296,34800002001,unit,1,2026-04-14,2026-04-13
3,"SPAM Lite, 12 OZ",SPAM Lite,"Reduced fat canned cooked pork, pantry-ready for quick meals, 12 oz.","Carne de cerdo cocida enlatada baja en grasa, lista para comidas rápidas, 12 oz.",599,0,false,12,oz,oz,oz,false,,true,false,false,true,1,https://d2lnr5mha7bycj.cloudfront.net/product-image/file/large_54cb127b-233f-4aad-9b27-61d432d5d38e.jpg,spam,Canned Goods,SPAM Lite,299,3760017534,unit,1,2026-04-14,2026-04-13
3,"King Oscar Sardines, Skinless & Boneless",King Oscar Sardinas sin Piel y sin Espinas,"Skinless, boneless sardines, easy to eat and serve, 4.38 oz.","Sardinas sin piel y sin espinas, fáciles de comer y servir, 4.38 oz.",449,0,false,4.38,oz,oz,oz,false,,true,false,false,true,1,https://d2lnr5mha7bycj.cloudfront.net/product-image/file/large_d3bafb0a-cae3-44bd-816d-a4372110b3c1.png,king oscar,Canned Goods,"King Oscar Sardines, Skinless & Boneless",306,34800001073,unit,1,2026-04-14,2026-04-13
3,"Chicken of the Sea Wild Caught Sardines in Oil, Lightly Smoked","Chicken of the Sea Sardinas Salvajes en Aceite, Ligeramente Ahumadas","Lightly smoked wild caught sardines in oil, ready to eat, 3.75 oz.","Sardinas salvajes ligeramente ahumadas en aceite, listas para comer, 3.75 oz.",189,0,false,3.75,oz,oz,oz,false,,true,true,false,true,1,https://d2lnr5mha7bycj.cloudfront.net/product-image/file/large_2d0e8a25-76fc-433a-8d73-d0db7520d5c2.png,chicken of the sea,Canned Goods,"Chicken of the Sea Wild Caught Sardines in Oil, Lightly Smoked",307,48000007063,unit,1,2026-04-14,2026-04-13
3,Bruce's Yams Cut Sweet Potatoes in Syrup,Bruce's Yams Batatas Cortadas en Almíbar,"Family size canned sweet potatoes in syrup, great for sides, 40 oz.","Batatas enlatadas en almíbar tamaño familiar, ideales como acompañante, 40 oz.",499,0,false,40,oz,oz,oz,false,,true,false,false,true,1,https://d2lnr5mha7bycj.cloudfront.net/product-image/file/large_38b54dfc-ebcd-4acd-9937-51b9c9eb4e8a.jpg,bruce's yams,Canned Goods,Bruce's Yams Cut Sweet Potatoes in Syrup,311,17600043863,unit,1,2026-04-14,2026-04-13
3,"King Oscar Sardines, Mediterranean Style, Wild Caught","King Oscar Sardinas Estilo Mediterráneo, Capturadas Salvajes","Wild caught sardines with Mediterranean seasonings, ready to eat, 3.75 oz.","Sardinas salvajes con sazón mediterráneo, listas para comer, 3.75 oz.",449,0,false,3.75,oz,oz,oz,false,,true,false,false,true,1,https://d2lnr5mha7bycj.cloudfront.net/product-image/file/large_26e84f50-cf24-4c1e-8357-dcfd241cf1d6.png,king oscar,Canned Goods,"King Oscar Sardines, Mediterranean Style, Wild Caught",317,34800006412,unit,1,2026-04-14,2026-04-13
3,Maggi Hen Flavored & Noodle Soup Mix,Maggi Mezcla de Sopa de Fideos Sabor Gallina,"Dry soup mix with hen flavor and noodles, quick to prepare, 2.12 oz.","Mezcla seca de sopa sabor gallina con fideos, rápida de preparar, 2.12 oz.",129,0,false,2.12,oz,oz,oz,false,,true,false,false,true,1,https://d2lnr5mha7bycj.cloudfront.net/product-image/file/large_c2367d2a-3159-426b-84bc-03729d8f75e1.jpg,maggi,Soups,Maggi Hen Flavored & Noodle Soup Mix,62,28000395360,unit,5600,2026-04-14,2026-04-13
3,Chicken of the Sea Wild Caught Sardines in Water,Chicken of the Sea Sardinas Salvajes en Agua,"Wild caught sardines packed in water, low-fat protein option, 3.75 oz.","Sardinas salvajes en agua, opción de proteína baja en grasa, 3.75 oz.",189,0,false,3.75,oz,oz,oz,false,,true,true,false,true,1,https://d2lnr5mha7bycj.cloudfront.net/product-image/file/large_f816d8af-dafa-4ba9-90f9-33b449888cbd.png,chicken of the sea,Canned Goods,Chicken of the Sea Wild Caught Sardines in Water,319,48000007070,unit,1,2026-04-14,2026-04-13
3,Season Brand Flat Fillets of Anchovies In Pure Olive Oil,Season Brand Filetes Planos de Anchoas en Aceite de Oliva Puro,"Flat anchovy fillets in pure olive oil, perfect for pasta and salads, 2 oz.","Filetes planos de anchoas en aceite de oliva puro, ideales para pasta y ensaladas, 2 oz.",369,0,false,2,oz,oz,oz,true,349,true,false,false,true,1,https://d2lnr5mha7bycj.cloudfront.net/product-image/file/large_0391cabc-3b70-4ecb-b475-86c51ed82bd3.png,season brand,Canned Goods,Season Brand Flat Fillets of Anchovies In Pure Olive Oil,320,70303022320,unit,6017,2026-04-14,2026-04-13
3,"Lipton Instant Soup, Cream of Chicken",Lipton Sopa Instantánea Crema de Pollo,"Instant cream of chicken soup packets, just add hot water, 4 ct.","Sobres de sopa instantánea crema de pollo, solo añade agua caliente, 4 ct.",299,0,false,4,ct,ct,ct,false,,true,false,false,true,1,https://d2lnr5mha7bycj.cloudfront.net/product-image/file/large_6995b1a2-b32b-4ee5-81cc-e628e4137f55.png,lipton,Soups,"Lipton Instant Soup, Cream of Chicken",83,41000014857,unit,1,2026-04-14,2026-04-13
3,Wild Planet Lightly Smoked Wild Sardines,Wild Planet Sardinas Salvajes Ligeramente Ahumadas,"Sustainably caught wild sardines lightly smoked, rich in omega-3, 4.4 oz.","Sardinas salvajes pescadas sosteniblemente y ligeramente ahumadas, ricas en omega-3, 4.4 oz.",399,0,false,4.4,oz,oz,oz,false,,true,false,false,true,1,https://d2lnr5mha7bycj.cloudfront.net/product-image/file/large_d11d930b-e6c1-476f-8745-9180230269cc.png,wild planet,Canned Goods,Wild Planet Lightly Smoked Wild Sardines,362,829696000817,unit,6009,2026-04-14,2026-04-13
3,"Goya Black Bean Soup, Reduced Sodium","Goya Sopa de Habichuelas Negras, Bajo en Sodio","Canned black bean soup with reduced sodium, ready to heat, 15 oz.","Sopa enlatada de habichuelas negras con menos sodio, lista para calentar, 15 oz.",249,0,false,15,oz,oz,oz,true,200,true,false,false,true,1,https://d2lnr5mha7bycj.cloudfront.net/product-image/file/large_1e2cbd8c-552d-4d20-92f4-59e4e8e25b34.jpg,goya,Soups,"Goya Black Bean Soup, Reduced Sodium",98,41331020435,unit,5600,2026-04-14,2026-04-13
3,Beach Cliff Sardines in Mustard Sauce,Beach Cliff Sardinas en Salsa de Mostaza,"Canned sardines in tangy mustard sauce, great on crackers, 3.75 oz.","Sardinas enlatadas en salsa de mostaza, deliciosas sobre galletas, 3.75 oz.",199,0,false,3.75,oz,oz,oz,false,,true,false,false,true,1,https://d2lnr5mha7bycj.cloudfront.net/product-image/file/large_6f0865a6-6926-442f-88dd-0d6ad71041c2.png,beach cliff,Canned Goods,Beach Cliff Sardines in Mustard Sauce,368,20100000076,unit,1,2026-04-14,2026-04-13
3,Beach Cliff Sardines in Water,Beach Cliff Sardinas en Agua,"Canned sardines packed in water, low-fat protein option, 3.75 fl oz.","Sardinas enlatadas en agua, opción de proteína baja en grasa, 3.75 fl oz.",199,0,false,3.75,fl oz,fl oz,fl oz,false,,true,true,false,true,1,https://d2lnr5mha7bycj.cloudfront.net/product-image/file/large_898045d9-97a7-4952-9916-93cc0d6d8373.png,beach cliff,Canned Goods,Beach Cliff Sardines in Water,369,20100000465,unit,1,2026-04-14,2026-04-13
3,Beach Cliff Sardines,Beach Cliff Sardinas,"Classic canned sardines for quick, affordable meals, 3.75 oz.","Sardinas enlatadas clásicas para comidas rápidas y económicas, 3.75 oz.",199,0,false,3.75,oz,oz,oz,false,,true,false,false,true,1,https://d2lnr5mha7bycj.cloudfront.net/product-image/file/large_13ce02d6-34dc-48a5-a351-21f482be22ea.png,beach cliff,Canned Goods,Beach Cliff Sardines,375,20100000199,unit,1,2026-04-14,2026-04-13
3,Wild Planet Wild Sardines,Wild Planet Sardinas Salvajes,"Sustainably caught wild sardines, rich in omega-3 and protein, 4.4 oz.","Sardinas salvajes pescadas sosteniblemente, ricas en omega-3 y proteína, 4.4 oz.",399,0,false,4.4,oz,oz,oz,false,,true,false,false,true,1,https://d2lnr5mha7bycj.cloudfront.net/product-image/file/large_0c67e4f0-6242-4297-9120-babd11d65498.png,wild planet,Canned Goods,Wild Planet Wild Sardines,394,829696000831,unit,6009,2026-04-14,2026-04-13
3,Foodtown Chick Peas,Foodtown Garbanzos,"Canned chick peas ready for stews, salads and rice dishes, 15 oz.","Garbanzos enlatados listos para guisos, ensaladas y arroces, 15 oz.",119,0,false,15,oz,oz,oz,true,99,true,true,false,true,1,https://d2lnr5mha7bycj.cloudfront.net/product-image/file/large_8dad3ecb-c23e-4e6f-9ec7-99f46c6024a9.png,foodtown,Canned Goods,Foodtown Chick Peas,396,11153279502,unit,1,2026-04-14,2026-04-13
3,College Inn Less Sodium Chicken Broth,College Inn Caldo de Pollo con Menos Sodio,"Reduced sodium chicken broth for soups, rice and sauces, 14.5 oz.","Caldo de pollo bajo en sodio para sopas, arroces y salsas, 14.5 oz.",179,0,false,14.5,oz,oz,oz,true,150,true,false,false,true,1,https://d2lnr5mha7bycj.cloudfront.net/product-image/file/large_ff6cc3ca-bf7e-4351-93c9-17783f5783e2.jpg,college inn,Soups,College Inn Less Sodium Chicken Broth,116,24000322009,unit,1,2026-04-14,2026-04-13
3,Campbell's Pork and Beans,Campbell's Habichuelas con Cerdo,"Canned pork and beans in tomato sauce, ready to heat, 14.8 oz.","Habichuelas con cerdo enlatadas en salsa de tomate, listas para calentar, 14.8 oz.",159,0,false,14.8,oz,oz,oz,false,,true,false,false,true,1,https://d2lnr5mha7bycj.cloudfront.net/product-image/file/large_bd4f4d0c-b507-4d76-a559-e56e939e3fa7.jpg,campbell's,Canned Goods,Campbell's Pork and Beans,407,51000224392,unit,1,2026-04-14,2026-04-13
3,"Cento Rolled Fillets Anchovies with Capers in Olive Oil, Salt Added",Cento Filetes Enrollados de Anchoas con Alcaparras en Aceite de Oliva,"Rolled anchovy fillets with capers in olive oil, great on pizza, 2 oz.","Filetes enrollados de anchoas con alcaparras en aceite de oliva, ideales en pizza, 2 oz.",329,0,false,2,oz,oz,oz,false,,true,false,false,true,1,https://d2lnr5mha7bycj.cloudfront.net/product-image/file/large_a5d5a6d3-5fa0-42c5-9a87-85a1ea43056e.png,cento,Canned Goods,"Cento Rolled Fillets Anchovies with Capers in Olive Oil, Salt Added",411,70796700040,unit,1,2026-04-14,2026-04-13
3,Foodtown Red Kidney Beans,Foodtown Habichuelas Rojas,"Canned red kidney beans for stews, chili and rice, 15.5 oz.","Habichuelas rojas enlatadas para guisos, chili y arroz, 15.5 oz.",119,0,false,15.5,oz,oz,oz,true,99,true,false,false,true,1,https://d2lnr5mha7bycj.cloudfront.net/product-image/file/large_d816c49e-111b-4625-b35b-db88ef4831c2.png,foodtown,Canned Goods,Foodtown Red Kidney Beans,414,11153286104,unit,1,2026-04-14,2026-04-13
3,Goya Prime Premium Low Sodium Roman Beans,Goya Prime Premium Habichuelas Romanas Bajas en Sodio,"Low sodium Roman beans canned, great for stews and sides, 15.5 oz.","Habichuelas romanas enlatadas bajas en sodio, ideales para guisos y acompañantes, 15.5 oz.",199,0,false,15.5,oz,oz,oz,false,,true,false,false,true,1,https://d2lnr5mha7bycj.cloudfront.net/product-image/file/large_254e8074-c148-4e07-adec-3a4b58c4137c.jpg,goya prime premium,Canned Goods,Goya Prime Premium Low Sodium Roman Beans,424,41331122863,unit,5600,2026-04-14,2026-04-13
3,Best Yet Cream Celery Soup,Best Yet Crema de Apio,"Canned cream of celery soup, use as sauce base or heat to serve, 10.5 oz.","Crema de apio enlatada, úsala como base de salsa o caliéntala para servir, 10.5 oz.",149,0,false,10.5,oz,oz,oz,false,,true,false,false,true,1,https://d2lnr5mha7bycj.cloudfront.net/product-image/file/large_75242e84-54a0-4097-8933-0ef2d9538740.png,best yet,Soups,Best Yet Cream Celery Soup,125,42187408552,unit,1,2026-04-14,2026-04-13
3,Season Brand Skinless & Boneless Sardines in Olive Oil,Season Brand Sardinas sin Piel y sin Espinas en Aceite de Oliva,"Skinless, boneless sardines in olive oil, easy to eat, 4.375 oz.","Sardinas sin piel y sin espinas en aceite de oliva, fáciles de comer, 4.375 oz.",449,0,false,4.375,oz,oz,oz,true,379,true,false,false,true,1,https://d2lnr5mha7bycj.cloudfront.net/product-image/file/large_022ca33e-c8fb-4226-86bc-a7a999f7b435.jpg,season brand,Canned Goods,Season Brand Skinless & Boneless Sardines in Olive Oil,429,70303022160,unit,6017,2026-04-14,2026-04-13
3,College Inn 100% Natural Chicken Broth,College Inn Caldo de Pollo 100% Natural,"All-natural chicken broth for soups, rice and gravies, 14.5 oz.","Caldo de pollo 100% natural para sopas, arroz y salsas, 14.5 oz.",179,0,false,14.5,oz,oz,oz,true,150,true,false,false,true,1,https://d2lnr5mha7bycj.cloudfront.net/product-image/file/large_ef613d84-4754-4749-95da-9cf250a1a3ab.jpg,college inn,Soups,College Inn 100% Natural Chicken Broth,129,24000322306,unit,1,2026-04-14,2026-04-13
3,Maggi Sopa Criolla Costilla Rib Flavored Soup Mix,Maggi Sopa Criolla Mezcla para Sopa Sabor Costilla,"Criolla-style rib flavored soup mix, quick and hearty, 2.05 oz.","Mezcla para sopa criolla sabor costilla, rápida y abundante, 2.05 oz.",129,0,false,2.05,oz,oz,oz,false,,true,false,false,true,1,https://d2lnr5mha7bycj.cloudfront.net/product-image/file/large_6dbad921-8527-4e8c-a5a7-75645ee43ee3.png,maggi,Soups,Maggi Sopa Criolla Costilla Rib Flavored Soup Mix,133,28000332846,unit,5600,2026-04-14,2026-04-13
3,"Goya Sardines in Tomato Sauce, Tinapa","Goya Sardinas en Salsa de Tomate, Tinapa","Canned sardines in tomato sauce, perfect with rice, 5.5 oz.","Sardinas enlatadas en salsa de tomate, perfectas con arroz, 5.5 oz.",119,0,false,5.5,oz,oz,oz,false,,true,false,false,true,1,https://d2lnr5mha7bycj.cloudfront.net/product-image/file/large_373d5de3-f6d3-4fd1-b475-2da78d7f1a3c.png,goya,Canned Goods,"Goya Sardines in Tomato Sauce, Tinapa",447,41331036153,unit,5600,2026-04-14,2026-04-13
3,Swanson's 100% Natural Chicken Broth,Swanson's Caldo de Pollo 100% Natural,"All-natural chicken broth for cooking rice, soups and sauces, 14.5 oz.","Caldo de pollo 100% natural para cocinar arroz, sopas y salsas, 14.5 oz.",229,0,false,14.5,oz,oz,oz,true,150,true,false,false,true,1,https://d2lnr5mha7bycj.cloudfront.net/product-image/file/large_3385e1a2-bffc-4163-90e4-1dc78fdb4070.jpg,swanson's,Soups,Swanson's 100% Natural Chicken Broth,138,5100002431,unit,1,2026-04-14,2026-04-13
3,Knorr Soup Mix And Recipe Mix French Onion,Knorr Mezcla para Sopa y Recetas de Cebolla Francesa,"French onion soup and recipe mix, great for dips and roasts, 1.4 oz.","Mezcla de sopa y recetas de cebolla francesa, ideal para dips y asados, 1.4 oz.",239,0,false,1.4,oz,oz,oz,false,,true,false,false,true,1,https://d2lnr5mha7bycj.cloudfront.net/product-image/file/large_2f95e56d-9770-46d4-951e-5344099ccc01.jpg,knorr,Soups,Knorr Soup Mix And Recipe Mix French Onion,142,48001221338,unit,6017,2026-04-14,2026-04-13
3,"Swanson's Swanson 33% Less Sodium Chicken Broth, 14.5 oz Can",Swanson's Caldo de Pollo con 33% Menos Sodio,"Lower sodium chicken broth for everyday cooking, 14.5 oz.","Caldo de pollo con menos sodio para la cocina diaria, 14.5 oz.",229,0,false,14.5,oz,oz,oz,true,150,true,false,false,true,1,https://d2lnr5mha7bycj.cloudfront.net/product-image/file/large_665eeff7-7138-488f-9535-9771c3476031.jpg,swanson's,Soups,Swanson's Swanson 33% Less Sodium Chicken Broth Can,143,51000024299,unit,1,2026-04-14,2026-04-13
3,Best Yet Low Sodium Chicken Broth,Best Yet Caldo de Pollo Bajo en Sodio,"Low sodium chicken broth for soups, stews and rice, 14.5 oz.","Caldo de pollo bajo en sodio para sopas, guisos y arroz, 14.5 oz.",159,0,false,14.5,oz,oz,oz,false,,true,false,false,true,1,https://d2lnr5mha7bycj.cloudfront.net/product-image/file/large_95daf5e1-a88a-4a97-8a0e-df06d00d56a3.png,best yet,Soups,Best Yet Low Sodium Chicken Broth,146,42187416960,unit,1,2026-04-14,2026-04-13
3,La Sirena Sardines in Tomato Sauce,La Sirena Sardinas en Salsa de Tomate,"Canned sardines in tomato sauce, pairs well with rice, 7.05 oz.","Sardinas enlatadas en salsa de tomate, combinan bien con arroz, 7.05 oz.",199,0,false,7.05,oz,oz,oz,false,,true,false,false,true,1,https://d1s8987jlndkbs.cloudfront.net/assets/missing-item-4bbe82b8555e4d1c12626fd482cb2409713e8e30835645ff3650ef66a725d03c.png,la sirena,Canned Goods,La Sirena Sardines in Tomato Sauce,485,28571000441,unit,1,2026-04-14,2026-04-13
3,"Sweet Baby Ray's Barbecue Sauce, Original",Sweet Baby Ray's Salsa Barbacoa Original,"Original barbecue sauce for chicken, ribs and burgers, 18 oz.","Salsa barbacoa original para pollo, costillas y hamburguesas, 18 oz.",349,0,false,18,oz,oz,oz,false,,true,false,false,true,1,https://d2lnr5mha7bycj.cloudfront.net/product-image/file/large_9677baac-322a-4de0-bb59-4ff60b806553.png,sweet baby ray's,Condiments,"Sweet Baby Ray's Barbecue Sauce, Original",151,13409918104,unit,1,2026-04-14,2026-04-13
3,Ken's Steak House Italian with Garlic and Asiago Cheese Dressing,Ken's Steak House Aderezo Italiano con Ajo y Queso Asiago,"Italian dressing with garlic and Asiago cheese for salads, 9 fl oz.","Aderezo italiano con ajo y queso Asiago para ensaladas, 9 fl oz.",329,0,false,9,fl oz,fl oz,fl oz,true,279,true,false,false,true,1,https://d2lnr5mha7bycj.cloudfront.net/product-image/file/large_5465765b-0332-469a-86b7-7a226a284970.png,ken's steak house,Condiments,Ken's Steak House Italian with Garlic and Asiago Cheese Dressing,152,41335000273,unit,1,2026-04-14,2026-04-13
3,"Kikkoman Soy Sauce, All‑Purpose","Kikkoman Salsa de Soya, Uso General","All-purpose soy sauce for marinades, stir-fry and dipping, 10 fl oz.","Salsa de soya de uso general para marinar, saltear y mojar, 10 fl oz.",349,0,false,10,fl oz,fl oz,fl oz,false,,true,false,false,true,1,https://d2lnr5mha7bycj.cloudfront.net/product-image/file/large_9625272c-7df8-4c28-8db0-9bd8734da003.png,kikkoman,Condiments,"Kikkoman Soy Sauce, All‑Purpose",157,41390000027,unit,1,2026-04-14,2026-04-13
3,Hellmann's Real Mayonnaise Real Mayo Squeeze Bottle,Hellmann's Mayonesa Real en Envase Exprimible,"Classic real mayonnaise in easy-squeeze bottle, 11.5 fl oz.","Mayonesa real clásica en envase fácil de exprimir, 11.5 fl oz.",649,0,false,11.5,fl oz,fl oz,fl oz,false,,true,false,false,true,1,https://d2lnr5mha7bycj.cloudfront.net/product-image/file/large_062891b5-46cc-4ba8-9535-2b109b03651c.png,hellmann's,Condiments,Hellmann's Real Mayonnaise Real Mayo Squeeze Bottle,160,4800135366,unit,1,2026-04-14,2026-04-13
3,Hellmann's Real Mayonnaise Real Mayo,Hellmann's Mayonesa Real,"Classic real mayonnaise for sandwiches, salads and dips, 15 fl oz.","Mayonesa real clásica para sándwiches, ensaladas y dips, 15 fl oz.",599,0,false,15,fl oz,fl oz,fl oz,false,,true,false,false,true,1,https://d2lnr5mha7bycj.cloudfront.net/product-image/file/large_5ac262ab-e9fc-49d8-8a68-6799eb4110fe.png,hellmann's,Condiments,Hellmann's Real Mayonnaise Real Mayo,165,48001213388,unit,1,2026-04-14,2026-04-13
3,"New York Bakery Style Croutons, Garlic & Butter, Texas Toast",New York Bakery Crutones Estilo Tostada Texas con Ajo y Mantequilla,"Garlic and butter Texas toast croutons for salads and soups, 5 oz.","Crutones estilo tostada Texas con ajo y mantequilla para ensaladas y sopas, 5 oz.",269,0,false,5,oz,oz,oz,false,,true,false,false,true,1,https://d2lnr5mha7bycj.cloudfront.net/product-image/file/large_88ce4b15-d9f8-4510-a546-1632919fdd6d.png,new york bakery,Salad Toppings,"New York Bakery Style Croutons, Garlic & Butter, Texas Toast",1,70200010635,unit,1,2026-04-14,2026-04-13
3,Old El Paso Mild Red Enchilada Sauce,"Old El Paso Salsa Roja para Enchiladas, Suave","Mild red enchilada sauce for Mexican dishes, 10 oz.","Salsa roja suave para enchiladas y platos mexicanos, 10 oz.",299,0,false,10,oz,oz,oz,false,,true,false,false,true,1,https://d2lnr5mha7bycj.cloudfront.net/product-image/file/large_ec004dd1-e930-489f-9b93-d087d5e47fc0.png,old el paso,Condiments,Old El Paso Mild Red Enchilada Sauce,173,46000860114,unit,1,2026-04-14,2026-04-13
3,Sabrett Sauerkraut,Sabrett Chucrut,"Classic sauerkraut, perfect topping for hot dogs and sausages, 32 oz.","Chucrut clásico, ideal para hot dogs y salchichas, 32 oz.",499,0,false,32,oz,oz,oz,false,,true,false,false,true,1,https://d2lnr5mha7bycj.cloudfront.net/product-image/file/large_7f152d49-fa2c-43d4-a2b4-4b741f6213bf.png,sabrett,Condiments,Sabrett Sauerkraut,176,7433800311,unit,3,2026-04-14,2026-04-13
3,Campbell's Mushroom Gravy,Campbell's Salsa Gravy de Hongos,"Canned mushroom gravy for meats, potatoes and rice, 10.5 oz.","Salsa gravy de hongos enlatada para carnes, papas y arroz, 10.5 oz.",229,0,false,10.5,oz,oz,oz,false,,true,false,false,true,1,https://d2lnr5mha7bycj.cloudfront.net/product-image/file/large_7d88e0d5-5484-4151-8132-902f36dc0273.jpg,campbell's,Condiments,Campbell's Mushroom Gravy,182,51000025555,unit,1,2026-04-14,2026-04-13
3,Marie's Dressing Italian Creamy Garlic,Marie's Aderezo Italiano Cremoso con Ajo,"Creamy Italian garlic salad dressing, refrigerated, 12 fl oz.","Aderezo italiano cremoso con ajo para ensaladas, refrigerado, 12 fl oz.",599,0,false,12,fl oz,fl oz,fl oz,false,,true,false,false,true,1,https://d2lnr5mha7bycj.cloudfront.net/product-image/file/large_5a67e024-7734-49a7-87cb-0f87b2702533.jpg,marie's,Condiments,Marie's Dressing Italian Creamy Garlic,185,71840042536,unit,4,2026-04-14,2026-04-13
3,Ken's Steak House Creamy Caesar Dressing with Roasted Garlic,Ken's Steak House Aderezo César Cremoso con Ajo Asado,"Creamy Caesar dressing with roasted garlic for salads, 9 fl oz.","Aderezo César cremoso con ajo asado para ensaladas, 9 fl oz.",329,0,false,9,fl oz,fl oz,fl oz,true,279,true,false,false,true,1,https://d2lnr5mha7bycj.cloudfront.net/product-image/file/large_2a8c8516-c62b-4589-a674-6bb953b4281b.png,ken's steak house,Condiments,Ken's Steak House Creamy Caesar Dressing with Roasted Garlic,192,41335000792,unit,1,2026-04-14,2026-04-13
3,Lea & Perrins The Original Worcestershire Sauce,Lea & Perrins Salsa Inglesa Original,"Original Worcestershire sauce for marinades and seasoning, 5 oz.","Salsa inglesa original para marinar y sazonar, 5 oz.",399,0,false,5,oz,oz,oz,false,,true,false,false,true,1,https://d2lnr5mha7bycj.cloudfront.net/product-image/file/large_d3794e85-fd79-4001-ad3d-025686fbdb60.jpg,lea & perrins,Condiments,Lea & Perrins The Original Worcestershire Sauce,195,51600000037,unit,1,2026-04-14,2026-04-13
3,Kikkoman All-Purpose Soy Sauce,Kikkoman Salsa de Soya de Uso General,"All-purpose soy sauce for cooking and dipping, 15 fl oz.","Salsa de soya de uso general para cocinar y mojar, 15 fl oz.",469,0,false,15,fl oz,fl oz,fl oz,false,,true,false,false,true,1,https://d2lnr5mha7bycj.cloudfront.net/product-image/file/large_52da7505-6744-4ad9-b857-11d3d86be292.png,kikkoman,Condiments,Kikkoman All-Purpose Soy Sauce,200,41390000904,unit,1,2026-04-14,2026-04-13
3,"Fresh Gourmet Onion, Garlic Pepper, Crispy",Fresh Gourmet Cebollas Crujientes con Ajo y Pimienta,"Crispy fried onions with garlic pepper for toppings and sides, 3.5 oz.","Cebollas crujientes fritas con ajo y pimienta para decorar platos, 3.5 oz.",369,0,false,3.5,oz,oz,oz,false,,true,false,false,true,1,https://d2lnr5mha7bycj.cloudfront.net/product-image/file/large_953c53c6-0e94-458e-9010-6a592344b043.png,fresh gourmet,Salad Toppings,"Fresh Gourmet Onion, Garlic Pepper, Crispy",7,787359175015,unit,4,2026-04-14,2026-04-13
3,Jeff's Garden Garlic Stuffed Olives,Jeff's Garden Aceitunas Rellenas de Ajo,"Green olives stuffed with garlic, great for snacks and martinis, 7.5 oz.","Aceitunas verdes rellenas de ajo, ideales para picar y martinis, 7.5 oz.",699,0,false,7.5,oz,oz,oz,false,,true,false,false,true,1,https://d2lnr5mha7bycj.cloudfront.net/product-image/file/large_29116515-fb21-4a3a-a454-65d4de5b28b8.jpg,jeff's garden,Condiments,Jeff's Garden Garlic Stuffed Olives,213,73214007486,unit,6009,2026-04-14,2026-04-13
3,Spice World Minced Garlic in Olive Oil,Spice World Ajo Picado en Aceite de Oliva,"Minced garlic in olive oil, ready to use for cooking, 4.5 oz.","Ajo picado en aceite de oliva, listo para cocinar, 4.5 oz.",299,0,false,4.5,oz,oz,oz,false,,true,false,false,true,1,https://d2lnr5mha7bycj.cloudfront.net/product-image/file/large_1e83012f-456f-46bc-83e2-4a4f99c2c5f8.jpg,spice world,Condiments,Spice World Minced Garlic in Olive Oil,216,70969001028,unit,4,2026-04-14,2026-04-13
3,Campbell's Turkey Gravy,Campbell's Salsa Gravy de Pavo,"Canned turkey gravy for holiday meals and mashed potatoes, 10.5 oz.","Salsa gravy de pavo enlatada para comidas festivas y puré de papas, 10.5 oz.",229,0,false,10.5,oz,oz,oz,false,,true,false,false,true,1,https://d2lnr5mha7bycj.cloudfront.net/product-image/file/large_fffc7f12-e127-4163-97ff-ebc98504cfd9.jpg,campbell's,Condiments,Campbell's Turkey Gravy,217,51000025548,unit,1,2026-04-14,2026-04-13
3,Lea & Perrins The Original Worcestershire Sauce,Lea & Perrins Salsa Inglesa Original,"Original Worcestershire sauce for meats, marinades and cocktails, 10 fl oz.","Salsa inglesa original para carnes, marinadas y cócteles, 10 fl oz.",599,0,false,10,fl oz,fl oz,fl oz,false,,true,false,false,true,1,https://d2lnr5mha7bycj.cloudfront.net/product-image/file/large_82cff3fa-0039-4719-ab30-fb692a1280a4.jpg,lea & perrins,Condiments,Lea & Perrins The Original Worcestershire Sauce,218,51600000013,unit,1,2026-04-14,2026-04-13
3,McCormick Imitation Bacon Bits,McCormick Trocitos Imitación de Tocineta,"Crunchy imitation bacon bits for salads and baked potatoes, 4.4 oz.","Trocitos crujientes imitación de tocineta para ensaladas y papas horneadas, 4.4 oz.",319,0,false,4.4,oz,oz,oz,false,,true,false,false,true,1,https://d2lnr5mha7bycj.cloudfront.net/product-image/file/large_d0a9370c-6cfc-493f-b871-9c853cf62eec.jpg,mccormick,Salad Toppings,McCormick Imitation Bacon Bits,8,52100010922,unit,1,2026-04-14,2026-04-13
3,Kraft Sweet Honey Slow-Simmered Barbecue Sauce,Kraft Salsa Barbacoa a Fuego Lento con Miel Dulce,"Sweet honey slow-simmered barbecue sauce for grilling, 18 oz.","Salsa barbacoa a fuego lento con miel dulce para la parrilla, 18 oz.",329,0,false,18,oz,oz,oz,false,,true,false,false,true,1,https://d2lnr5mha7bycj.cloudfront.net/product-image/file/large_afc5856d-6fca-4622-af2c-428a71a1e890.jpg,kraft,Condiments,Kraft Sweet Honey Slow-Simmered Barbecue Sauce,231,21000052387,unit,1,2026-04-14,2026-04-13
3,Wish-Bone Extra Virgin Olive Oil Blend Garlic Basil Italian Salad Dressing,Wish-Bone Aderezo Italiano de Ajo y Albahaca con Aceite de Oliva Extra Virgen,"Italian dressing with olive oil, garlic and basil for salads, 15 fl oz.","Aderezo italiano con aceite de oliva, ajo y albahaca para ensaladas, 15 fl oz.",469,0,false,15,fl oz,fl oz,fl oz,false,,true,false,false,true,1,https://d2lnr5mha7bycj.cloudfront.net/product-image/file/large_8f2bb3d1-149b-4e53-9d6d-1ef4007859f7.jpg,wish-bone,Condiments,Wish-Bone Extra Virgin Olive Oil Blend Garlic Basil Italian Salad Dressing,233,41321007156,unit,1,2026-04-14,2026-04-13
3,Sweet Baby Ray's Hickory & Brown Sugar Barbecue Sauce,Sweet Baby Ray's Salsa Barbacoa de Nogal y Azúcar Morena,"Hickory and brown sugar barbecue sauce for ribs and chicken, 18 oz.","Salsa barbacoa sabor nogal y azúcar morena para costillas y pollo, 18 oz.",349,0,false,18,oz,oz,oz,false,,true,false,false,true,1,https://d2lnr5mha7bycj.cloudfront.net/product-image/file/large_7c5350c1-a018-4622-a435-e13a2625577e.png,sweet baby ray's,Condiments,Sweet Baby Ray's Hickory & Brown Sugar Barbecue Sauce,234,13409351505,unit,1,2026-04-14,2026-04-13
3,"Progresso Clam Sauce, with Garlic & Herb, White",Progresso Salsa Blanca de Almejas con Ajo y Hierbas,"White clam sauce with garlic and herbs for pasta, 15 oz.","Salsa blanca de almejas con ajo y hierbas para pasta, 15 oz.",649,0,false,15,oz,oz,oz,false,,true,false,false,true,1,https://d2lnr5mha7bycj.cloudfront.net/product-image/file/large_db086792-c234-4814-bb1e-095ee450f9f4.png,progresso,Condiments,"Progresso Clam Sauce, with Garlic & Herb, White",236,41196060560,unit,1,2026-04-14,2026-04-13
3,"New York Bakery Croutons, Texas Toast, Cheese & Garlic",New York Bakery Crutones Estilo Tostada Texas con Queso y Ajo,"Texas toast croutons with cheese and garlic for salads, 5 oz.","Crutones estilo tostada Texas con queso y ajo para ensaladas, 5 oz.",269,0,false,5,oz,oz,oz,false,,true,false,false,true,1,https://d2lnr5mha7bycj.cloudfront.net/product-image/file/large_8a134abd-f6fc-4bc2-aae5-4a9d291c7d45.png,new york bakery,Salad Toppings,"New York Bakery Croutons, Texas Toast, Cheese & Garlic",9,70200010673,unit,1,2026-04-14,2026-04-13
3,Soy Vay Hoisin Garlic Teriyaki Marinade and Sauce,Soy Vay Marinada y Salsa Teriyaki Hoisin con Ajo,"Hoisin garlic teriyaki marinade and sauce for stir-fries, 22 oz.","Marinada y salsa teriyaki hoisin con ajo para salteados, 22 oz.",549,0,false,22,oz,oz,oz,false,,true,false,false,true,1,https://d2lnr5mha7bycj.cloudfront.net/product-image/file/large_33fbc486-7f8f-4eeb-9eb1-12fa13a128a3.jpg,soy vay,Condiments,Soy Vay Hoisin Garlic Teriyaki Marinade and Sauce,251,88177227697,unit,1,2026-04-14,2026-04-13
3,Wish-Bone Extra Virgin Olive Oil Blend Lemon Herb Salad Dressing,Wish-Bone Aderezo de Limón y Hierbas con Aceite de Oliva Extra Virgen,"Lemon herb dressing with olive oil blend for salads, 15 fl oz.","Aderezo de limón y hierbas con aceite de oliva para ensaladas, 15 fl oz.",469,0,false,15,fl oz,fl oz,fl oz,false,,true,false,false,true,1,https://d2lnr5mha7bycj.cloudfront.net/product-image/file/large_36636a07-3f56-49ff-89ee-0547e706fb3e.jpg,wish-bone,Condiments,Wish-Bone Extra Virgin Olive Oil Blend Lemon Herb Salad Dressing,254,4132100711,unit,1,2026-04-14,2026-04-13
3,Kraft Sweet Brown Sugar Slow-Simmered Barbecue Sauce,Kraft Salsa Barbacoa a Fuego Lento con Azúcar Morena Dulce,"Sweet brown sugar slow-simmered barbecue sauce for grilling, 18 oz.","Salsa barbacoa a fuego lento con azúcar morena dulce para la parrilla, 18 oz.",329,0,false,18,oz,oz,oz,false,,true,false,false,true,1,https://d2lnr5mha7bycj.cloudfront.net/product-image/file/large_e699af44-1a2c-453e-bdcc-6e55a0a8664c.jpg,kraft,Condiments,Kraft Sweet Brown Sugar Slow-Simmered Barbecue Sauce,256,21000052424,unit,1,2026-04-14,2026-04-13
3,Sabrett Sauce Onions,Sabrett Cebollas en Salsa,"Classic New York style onions in sauce for hot dogs, 15 fl oz.","Cebollas en salsa estilo Nueva York para hot dogs, 15 fl oz.",429,0,false,15,fl oz,fl oz,fl oz,false,,true,false,false,true,1,https://d2lnr5mha7bycj.cloudfront.net/product-image/file/large_6007b38b-d453-4245-9992-8c9d3571d6c0.jpg,sabrett,Condiments,Sabrett Sauce Onions,257,7433800318,unit,3,2026-04-14,2026-04-13
3,Best Yet Cheese & Garlic Croutons,Best Yet Crutones de Queso y Ajo,"Cheese and garlic croutons for salads and soups, 5 oz.","Crutones de queso y ajo para ensaladas y sopas, 5 oz.",219,0,false,5,oz,oz,oz,false,,true,false,false,true,1,https://d2lnr5mha7bycj.cloudfront.net/product-image/file/large_ee3bbb8f-21fb-4b19-a67c-2b744c13143c.png,best yet,Salad Toppings,Best Yet Cheese & Garlic Croutons,10,42187007168,unit,1,2026-04-14,2026-04-13
3,"Sweet Baby Ray's Barbecue Sauce, Honey",Sweet Baby Ray's Salsa Barbacoa de Miel,"Honey barbecue sauce for chicken wings and ribs, 18 oz.","Salsa barbacoa de miel para alitas de pollo y costillas, 18 oz.",349,0,false,18,oz,oz,oz,false,,true,false,false,true,1,https://d2lnr5mha7bycj.cloudfront.net/product-image/file/large_e9370183-c68b-427b-874d-db764770cacf.png,sweet baby ray's,Condiments,"Sweet Baby Ray's Barbecue Sauce, Honey",268,13409341155,unit,1,2026-04-14,2026-04-13
3,"Mrs. Cubbison's Croutons, Caesar Salad",Mrs. Cubbison's Crutones para Ensalada César,"Crunchy Caesar salad croutons with Italian seasonings, 5 oz.","Crutones crujientes sazón italiano para ensalada César, 5 oz.",269,0,false,5,oz,oz,oz,true,200,true,false,false,true,1,https://d2lnr5mha7bycj.cloudfront.net/product-image/file/large_317b3a1e-de8e-44ae-977b-7e80907f13af.png,mrs. cubbison's,Salad Toppings,"Mrs. Cubbison's Croutons, Caesar Salad",11,74714085523,unit,1,2026-04-14,2026-04-13
3,"Dinosaur Bar-B-Que Sauce, Roasted Garlic Honey",Dinosaur Bar-B-Que Salsa de Ajo Asado con Miel,"Roasted garlic honey barbecue sauce for grilling meats, 19 oz.","Salsa barbacoa de ajo asado con miel para asar carnes, 19 oz.",579,0,false,19,oz,oz,oz,false,,true,false,false,true,1,https://d2lnr5mha7bycj.cloudfront.net/product-image/file/large_16d9fb02-3769-46ad-ae93-9b135f70c181.png,dinosaur bar-b-que,Condiments,"Dinosaur Bar-B-Que Sauce, Roasted Garlic Honey",296,856504003043,unit,6017,2026-04-14,2026-04-13
3,Foodtown Squeezable Yellow Mustard,Foodtown Mostaza Amarilla Exprimible,"Classic yellow mustard in squeeze bottle for hot dogs, 9 oz.","Mostaza amarilla clásica en envase exprimible para hot dogs, 9 oz.",129,0,false,9,oz .,oz .,oz .,true,99,true,false,false,true,1,https://d2lnr5mha7bycj.cloudfront.net/product-image/file/large_4a31049e-c149-4322-ab62-5f4dd3498403.png,foodtown,Condiments,Foodtown Squeezable Yellow Mustard,297,11153050200,unit,1,2026-04-14,2026-04-13
3,Goya Minced Garlic,Goya Ajo Picado,"Jarred minced garlic ready to use in sofrito and recipes, 4.5 oz.","Ajo picado en frasco, listo para sofrito y recetas, 4.5 oz.",409,0,false,4.5,oz,oz,oz,false,,true,false,false,true,1,https://d2lnr5mha7bycj.cloudfront.net/product-image/file/large_8014f9f0-0f8a-45b3-a82b-862ec0037d27.jpg,goya,Condiments,Goya Minced Garlic,303,41331039123,unit,5600,2026-04-14,2026-04-13
3,Heinz Yellow Mustard,Heinz Mostaza Amarilla,"Classic yellow mustard for sandwiches and hot dogs, 14 oz.","Mostaza amarilla clásica para sándwiches y hot dogs, 14 oz.",289,0,false,14,oz,oz,oz,false,,true,false,false,true,1,https://d2lnr5mha7bycj.cloudfront.net/product-image/file/large_cbdb016f-a5ff-492c-b84c-12c1734b4ee6.jpg,heinz,Condiments,Heinz Yellow Mustard,316,13000002127,unit,1,2026-04-14,2026-04-13
3,"Hormel Real Bacon Bits, 3 OZ",Hormel Trocitos de Tocineta Real,"Real bacon bits for salads, potatoes and eggs, 3 oz.","Trocitos de tocineta real para ensaladas, papas y huevos, 3 oz.",449,0,false,3,oz,oz,oz,false,,true,false,false,true,1,https://d2lnr5mha7bycj.cloudfront.net/product-image/file/large_21beb7e6-d741-40f9-b065-079e5f125d5b.jpg,hormel,Salad Toppings,Hormel Real Bacon Bits,12,37600069519,unit,1,2026-04-14,2026-04-13
3,MCCORMICK GOLDEN DIPT Seafood Cocktail Sauce,McCormick Golden Dipt Salsa Cóctel para Mariscos,"Tangy cocktail sauce for shrimp and seafood, 8 fl oz.","Salsa cóctel para camarones y mariscos, 8 fl oz.",379,0,false,8,fl oz,fl oz,fl oz,false,,true,false,false,true,1,https://d2lnr5mha7bycj.cloudfront.net/product-image/file/large_bfd2262a-8e75-44d8-85fb-8a03f89e5ed7.jpg,mccormick golden dipt,Condiments,MCCORMICK GOLDEN DIPT Seafood Cocktail Sauce,323,41234113760,unit,1,2026-04-14,2026-04-13
3,Heinz Yellow Mustard,Heinz Mostaza Amarilla,"Classic yellow mustard for sandwiches and hot dogs, 8 oz.","Mostaza amarilla clásica para sándwiches y hot dogs, 8 oz.",239,0,false,8,oz,oz,oz,false,,true,false,false,true,1,https://d2lnr5mha7bycj.cloudfront.net/product-image/file/large_81d77af6-d607-4523-8f1f-2aeb671d4217.jpg,heinz,Condiments,Heinz Yellow Mustard,331,13000002110,unit,1,2026-04-14,2026-04-13
3,Kikkoman Soy Sauce Dispenser Bottle,Kikkoman Salsa de Soya en Botella Dispensadora,"Classic soy sauce in tabletop dispenser bottle, 5 fl oz.","Salsa de soya clásica en botella dispensadora para la mesa, 5 fl oz.",329,0,false,5,fl oz,fl oz,fl oz,false,,true,false,false,true,1,https://d2lnr5mha7bycj.cloudfront.net/product-image/file/large_e6cfa038-718d-4a3e-bc86-ba7b66558e46.png,kikkoman,Condiments,Kikkoman Soy Sauce Dispenser Bottle,335,41390000096,unit,6017,2026-04-14,2026-04-13
3,Del Monte Tomato Ketchup,Del Monte Ketchup de Tomate,"Classic tomato ketchup for burgers, fries and hot dogs, 24 fl oz.","Ketchup de tomate clásico para hamburguesas, papas fritas y hot dogs, 24 fl oz.",259,0,false,24,fl oz,fl oz,fl oz,false,,true,false,false,true,1,https://d2lnr5mha7bycj.cloudfront.net/product-image/file/large_64b43818-4221-4a45-bdb8-662e9392bf71.jpg,del monte,Condiments,Del Monte Tomato Ketchup,337,24000006411,unit,1,2026-04-14,2026-04-13
3,"Goya Hot Sauce, Salsa Picante",Goya Salsa Picante,"Classic hot sauce for rice, beans and meats, 6 oz.","Salsa picante clásica para arroz, habichuelas y carnes, 6 oz.",189,0,false,6,oz,oz,oz,false,,true,false,false,true,1,https://d2lnr5mha7bycj.cloudfront.net/product-image/file/large_423b9e89-14c2-482f-b896-190dd8196fc7.png,goya,Condiments,"Goya Hot Sauce, Salsa Picante",341,41331038577,unit,5600,2026-04-14,2026-04-13
3,Best Yet Sauerkraut,Best Yet Chucrut,"Classic sauerkraut for hot dogs and sausages, 14 oz.","Chucrut clásico para hot dogs y salchichas, 14 oz.",149,0,false,14,oz,oz,oz,false,,true,false,false,true,1,https://d2lnr5mha7bycj.cloudfront.net/product-image/file/large_a983a596-8013-446c-998a-ca41cd3343d0.png,best yet,Condiments,Best Yet Sauerkraut,361,42187406381,unit,1,2026-04-14,2026-04-13
3,Del Monte Shredded Sauerkraut,Del Monte Chucrut Rallado,"Shredded sauerkraut for hot dogs, sandwiches and sides, 14.5 oz.","Chucrut rallado para hot dogs, sándwiches y acompañantes, 14.5 oz.",269,0,false,14.5,oz,oz,oz,false,,true,false,false,true,1,https://d2lnr5mha7bycj.cloudfront.net/product-image/file/large_2baa63d9-a94a-41e8-bfff-ae7860bf5d4f.jpg,del monte,Condiments,Del Monte Shredded Sauerkraut,377,24000163145,unit,1,2026-04-14,2026-04-13
3,Best Yet Light Mayonnaise,Best Yet Mayonesa Light,"Light mayonnaise with fewer calories for sandwiches and salads, 30 fl oz.","Mayonesa light con menos calorías para sándwiches y ensaladas, 30 fl oz.",599,0,false,30,fl oz,fl oz,fl oz,true,399,true,false,false,true,1,https://d2lnr5mha7bycj.cloudfront.net/product-image/file/large_72b0d969-b5b8-4f63-bae0-fbe28b30da9c.png,best yet,Condiments,Best Yet Light Mayonnaise,382,42187338675,unit,1,2026-04-14,2026-04-13
3,Lea & Perrins Worcestershire Sauce with Reduced Sodium,Lea & Perrins Salsa Inglesa con Menos Sodio,"Reduced sodium Worcestershire sauce for meats and marinades, 10 fl oz.","Salsa inglesa con menos sodio para carnes y marinadas, 10 fl oz.",599,0,false,10,fl oz,fl oz,fl oz,false,,true,false,false,true,1,https://d2lnr5mha7bycj.cloudfront.net/product-image/file/large_04fa7034-20ff-4075-8b39-227081212a00.jpg,lea & perrins,Condiments,Lea & Perrins Worcestershire Sauce with Reduced Sodium,383,51600002505,unit,1,2026-04-14,2026-04-13
3,Foodtown Dijon Mustard,Foodtown Mostaza Dijon,"Dijon-style mustard for sandwiches, dressings and sauces, 12 oz.","Mostaza estilo Dijon para sándwiches, aderezos y salsas, 12 oz.",199,0,false,12,oz,oz,oz,true,129,true,false,false,true,1,https://d2lnr5mha7bycj.cloudfront.net/product-image/file/large_eb85b309-acad-4c28-ab4e-69c12cdfefe8.png,foodtown,Condiments,Foodtown Dijon Mustard,388,11153050330,unit,1,2026-04-14,2026-04-13
3,B&G Oregano & Garlic Sweet Salad Pepper Slices,B&G Rodajas de Pimientos Dulces con Orégano y Ajo,"Sweet salad pepper slices with oregano and garlic for sandwiches, 12 oz.","Rodajas de pimientos dulces con orégano y ajo para sándwiches, 12 oz.",379,0,false,12,oz,oz,oz,false,,true,false,false,true,1,https://d2lnr5mha7bycj.cloudfront.net/product-image/file/large_8e8128d8-c147-425a-980a-4dcc32070d10.jpg,b&g,Condiments,B&G Oregano & Garlic Sweet Salad Pepper Slices,412,31500004731,unit,1,2026-04-14,2026-04-13
3,Hellmann's Mayonnaise Light,Hellmann's Mayonesa Light,"Light mayonnaise with half the fat for sandwiches and salads, 15 fl oz.","Mayonesa light con la mitad de grasa para sándwiches y ensaladas, 15 fl oz.",599,0,false,15,fl oz,fl oz,fl oz,false,,true,false,false,true,1,https://d2lnr5mha7bycj.cloudfront.net/product-image/file/large_6bb704bc-36bd-46c2-9c3e-f2f6cedee41f.png,hellmann's,Condiments,Hellmann's Mayonnaise Light,418,48001213449,unit,1,2026-04-14,2026-04-13
3,Libby's Crispy Sauerkraut,Libby's Chucrut Crujiente,"Crispy sauerkraut for hot dogs and sandwiches, 8 oz.","Chucrut crujiente para hot dogs y sándwiches, 8 oz.",139,0,false,8,oz,oz,oz,false,,true,false,false,true,1,https://d2lnr5mha7bycj.cloudfront.net/product-image/file/large_3de008fb-4a25-4f1e-b049-1a46da42fa9e.png,libby's,Condiments,Libby's Crispy Sauerkraut,440,37100046027,unit,1,2026-04-14,2026-04-13
3,Christopher Ranch Crushed Garlic,Christopher Ranch Ajo Triturado,"Crushed garlic in jar, ready to use in cooking, 4.25 oz.","Ajo triturado en frasco, listo para cocinar, 4.25 oz.",369,0,false,4.25,oz,oz,oz,false,,true,false,false,true,1,https://d2lnr5mha7bycj.cloudfront.net/product-image/file/large_b67aae4e-5401-41d2-8926-1b7e0f2309f6.jpg,christopher ranch,Condiments,Christopher Ranch Crushed Garlic,449,74574832107,unit,4,2026-04-14,2026-04-13
3,Best Yet Caesar Salad Croutons,Best Yet Crutones para Ensalada César,"Crunchy Caesar salad croutons for soups and salads, 5 oz.","Crutones crujientes para ensalada César y sopas, 5 oz.",219,0,false,5,oz,oz,oz,false,,true,false,false,true,1,https://d2lnr5mha7bycj.cloudfront.net/product-image/file/large_419f1e9f-9ad9-4bb9-ad2d-b266934e9f56.png,best yet,Salad Toppings,Best Yet Caesar Salad Croutons,14,42187007175,unit,1,2026-04-14,2026-04-13
3,Goya Homestyle Chipotle Sauce,Goya Salsa Chipotle Casera,"Homestyle chipotle sauce for tacos, sandwiches and marinades, 7 oz.","Salsa chipotle casera para tacos, sándwiches y marinadas, 7 oz.",159,0,false,7,oz,oz,oz,false,,true,false,false,true,1,https://d2lnr5mha7bycj.cloudfront.net/product-image/file/large_73d59c51-09bd-4abe-80c3-1c0ebc2be21e.jpg,goya,Condiments,Goya Homestyle Chipotle Sauce,478,41331039079,unit,5600,2026-04-14,2026-04-13
3,Goya Salsita Pure Fire Ripe Habanero Chiles Hot Sauce,Goya Salsita Salsa Picante de Habanero Maduro,"Fiery ripe habanero chile hot sauce for bold flavor, 8 fl oz.","Salsa picante de habanero maduro para sabor intenso, 8 fl oz.",339,0,false,8,fl oz,fl oz,fl oz,false,,true,false,false,true,1,https://d2lnr5mha7bycj.cloudfront.net/product-image/file/large_e9ec1b84-6fb0-46de-92a2-5dd2922655d6.jpg,goya salsita,Condiments,Goya Salsita Pure Fire Ripe Habanero Chiles Hot Sauce,492,41331028882,unit,5600,2026-04-14,2026-04-13
3,Garland Food Minced Garlic in water,Garland Food Ajo Picado en Agua,"Minced garlic in water, ready to use for cooking, 32 oz.","Ajo picado en agua, listo para cocinar, 32 oz.",899,0,false,32,oz,oz,oz,false,,true,false,false,true,1,https://d2lnr5mha7bycj.cloudfront.net/product-image/file/large_9168f7be-b11f-485b-9a54-828b19d6d714.jpg,garland food,Condiments,Garland Food Minced Garlic in water,503,718940000089,unit,4,2026-04-14,2026-04-13
3,Arriba! Med Classic Red Enchilada Sauce with Roasted Tomato & Garlic,Arriba! Salsa Clásica Roja para Enchiladas con Tomate Asado y Ajo,"Medium classic red enchilada sauce with roasted tomato and garlic, 8 oz.","Salsa roja clásica media para enchiladas con tomate asado y ajo, 8 oz.",449,0,false,8,oz,oz,oz,false,,true,false,false,true,1,https://d2lnr5mha7bycj.cloudfront.net/product-image/file/large_cbca296a-2bdd-40ea-b36a-8280409700cf.png,arriba!,Condiments,Arriba! Med Classic Red Enchilada Sauce with Roasted Tomato & Garlic,512,33907130044,unit,6017,2026-04-14,2026-04-13
3,Elijah's Xtreme Elijah's Pineapple-Mango Hot Sauce (Habanero),Elijah's Xtreme Salsa Picante de Piña y Mango con Habanero,"Pineapple-mango habanero hot sauce for fruity, fiery flavor, 5 fl oz.","Salsa picante de piña y mango con habanero para sabor frutal y picante, 5 fl oz.",499,0,false,5,fl oz,fl oz,fl oz,false,,true,false,false,true,1,https://d2lnr5mha7bycj.cloudfront.net/product-image/file/large_764f97b9-8934-42e6-95ca-b0b4cb220b4c.png,elijah's xtreme,Condiments,Elijah's Xtreme Elijah's Pineapple-Mango Hot Sauce (Habanero),520,860000748438,unit,6017,2026-04-14,2026-04-13
3,Best Yet Yellow Mustard Squeeze,Best Yet Mostaza Amarilla Exprimible,"Classic yellow mustard in easy-squeeze bottle, 8 oz.","Mostaza amarilla clásica en envase fácil de exprimir, 8 oz.",169,0,false,8,oz,oz,oz,false,,true,false,false,true,1,https://d2lnr5mha7bycj.cloudfront.net/product-image/file/large_7548dd3f-0640-455e-8e4e-3a8e18319743.png,best yet,Condiments,Best Yet Yellow Mustard Squeeze,532,42187440002,unit,1,2026-04-14,2026-04-13
3,Panera Bread Fuji Apple Vinaigrette & Marinade,Panera Bread Vinagreta y Marinada de Manzana Fuji,"Fuji apple vinaigrette and marinade for salads and meats, 12 fl oz.","Vinagreta y marinada de manzana Fuji para ensaladas y carnes, 12 fl oz.",549,0,false,12,fl oz,fl oz,fl oz,false,,true,false,false,true,1,https://d2lnr5mha7bycj.cloudfront.net/product-image/file/large_a4a03c2f-984f-4a0f-a109-8535f58ba040.png,panera bread,Condiments,Panera Bread Fuji Apple Vinaigrette & Marinade,535,18959755575,unit,4,2026-04-14,2026-04-13
5,General Mills Honey Nut Cheerios Cereal,General Mills Cereal Cheerios Miel y Nueces,"Whole grain oat cereal with honey and nut flavor, 10.8 oz.","Cereal de avena integral sabor miel y nueces, 10.8 oz.",799,0,false,10.8,oz,oz,oz,true,499,true,false,false,true,1,https://d2lnr5mha7bycj.cloudfront.net/product-image/file/large_20c162a2-b468-4e70-9560-f06cda103943.png,general mills,Breakfast,General Mills Honey Nut Cheerios Cereal,4,16000124790,unit,1,2026-04-14,2026-04-13
5,General Mills Honey Nut Cheerios Large Size Cereal,General Mills Cereal Cheerios Miel y Nueces Tamaño Grande,"Whole grain oat cereal with honey and nut flavor, large size, 15.4 oz.","Cereal de avena integral sabor miel y nueces, tamaño grande, 15.4 oz.",899,0,false,15.4,oz,oz,oz,true,599,true,false,false,true,1,https://d2lnr5mha7bycj.cloudfront.net/product-image/file/large_3e0a96ae-8709-4d0c-b176-397af0415699.png,general mills,Breakfast,General Mills Honey Nut Cheerios Large Size Cereal,5,16000125063,unit,1,2026-04-14,2026-04-13
5,"Nutella & Go Chocolate Hazelnut Spread with Cocoa + Pretzel Sticks, Portable Single Serve Snack Pack, 1.9 oz",Nutella & Go Crema de Avellanas con Cacao y Palitos de Pretzel,"Portable snack with hazelnut spread and pretzel sticks, 1.9 oz.","Merienda portátil con crema de avellanas y palitos de pretzel, 1.9 oz.",259,0,false,1.9,oz,oz,oz,true,199,true,false,false,true,1,https://d2lnr5mha7bycj.cloudfront.net/product-image/file/large_fc5cb567-cd48-47cd-946b-011eed0cabd8.jpg,nutella & go,Nut Butters,"Nutella & Go Chocolate Hazelnut Spread with Cocoa + Pretzel Sticks, Portable Single Serve Snack Pack",1,9800800094,unit,1,2026-04-14,2026-04-13
5,"Nutella & Go Hazelnut Spread with Breadsticks, On-the-Go Snack Cups, Snack Packs, 1.8 oz",Nutella & Go Crema de Avellanas con Palitos de Pan,"On-the-go snack cup with hazelnut spread and breadsticks, 1.8 oz.","Vaso de merienda con crema de avellanas y palitos de pan, 1.8 oz.",259,0,false,1.8,oz,oz,oz,true,199,true,false,false,true,1,https://d2lnr5mha7bycj.cloudfront.net/product-image/file/large_8c3798b5-889a-407c-a11f-4bd14660c979.jpg,nutella & go,Nut Butters,"Nutella & Go Hazelnut Spread with Breadsticks, On-the-Go Snack Cups, Snack Packs",2,9800800056,unit,1,2026-04-14,2026-04-13
3,Jif Creamy Peanut Butter,Jif Mantequilla de Maní Cremosa,"Classic creamy peanut butter for sandwiches and snacks, 16 oz.","Mantequilla de maní cremosa clásica para sándwiches y meriendas, 16 oz.",449,0,false,16,oz,oz,oz,false,,true,true,false,true,1,https://d2lnr5mha7bycj.cloudfront.net/product-image/file/large_298665e1-c28e-4b06-bbb8-98858716ee13.jpg,jif,Nut Butters,Jif Creamy Peanut Butter,3,51500255162,unit,1,2026-04-14,2026-04-13
5,General Mills Cinnamon Toast Crunch Cereal,General Mills Cereal Cinnamon Toast Crunch,"Sweet cinnamon-sugar breakfast cereal the kids love, 12 oz.","Cereal dulce de canela y azúcar que les encanta a los niños, 12 oz.",849,0,false,12,oz,oz,oz,false,,true,false,false,true,1,https://d2lnr5mha7bycj.cloudfront.net/product-image/file/large_6577df2d-269e-4f29-ba7d-f3168054b7db.png,general mills,Breakfast,General Mills Cinnamon Toast Crunch Cereal,7,16000122543,unit,1,2026-04-14,2026-04-13
3,"SKIPPY Creamy Peanut Butter, 16.3 OZ",Skippy Mantequilla de Maní Cremosa,"Creamy peanut butter for sandwiches, toast and snacks, 16.3 oz.","Mantequilla de maní cremosa para sándwiches, tostadas y meriendas, 16.3 oz.",419,0,false,16.3,oz,oz,oz,false,,true,true,false,true,1,https://d2lnr5mha7bycj.cloudfront.net/product-image/file/large_7cdc77d7-b284-4471-838e-5561986c588b.jpg,skippy,Nut Butters,SKIPPY Creamy Peanut Butter,5,3760011075,unit,1,2026-04-14,2026-04-13
3,"SKIPPY Creamy Reduced Fat Peanut Butter Spread, 16.3 OZ",Skippy Mantequilla de Maní Cremosa Reducida en Grasa,"Reduced fat creamy peanut butter spread for sandwiches, 16.3 oz.","Mantequilla de maní cremosa reducida en grasa para sándwiches, 16.3 oz.",419,0,false,16.3,oz,oz,oz,false,,true,false,false,true,1,https://d2lnr5mha7bycj.cloudfront.net/product-image/file/large_eb9a6679-5a16-431b-ac01-0fea86f37041.jpg,skippy,Nut Butters,SKIPPY Creamy Reduced Fat Peanut Butter Spread,8,37600105002,unit,1,2026-04-14,2026-04-13
5,Kellogg's Froot Loops Froot Loops Breakfast Cereal Cup,Kellogg's Froot Loops Vaso de Cereal para Desayuno,"Single-serve fruity cereal cup, quick breakfast or snack, 1.5 oz.","Vaso individual de cereal con sabor a frutas, desayuno o merienda rápida, 1.5 oz.",229,0,false,1.5,oz,oz,oz,false,,true,false,false,true,1,https://d2lnr5mha7bycj.cloudfront.net/product-image/file/large_a301064c-7a02-46bc-ad6c-0114aeee0919.jpg,kellogg's froot loops,Breakfast,Kellogg's Froot Loops Froot Loops Breakfast Cereal Cup,19,38000635304,unit,1,2026-04-14,2026-04-13
3,Betty Crocker Bisquick Shake 'n Pour Buttermilk Pancake Mix,Betty Crocker Bisquick Mezcla para Panqueques de Suero de Leche Agítalo y Sírvelo,"Just-add-water buttermilk pancake mix in shake bottle, 5.1 oz.","Mezcla para panqueques de suero de leche, solo añade agua y agita, 5.1 oz.",329,0,false,5.1,oz,oz,oz,false,,true,false,false,true,1,https://d2lnr5mha7bycj.cloudfront.net/product-image/file/large_b0af28c7-7bc0-492a-976d-b963a70e088f.png,betty crocker,Breakfast,Betty Crocker Bisquick Shake 'n Pour Buttermilk Pancake Mix,20,16000194267,unit,1,2026-04-14,2026-04-13
3,"Jif Extra Crunchy Peanut Butter, 16-Ounce Jar",Jif Mantequilla de Maní Extra Crujiente,"Extra crunchy peanut butter with real peanut pieces, 16 oz.","Mantequilla de maní extra crujiente con trocitos de maní real, 16 oz.",449,0,false,16,oz,oz,oz,false,,true,true,false,true,1,https://d2lnr5mha7bycj.cloudfront.net/product-image/file/large_8eb37ac5-ba3f-4a44-9f27-3a87928c8f60.jpg,jif,Nut Butters,"Jif Extra Crunchy Peanut Butter, 16-Ounce Jar",16,51500255377,unit,1,2026-04-14,2026-04-13
3,Betty Crocker Bisquick Shake 'n Pour Buttermilk Pancake Mix,Betty Crocker Bisquick Mezcla para Panqueques de Suero de Leche Agítalo y Sírvelo,"Just-add-water buttermilk pancake mix in shake bottle, 10.6 oz.","Mezcla para panqueques de suero de leche, solo añade agua y agita, 10.6 oz.",499,0,false,10.6,oz,oz,oz,false,,true,false,false,true,1,https://d2lnr5mha7bycj.cloudfront.net/product-image/file/large_e8ae736b-8739-4af2-865e-0d70b1514007.png,betty crocker,Breakfast,Betty Crocker Bisquick Shake 'n Pour Buttermilk Pancake Mix,22,16000194281,unit,1,2026-04-14,2026-04-13
3,"Smucker's Squeeze Strawberry Fruit Spread, 20 Ounces",Smucker's Mermelada de Fresa Exprimible,"Strawberry fruit spread in easy-squeeze bottle for toast, 20 oz.","Mermelada de fresa en envase exprimible para tostadas, 20 oz.",439,0,false,20,oz,oz,oz,false,,true,false,false,true,1,https://d2lnr5mha7bycj.cloudfront.net/product-image/file/large_fd1916e4-7031-4a91-9fc1-505630a3b132.jpg,smucker's,Jams Jellies and Preserves,"Smucker's Squeeze Strawberry Fruit Spread, 20 Ounces",8,51500057223,unit,1,2026-04-14,2026-04-13
3,Peter Pan Creamy Peanut Butter Spread,Peter Pan Mantequilla de Maní Cremosa,"Creamy peanut butter spread for sandwiches and snacks, 16.3 oz.","Mantequilla de maní cremosa para sándwiches y meriendas, 16.3 oz.",499,0,false,16.3,oz,oz,oz,false,,true,true,false,true,1,https://d2lnr5mha7bycj.cloudfront.net/product-image/file/large_51ef2bb1-1298-4896-8433-56fac66e7136.png,peter pan,Nut Butters,Peter Pan Creamy Peanut Butter Spread,21,45300005492,unit,1,2026-04-14,2026-04-13
3,Best Yet Peanut Butter,Best Yet Mantequilla de Maní,"Classic peanut butter for sandwiches and snacks, 16.3 oz.","Mantequilla de maní clásica para sándwiches y meriendas, 16.3 oz.",299,0,false,16.3,oz,oz,oz,false,,true,true,false,true,1,https://d2lnr5mha7bycj.cloudfront.net/product-image/file/large_e791738e-9d06-45aa-b566-5ace045a910f.png,best yet,Nut Butters,Best Yet Peanut Butter,23,42187264974,unit,1,2026-04-14,2026-04-13
5,"Quaker Grits, Quick 5-Minute","Quaker Harina de Maíz Grits, Rápida de 5 Minutos","Quick 5-minute grits for breakfast porridge, 24 oz.","Harina de maíz grits rápida de 5 minutos para desayuno, 24 oz.",399,0,false,24,oz,oz,oz,false,,true,false,false,true,1,https://d2lnr5mha7bycj.cloudfront.net/product-image/file/large_896001ad-993a-428e-acc8-a68e81370407.png,quaker,Breakfast,"Quaker Grits, Quick 5-Minute",30,30000041703,unit,1,2026-04-14,2026-04-13
5,"Polaner Spreadable Fruit, Seedless Strawberry, All Fruit","Polaner Mermelada de Fresa sin Semillas, Todo Fruta","Seedless strawberry fruit spread made with all fruit, 10 oz.","Mermelada de fresa sin semillas hecha solo con fruta, 10 oz.",369,0,false,10,oz,oz,oz,false,,true,false,false,true,1,https://d2lnr5mha7bycj.cloudfront.net/product-image/file/large_88f317af-a206-4955-9f9a-017851ba6681.png,polaner,Jams Jellies and Preserves,"Polaner Spreadable Fruit, Seedless Strawberry, All Fruit",9,72400007323,unit,1,2026-04-14,2026-04-13
3,"Hungry Jack Complete Buttermilk Pancake Mix and Waffle Mix, 32 Oz Box",Hungry Jack Mezcla Completa para Panqueques y Waffles de Suero de Leche,"Complete buttermilk pancake and waffle mix, just add water, 32 oz.","Mezcla completa para panqueques y waffles de suero de leche, solo añade agua, 32 oz.",429,0,false,32,oz,oz,oz,false,,true,false,false,true,1,https://d2lnr5mha7bycj.cloudfront.net/product-image/file/large_a4e43369-c966-4028-8f2b-3eb5e1e6681a.jpg,hungry jack,Breakfast,Hungry Jack Complete Buttermilk Pancake Mix and Waffle Mix Box,34,13300280645,unit,1,2026-04-14,2026-04-13
5,"Kellogg’s Special K Breakfast Cereal Cup, 11 Vitamins and Minerals, Made with Folic Acid, B Vitamins and Iron, Original,  Cup (1 Cup)","Kellogg's Special K Vaso de Cereal para Desayuno, Original","Single-serve Special K cereal cup with vitamins and iron, 1.25 oz.","Vaso individual de cereal Special K con vitaminas y hierro, 1.25 oz.",229,0,false,1.25,oz,oz,oz,false,,true,false,false,true,1,https://d2lnr5mha7bycj.cloudfront.net/product-image/file/large_2f32d7f6-d538-4587-b966-9f6b25e1348a.jpg,kellogg’s special k,Breakfast,"Kellogg’s Special K Breakfast Cereal Cup, 11 Vitamins and Minerals, Made with Folic Acid, B Vitamins and Iron, Original, Cup (1 Cup)",36,38000635502,unit,1,2026-04-14,2026-04-13
5,"Quaker Grits, Old Fashioned",Quaker Harina de Maíz Grits Estilo Tradicional,"Old fashioned grits for creamy breakfast porridge, 24 oz.","Harina de maíz grits estilo tradicional para un desayuno cremoso, 24 oz.",399,0,false,24,oz,oz,oz,false,,true,false,false,true,1,https://d2lnr5mha7bycj.cloudfront.net/product-image/file/large_1d68ba18-411f-43e6-bcf0-41860b81476b.png,quaker,Breakfast,"Quaker Grits, Old Fashioned",54,30000040904,unit,1,2026-04-14,2026-04-13
3,Justin's Almond Butter Maple,Justin's Mantequilla de Almendras con Jarabe de Arce,"Single-serve maple almond butter squeeze pack, on-the-go snack, 1.15 oz.","Paquete individual de mantequilla de almendras con arce, merienda portátil, 1.15 oz.",169,0,false,1.15,oz,oz,oz,false,,true,false,false,true,1,https://d2lnr5mha7bycj.cloudfront.net/product-image/file/large_6f25ebc4-0751-484e-b5a4-2dd4bac59929.png,justin's,Nut Butters,Justin's Almond Butter Maple,27,894455000209,unit,6009,2026-04-14,2026-04-13
3,Peter Pan Honey Roast Creamy Peanut Butter Spread,Peter Pan Mantequilla de Maní Cremosa Tostada con Miel,"Honey roasted creamy peanut butter spread for sandwiches, 16.3 oz.","Mantequilla de maní cremosa tostada con miel para sándwiches, 16.3 oz.",499,0,false,16.3,oz,oz,oz,false,,true,false,false,true,1,https://d2lnr5mha7bycj.cloudfront.net/product-image/file/large_9881612e-e6fa-4df6-a2c0-820dcb0aaeb4.png,peter pan,Nut Butters,Peter Pan Honey Roast Creamy Peanut Butter Spread,28,45300005423,unit,1,2026-04-14,2026-04-13
3,Betty Crocker Bisquick Original Pancake and Baking Mix,Betty Crocker Bisquick Mezcla Original para Panqueques y Repostería,"Original Bisquick mix for pancakes, biscuits and baked goods, 20 oz.","Mezcla original Bisquick para panqueques, galletas y repostería, 20 oz.",399,0,false,20,oz,oz,oz,false,,true,false,false,true,1,https://d2lnr5mha7bycj.cloudfront.net/product-image/file/large_cc8470d2-8ad3-4b3f-b6c7-62fc0ee8789b.png,betty crocker,Breakfast,Betty Crocker Bisquick Original Pancake and Baking Mix,67,16000420601,unit,1,2026-04-14,2026-04-13
3,Polaner Gluten Free Blueberry Spreadable Fruit Blueberry Fruit Spread,Polaner Mermelada de Arándanos sin Gluten,"Gluten free blueberry fruit spread for toast and snacks, 10 oz.","Mermelada de arándanos sin gluten para tostadas y meriendas, 10 oz.",369,0,false,10,oz,oz,oz,false,,true,false,false,true,1,https://d2lnr5mha7bycj.cloudfront.net/product-image/file/large_ccd506fe-d90c-49c2-929d-cda2e249f3aa.png,polaner,Jams Jellies and Preserves,Polaner Gluten Free Blueberry Spreadable Fruit Blueberry Fruit Spread,11,72400007262,unit,1,2026-04-14,2026-04-13
3,Goya Premium Mango Jam,Goya Mermelada Premium de Mango,"Premium mango jam for toast, pastries and glazes, 17 oz.","Mermelada premium de mango para tostadas, repostería y glaseados, 17 oz.",599,0,false,17,oz,oz,oz,false,,true,false,false,true,1,https://d2lnr5mha7bycj.cloudfront.net/product-image/file/large_82acf2a8-cdf7-4063-9817-7d4d26aaa154.png,goya,Jams Jellies and Preserves,Goya Premium Mango Jam,12,41331021050,unit,5600,2026-04-14,2026-04-13
3,"Bob's Red Mill Pancake Mix, Gluten Free",Bob's Red Mill Mezcla para Panqueques sin Gluten,"Gluten free pancake mix for fluffy breakfast pancakes, 24 oz.","Mezcla para panqueques sin gluten para un desayuno esponjoso, 24 oz.",749,0,false,24,oz,oz,oz,false,,true,false,false,true,1,https://d2lnr5mha7bycj.cloudfront.net/product-image/file/large_615654f9-ae5b-42b0-ab3c-7521d4972963.png,bob's red mill,Breakfast,"Bob's Red Mill Pancake Mix, Gluten Free",77,39978114624,unit,6009,2026-04-14,2026-04-13
3,"Hungry Jack Complete Extra Light and Fluffy Pancake Mix and Waffle Mix, 32 Oz Box",Hungry Jack Mezcla Completa Extra Ligera y Esponjosa para Panqueques y Waffles,"Complete extra light pancake and waffle mix, just add water, 32 oz.","Mezcla completa extra ligera para panqueques y waffles, solo añade agua, 32 oz.",429,0,false,32,oz,oz,oz,false,,true,false,false,true,1,https://d2lnr5mha7bycj.cloudfront.net/product-image/file/large_9dd5b64e-8f6b-4769-b0c3-6fb3bce60312.jpg,hungry jack,Breakfast,Hungry Jack Complete Extra Light and Fluffy Pancake Mix and Waffle Mix Box,79,13300280676,unit,1,2026-04-14,2026-04-13
3,Smucker's Sweet Orange Marmalade,Smucker's Mermelada Dulce de Naranja,"Sweet orange marmalade for toast and breakfast pastries, 12 oz.","Mermelada dulce de naranja para tostadas y repostería, 12 oz.",349,0,false,12,oz,oz,oz,false,,true,false,false,true,1,https://d2lnr5mha7bycj.cloudfront.net/product-image/file/large_13c3640a-dc6d-464a-9273-ad0e694f5e66.jpg,smucker's,Jams Jellies and Preserves,Smucker's Sweet Orange Marmalade,13,51500000847,unit,1,2026-04-14,2026-04-13
3,King Arthur Baking Company Gluten Free Pancake Mix,King Arthur Baking Company Mezcla para Panqueques sin Gluten,"Gluten free pancake mix for light, fluffy pancakes, 15 oz.","Mezcla para panqueques sin gluten para panqueques ligeros y esponjosos, 15 oz.",599,0,false,15,oz,oz,oz,false,,true,false,false,true,1,https://d2lnr5mha7bycj.cloudfront.net/product-image/file/large_a6d0f68a-cd70-4792-b68a-40c8b830aa03.png,king arthur baking company,Breakfast,King Arthur Baking Company Gluten Free Pancake Mix,86,71012075034,unit,6009,2026-04-14,2026-04-13
3,"Justin's Classic Almond Butter, 1.15 OZ",Justin's Mantequilla de Almendras Clásica,"Single-serve classic almond butter squeeze pack, on-the-go snack, 1.15 oz.","Paquete individual de mantequilla de almendras clásica, merienda portátil, 1.15 oz.",169,0,false,1.15,oz,oz,oz,false,,true,false,false,true,1,https://d2lnr5mha7bycj.cloudfront.net/product-image/file/large_a230bd20-c24b-4590-9426-a66cf502657a.jpg,justin's,Nut Butters,Justin's Classic Almond Butter,35,894455000186,unit,6009,2026-04-14,2026-04-13
5,Welch's Natural Concord Grape Spread,Welch's Mermelada Natural de Uva Concord,"Natural Concord grape spread for PB&J and toast, 18 oz.","Mermelada natural de uva Concord para sándwiches y tostadas, 18 oz.",459,0,false,18,oz,oz,oz,false,,true,false,false,true,1,https://d2lnr5mha7bycj.cloudfront.net/product-image/file/large_952a1365-770f-4028-b9c0-7dddfa543253.jpg,welch's,Jams Jellies and Preserves,Welch's Natural Concord Grape Spread,19,41800501694,unit,1,2026-04-14,2026-04-13
5,"Kellogg's Corn Pops Cold Breakfast Cereal Cup, 8 Vitamins and Minerals, Single Serve, Original,  Cup (1 Cup)","Kellogg's Corn Pops Vaso Individual de Cereal para Desayuno, Original","Single-serve Corn Pops cereal cup with vitamins and minerals, 1.5 oz.","Vaso individual de cereal Corn Pops con vitaminas y minerales, 1.5 oz.",229,0,false,1.5,oz,oz,oz,false,,true,false,false,true,1,https://d2lnr5mha7bycj.cloudfront.net/product-image/file/large_956a5f59-e14a-4c4f-b982-1bccd9e774ef.jpg,kellogg's corn pops,Breakfast,"Kellogg's Corn Pops Cold Breakfast Cereal Cup, 8 Vitamins and Minerals, Single Serve, Original, Cup (1 Cup)",102,38000635601,unit,1,2026-04-14,2026-04-13
3,Welch's Concord Grape Jelly,Welch's Jalea de Uva Concord,"Classic Concord grape jelly for PB&J sandwiches, 20 oz.","Jalea clásica de uva Concord para sándwiches con mantequilla de maní, 20 oz.",499,0,false,20,oz,oz,oz,false,,true,false,false,true,1,https://d2lnr5mha7bycj.cloudfront.net/product-image/file/large_ba599102-e059-4d5d-9f7a-8d9ae61a2d5a.jpg,welch's,Jams Jellies and Preserves,Welch's Concord Grape Jelly,25,41800000197,unit,1,2026-04-14,2026-04-13
3,Smucker's Pineapple Preserves,Smucker's Conserva de Piña,"Sweet pineapple preserves for toast and pastries, 12 oz.","Conserva dulce de piña para tostadas y repostería, 12 oz.",349,0,false,12,oz,oz,oz,false,,true,false,false,true,1,https://d2lnr5mha7bycj.cloudfront.net/product-image/file/large_e92ca9ab-0a04-4a64-b584-7abf3f44fde8.jpg,smucker's,Jams Jellies and Preserves,Smucker's Pineapple Preserves,26,51500000878,unit,1,2026-04-14,2026-04-13
5,Foodtown Corn Flakes Cereal,Foodtown Cereal Hojuelas de Maíz,"Classic corn flakes cereal for an easy breakfast, 18 oz.","Cereal clásico de hojuelas de maíz para un desayuno fácil, 18 oz.",399,0,false,18,oz,oz,oz,false,,true,true,false,true,1,https://d2lnr5mha7bycj.cloudfront.net/product-image/file/large_d46df6d0-0c5f-4a9c-84c9-3336988d1d9f.png,foodtown,Breakfast,Foodtown Corn Flakes Cereal,134,11153040621,unit,1,2026-04-14,2026-04-13
5,Foodtown Old Fashioned Oats,Foodtown Avena Tradicional,"Old fashioned rolled oats for hot cereal, baking and oatmeal, 18 oz.","Avena tradicional en hojuelas para avena caliente, repostería y oatmeal, 18 oz.",289,0,false,18,oz,oz,oz,false,,true,false,false,true,1,https://d2lnr5mha7bycj.cloudfront.net/product-image/file/large_52cb2405-b342-438f-bc00-9a680d8d57a7.png,foodtown,Breakfast,Foodtown Old Fashioned Oats,140,11153041079,unit,1,2026-04-14,2026-04-13
5,Best Yet Toasted Quick Oatmeal,Best Yet Avena Tostada Rápida,"Quick-cooking toasted oatmeal ready in minutes, 18 oz.","Avena tostada de cocción rápida, lista en minutos, 18 oz.",169,0,false,18,oz,oz,oz,false,,true,false,false,true,1,https://d2lnr5mha7bycj.cloudfront.net/product-image/file/large_0ab9d10c-2522-4477-b937-dcb20b76f5cd.png,best yet,Breakfast,Best Yet Toasted Quick Oatmeal,153,42187408873,unit,1,2026-04-14,2026-04-13
5,Goya Instant Oats,Goya Avena Instantánea,"Instant oats, perfect for avena caliente and desserts, 32 oz.","Avena instantánea, perfecta para avena caliente y postres, 32 oz.",499,0,false,32,oz,oz,oz,true,399,true,false,false,true,1,https://d2lnr5mha7bycj.cloudfront.net/product-image/file/large_83f1719c-58f3-4de8-b6b2-dbcc018066dc.jpg,goya,Breakfast,Goya Instant Oats,159,41331050340,unit,5600,2026-04-14,2026-04-13
3,Best Yet Creamy Peanut Butter,Best Yet Mantequilla de Maní Cremosa,"Classic creamy peanut butter for sandwiches and snacks, 12 oz.","Mantequilla de maní cremosa clásica para sándwiches y meriendas, 12 oz.",289,0,false,12,oz,oz,oz,false,,true,false,false,true,1,https://d2lnr5mha7bycj.cloudfront.net/product-image/file/large_b2cc346a-0e28-415e-a335-07faadba1a8c.png,best yet,Nut Butters,Best Yet Creamy Peanut Butter,45,42187206912,unit,1,2026-04-14,2026-04-13
3,Best Yet Strawberry Preserves,Best Yet Conserva de Fresa,"Classic strawberry preserves for toast and pastries, 18 oz.","Conserva clásica de fresa para tostadas y repostería, 18 oz.",339,0,false,18,oz,oz,oz,false,,true,false,false,true,1,https://d2lnr5mha7bycj.cloudfront.net/product-image/file/large_d724b550-32cb-4644-946e-ff36d03b9258.png,best yet,Jams Jellies and Preserves,Best Yet Strawberry Preserves,50,42187404660,unit,1,2026-04-14,2026-04-13
3,"Hungry Jack Original Pancake Mix and Waffle Mix, 32 Oz Box",Hungry Jack Mezcla Original para Panqueques y Waffles,"Original pancake and waffle mix for fluffy breakfasts, 32 oz.","Mezcla original para panqueques y waffles, desayunos esponjosos, 32 oz.",429,0,false,32,oz,oz,oz,false,,true,false,false,true,1,https://d2lnr5mha7bycj.cloudfront.net/product-image/file/large_fe0aecc5-3903-4eb6-9c9a-b05e96f54813.jpg,hungry jack,Breakfast,Hungry Jack Original Pancake Mix and Waffle Mix Box,167,13300280638,unit,1,2026-04-14,2026-04-13
3,Goya Premium Guava Jelly,Goya Jalea Premium de Guayaba,"Premium guava jelly, perfect with cream cheese and crackers, 17 oz.","Jalea premium de guayaba, perfecta con queso crema y galletas, 17 oz.",599,0,false,17,oz,oz,oz,false,,true,false,false,true,1,https://d2lnr5mha7bycj.cloudfront.net/product-image/file/large_a3946d0a-6b8b-4e2d-a9d7-ca5f2aec43d1.jpg,goya,Jams Jellies and Preserves,Goya Premium Guava Jelly,53,41331021012,unit,5600,2026-04-14,2026-04-13
3,Manischewitz Potato Pancake Mix,Manischewitz Mezcla para Panqueques de Papa,"Potato pancake (latke) mix, just add water and egg, 6 oz.","Mezcla para panqueques de papa (latkes), solo añade agua y huevo, 6 oz.",499,0,false,6,oz,oz,oz,true,349,true,false,false,true,1,https://d2lnr5mha7bycj.cloudfront.net/product-image/file/large_b46a894e-aac1-4c1e-9320-0de3ba823177.jpg,manischewitz,Breakfast,Manischewitz Potato Pancake Mix,170,72700000642,unit,6017,2026-04-14,2026-04-13
3,Welch's Concord Grape Jelly,Welch's Jalea de Uva Concord,"Classic Concord grape jelly for PB&J sandwiches, 18 oz.","Jalea clásica de uva Concord para sándwiches con mantequilla de maní, 18 oz.",369,0,false,18,oz,oz,oz,false,,true,false,false,true,1,https://d2lnr5mha7bycj.cloudfront.net/product-image/file/large_bbb35a54-7070-4a5e-a676-93f627be350b.jpg,welch's,Jams Jellies and Preserves,Welch's Concord Grape Jelly,54,41800000432,unit,1,2026-04-14,2026-04-13
5,"Kellogg's Crispix Breakfast Cereal, 8 Vitamins and Minerals, Try in Snack Mix, Original,  Box (1 Box)","Kellogg's Crispix Cereal para Desayuno, Original","Crispy rice and corn cereal with vitamins and minerals, 9.6 oz.","Cereal crujiente de arroz y maíz con vitaminas y minerales, 9.6 oz.",599,0,false,9.6,oz,oz,oz,false,,true,false,false,true,1,https://d2lnr5mha7bycj.cloudfront.net/product-image/file/large_177939f9-1e43-41a3-87af-26940c372295.jpg,kellogg's crispix,Breakfast,"Kellogg's Crispix Breakfast Cereal, 8 Vitamins and Minerals, Try in Snack Mix, Original, Box (1 Box)",178,38000269837,unit,1,2026-04-14,2026-04-13
3,Best Yet Complete Pancake Mix,Best Yet Mezcla Completa para Panqueques,"Complete pancake mix, just add water for fluffy pancakes, 32 oz.","Mezcla completa para panqueques, solo añade agua, 32 oz.",349,0,false,32,oz,oz,oz,false,,true,false,false,true,1,https://d2lnr5mha7bycj.cloudfront.net/product-image/file/large_551c0139-244a-4faf-8246-321a3aac9b5e.png,best yet,Breakfast,Best Yet Complete Pancake Mix,182,42187407142,unit,1,2026-04-14,2026-04-13
5,Best Yet Corn Flakes Cereal,Best Yet Cereal Hojuelas de Maíz,"Classic corn flakes cereal for a simple breakfast, 18 oz.","Cereal clásico de hojuelas de maíz para un desayuno sencillo, 18 oz.",299,0,false,18,oz,oz,oz,false,,true,false,false,true,1,https://d2lnr5mha7bycj.cloudfront.net/product-image/file/large_b39da0e8-a9ea-453d-8f19-7f7d350e4859.png,best yet,Breakfast,Best Yet Corn Flakes Cereal,190,42187408903,unit,1,2026-04-14,2026-04-13
5,"Kellogg's Cocoa Krispies Breakfast Cereal, Kids Snacks, Family Breakfast, Chocolatey Flavor,  Box (1 Box)","Kellogg's Cocoa Krispies Cereal para Desayuno, Sabor Chocolate","Chocolatey rice cereal, a favorite for kids' breakfast, 12.6 oz.","Cereal de arroz sabor chocolate, favorito de los niños para el desayuno, 12.6 oz.",599,0,false,12.6,oz,oz,oz,false,,true,false,false,true,1,https://d2lnr5mha7bycj.cloudfront.net/product-image/file/large_3f7a5c76-e60a-4de8-aa1a-1bf7e310467a.jpg,kellogg's cocoa krispies,Breakfast,"Kellogg's Cocoa Krispies Breakfast Cereal, Kids Snacks, Family Breakfast, Chocolatey Flavor, Box (1 Box)",209,38000270888,unit,1,2026-04-14,2026-04-13
3,Best Yet Grape Jelly,Best Yet Jalea de Uva,"Classic grape jelly for PB&J sandwiches and toast, 18 oz.","Jalea clásica de uva para sándwiches con mantequilla de maní y tostadas, 18 oz.",279,0,false,18,oz,oz,oz,false,,true,false,false,true,1,https://d2lnr5mha7bycj.cloudfront.net/product-image/file/large_30b44b07-1183-4ff0-bf11-aa965bcf98c0.png,best yet,Jams Jellies and Preserves,Best Yet Grape Jelly,59,42187404608,unit,1,2026-04-14,2026-04-13
3,Foodtown Concord Grape Jelly,Foodtown Jalea de Uva Concord,"Concord grape jelly for sandwiches, toast and pastries, 18 oz.","Jalea de uva Concord para sándwiches, tostadas y repostería, 18 oz.",239,0,false,18,oz,oz,oz,true,199,true,false,false,true,1,https://d2lnr5mha7bycj.cloudfront.net/product-image/file/large_80b389a7-36b7-4daf-a57f-22aac36e8c19.png,foodtown,Jams Jellies and Preserves,Foodtown Concord Grape Jelly,61,11153147139,unit,1,2026-04-14,2026-04-13
3,FoodTown Grape Jelly,Foodtown Jalea de Uva,"Family size grape jelly for sandwiches and toast, 32 oz.","Jalea de uva tamaño familiar para sándwiches y tostadas, 32 oz.",349,0,false,32,oz,oz,oz,true,299,true,false,false,true,1,https://d2lnr5mha7bycj.cloudfront.net/product-image/file/large_3c6b4fa1-8b3c-4df3-93dd-870727efc631.png,foodtown,Jams Jellies and Preserves,FoodTown Grape Jelly,63,11153147191,unit,1,2026-04-14,2026-04-13
5,Kellogg's Frosted Flakes Breakfast Cereal,Kellogg's Frosted Flakes Cereal para Desayuno,"Sugar frosted corn flakes, a classic family cereal, 12 oz.","Hojuelas de maíz escarchadas con azúcar, cereal familiar clásico, 12 oz.",599,0,false,12,oz,oz,oz,false,,true,false,false,true,1,https://d2lnr5mha7bycj.cloudfront.net/product-image/file/large_06cf1b2a-4f05-4e43-8a15-a78b2eb844bc.jpg,kellogg's,Breakfast,Kellogg's Frosted Flakes Breakfast Cereal,235,41192100437,unit,1,2026-04-14,2026-04-13
5,"Kellogg's Apple Jacks Breakfast Cereal, Kids Cereal, Family Breakfast, Original,  Box (1 Box)","Kellogg's Apple Jacks Cereal para Desayuno, Original","Apple cinnamon flavored cereal kids love for breakfast, 8.9 oz.","Cereal sabor manzana y canela que les encanta a los niños, 8.9 oz.",599,0,false,8.9,oz,oz,oz,false,,true,false,false,true,1,https://d2lnr5mha7bycj.cloudfront.net/product-image/file/large_f74049f9-72a4-4e8e-a1ad-c7fbbf8f5fc2.jpg,kellogg's apple jacks,Breakfast,"Kellogg's Apple Jacks Breakfast Cereal, Kids Cereal, Family Breakfast, Original, Box (1 Box)",237,41192100376,unit,1,2026-04-14,2026-04-13
6,Jiffy® Corn Muffin Mix,Jiffy Mezcla para Muffins de Maíz,"Easy corn muffin mix for sweet cornbread in minutes, 8.5 oz.","Mezcla fácil para muffins de maíz, pan de maíz dulce en minutos, 8.5 oz.",99,0,false,8.5,oz,oz,oz,false,,true,false,false,true,1,https://d2lnr5mha7bycj.cloudfront.net/product-image/file/large_e6367098-d704-468f-9063-681dc8436e0b.jpeg,jiffy®,Baking and Cooking,Jiffy® Corn Muffin Mix,22,72486002205,unit,1,2026-04-14,2026-04-13
3,Arm & Hammer Pure Baking Soda,Arm & Hammer Bicarbonato de Sodio Puro,"Pure baking soda for baking, cleaning and deodorizing, 16 oz.","Bicarbonato de sodio puro para hornear, limpiar y desodorizar, 16 oz.",149,0,false,16,oz,oz,oz,false,,true,false,false,true,1,https://d2lnr5mha7bycj.cloudfront.net/product-image/file/large_f9a3fdab-bde1-443f-92fc-a63250ee5594.jpg,arm & hammer,Baking and Cooking,Arm & Hammer Pure Baking Soda,23,33200011101,unit,1,2026-04-14,2026-04-13
3,"Goya Fine Yellow Corn Meal, Enriched","Goya Harina de Maíz Amarillo Fina, Enriquecida","Fine enriched yellow corn meal for arepas, cornbread and frituras, 24 oz.","Harina de maíz amarillo fina enriquecida para arepas, pan de maíz y frituras, 24 oz.",249,0,false,24,oz,oz,oz,true,199,true,false,false,true,1,https://d2lnr5mha7bycj.cloudfront.net/product-image/file/large_973287a2-77af-481c-82f6-d8e9de14eadd.jpg,goya,Baking and Cooking,"Goya Fine Yellow Corn Meal, Enriched",24,41331051002,unit,5600,2026-04-14,2026-04-13
3,Carnation Evaporated Milk Vitamin D,Carnation Leche Evaporada con Vitamina D,"Canned evaporated milk for coffee, desserts and recipes, 12 fl oz.","Leche evaporada enlatada para café, postres y recetas, 12 fl oz.",289,0,false,12,fl oz,fl oz,fl oz,false,,true,true,false,true,1,https://d2lnr5mha7bycj.cloudfront.net/product-image/file/large_95612212-4605-48c1-84a8-8dc2295e8de7.jpg,carnation,Baking and Cooking,Carnation Evaporated Milk Vitamin D,33,5000001011,unit,1,2026-04-14,2026-04-13
3,"Eagle Brand Condensed Milk, Sweetened",Eagle Brand Leche Condensada Azucarada,"Sweetened condensed milk for flan, tres leches and desserts, 14 oz.","Leche condensada azucarada para flan, tres leches y postres, 14 oz.",449,0,false,14,oz,oz,oz,false,,true,false,false,true,1,https://d2lnr5mha7bycj.cloudfront.net/product-image/file/large_0bd345f8-71d8-4d4b-aaa7-1b53dba67f64.png,eagle brand,Baking and Cooking,"Eagle Brand Condensed Milk, Sweetened",35,652729101133,unit,1,2026-04-14,2026-04-13
3,Arm & Hammer Pure Baking Soda,Arm & Hammer Bicarbonato de Sodio Puro,"Pure baking soda for baking, cleaning and deodorizing, 8 oz.","Bicarbonato de sodio puro para hornear, limpiar y desodorizar, 8 oz.",89,0,false,8,oz,oz,oz,false,,true,false,false,true,1,https://d2lnr5mha7bycj.cloudfront.net/product-image/file/large_977fa167-f649-4322-b36c-e656f4c8817c.jpg,arm & hammer,Baking and Cooking,Arm & Hammer Pure Baking Soda,37,33200011309,unit,1,2026-04-14,2026-04-13
3,"Pillsbury Chocolate Fudge Brownie Mix, 18.4 oz Box",Pillsbury Mezcla para Brownies de Chocolate Fudge,"Chocolate fudge brownie mix for rich, chewy brownies, 18.4 oz.","Mezcla para brownies de chocolate fudge, ricos y masticables, 18.4 oz.",299,0,false,18.4,oz,oz,oz,false,,true,false,false,true,1,https://d2lnr5mha7bycj.cloudfront.net/product-image/file/large_7f2348ec-b5e3-46a3-b304-6b8744588ef1.jpg,pillsbury,Baking and Cooking,Pillsbury Chocolate Fudge Brownie Mix Box,46,13300555385,unit,1,2026-04-14,2026-04-13
3,"GHIRARDELLI Ultimate Chocolate Premium Brownie Mix, Includes Chocolate Syrup and Chips",Ghirardelli Mezcla Premium para Brownies Ultimate Chocolate,"Premium chocolate brownie mix with syrup and chips included, 19 oz.","Mezcla premium para brownies de chocolate con jarabe y chispas incluidos, 19 oz.",499,0,false,19,oz,oz,oz,false,,true,false,false,true,1,https://d2lnr5mha7bycj.cloudfront.net/product-image/file/large_09a84b79-7097-4f5c-976d-e4dec64f7c83.png,ghirardelli,Baking and Cooking,"GHIRARDELLI Ultimate Chocolate Premium Brownie Mix, Includes Chocolate Syrup and Chips",55,41449302706,unit,1,2026-04-14,2026-04-13
3,Argo Corn Starch,Argo Maicena,"Corn starch for thickening sauces, gravies and desserts, 16 oz.","Maicena para espesar salsas, gravies y postres, 16 oz.",269,0,false,16,oz,oz,oz,false,,true,false,false,true,1,https://d2lnr5mha7bycj.cloudfront.net/product-image/file/large_607bb2d2-e8e1-4634-a067-b232a2db904c.png,argo,Baking and Cooking,Argo Corn Starch,56,761720071045,unit,1,2026-04-14,2026-04-13
3,"GHIRARDELLI Chocolate Supreme Premium Brownie Mix, Includes Chocolate Syrup",Ghirardelli Mezcla Premium para Brownies Chocolate Supreme,"Premium chocolate brownie mix with chocolate syrup included, 18.75 oz.","Mezcla premium para brownies de chocolate con jarabe de chocolate incluido, 18.75 oz.",499,0,false,18.75,oz,oz,oz,false,,true,false,false,true,1,https://d2lnr5mha7bycj.cloudfront.net/product-image/file/large_e7690efe-8acb-4879-a14a-efe5e21dc14c.png,ghirardelli,Baking and Cooking,"GHIRARDELLI Chocolate Supreme Premium Brownie Mix, Includes Chocolate Syrup",67,41449302546,unit,1,2026-04-14,2026-04-13
3,"Argo Baking Powder, Double Acting",Argo Polvo de Hornear Doble Acción,"Double acting baking powder for cakes, biscuits and breads, 12 oz.","Polvo de hornear doble acción para bizcochos, galletas y panes, 12 oz.",279,0,false,12,oz,oz,oz,false,,true,false,false,true,1,https://d2lnr5mha7bycj.cloudfront.net/product-image/file/large_0a0bdad0-886c-4b69-8441-79161a157e80.png,argo,Baking and Cooking,"Argo Baking Powder, Double Acting",86,761720988183,unit,1,2026-04-14,2026-04-13
3,Nestlé NESQUIK Chocolate Syrup For Milk Or Ice Cream,Nestlé Nesquik Jarabe de Chocolate para Leche o Helado,"Chocolate syrup for flavoring milk, ice cream and desserts, 22 oz.","Jarabe de chocolate para dar sabor a leche, helado y postres, 22 oz.",549,0,false,22,oz,oz,oz,false,,true,false,false,true,1,https://d2lnr5mha7bycj.cloudfront.net/product-image/file/large_92816da4-9f03-4a85-99ff-b0c5ebefb504.png,nestlé nesquik,Baking and Cooking,Nestlé NESQUIK Chocolate Syrup For Milk Or Ice Cream,95,28000245009,unit,1,2026-04-14,2026-04-13
3,Gold Medal All Purpose Flour,Gold Medal Harina de Uso General,"All purpose flour for baking bread, cakes and cookies, 2 lb.","Harina de uso general para hornear panes, bizcochos y galletas, 2 lb.",399,0,false,2,lb,lb,lb,false,,true,false,false,true,1,https://d2lnr5mha7bycj.cloudfront.net/product-image/file/large_f5f6e495-ccd3-4527-90f5-b6cc89ae56c4.png,gold medal,Baking and Cooking,Gold Medal All Purpose Flour,96,16000107106,unit,1,2026-04-14,2026-04-13
3,"P.A.N. Corn Meal, Pre-Cooked, White",P.A.N. Harina de Maíz Blanco Precocida,"Pre-cooked white corn meal for arepas, tamales and empanadas, 5 lb.","Harina de maíz blanco precocida para arepas, tamales y empanadas, 5 lb.",899,0,false,5,lb,lb,lb,false,,true,false,false,true,1,https://d2lnr5mha7bycj.cloudfront.net/product-image/file/large_b230c1c8-f118-402a-a6c7-7ea58178e207.png,p.a.n.,Baking and Cooking,"P.A.N. Corn Meal, Pre-Cooked, White",102,854675005002,unit,1,2026-04-14,2026-04-13
3,"Pillsbury Moist Supreme Strawberry Cake Mix, 15.25 oz Box",Pillsbury Mezcla para Bizcocho de Fresa Moist Supreme,"Strawberry cake mix for moist, fluffy cakes and cupcakes, 15.25 oz.","Mezcla para bizcocho de fresa húmedo y esponjoso, ideal para cupcakes, 15.25 oz.",299,0,false,15.25,oz,oz,oz,false,,true,false,false,true,1,https://d2lnr5mha7bycj.cloudfront.net/product-image/file/large_da50b012-0d7b-40fb-bd2a-6f379e185a2f.jpg,pillsbury,Baking and Cooking,Pillsbury Moist Supreme Strawberry Cake Mix Box,106,13300600283,unit,1,2026-04-14,2026-04-13
3,Gold Medal All Purpose Flour,Gold Medal Harina de Uso General,"All purpose flour for baking bread, cakes and cookies, 5 lb.","Harina de uso general para hornear panes, bizcochos y galletas, 5 lb.",599,0,false,5,lb,lb,lb,false,,true,false,false,true,1,https://d2lnr5mha7bycj.cloudfront.net/product-image/file/large_0dcdb2d7-fa99-4b75-a564-9d1bbe04fafe.png,gold medal,Baking and Cooking,Gold Medal All Purpose Flour,129,16000106109,unit,1,2026-04-14,2026-04-13
3,"GHIRARDELLI Dark Chocolate Premium Brownie Mix, Includes Chocolate Chips",Ghirardelli Mezcla Premium para Brownies de Chocolate Oscuro,"Premium dark chocolate brownie mix with chocolate chips, 20 oz.","Mezcla premium para brownies de chocolate oscuro con chispas de chocolate, 20 oz.",499,0,false,20,oz,oz,oz,false,,true,false,false,true,1,https://d2lnr5mha7bycj.cloudfront.net/product-image/file/large_711d31bd-5535-4ba1-8c5d-6a55165bf21a.png,ghirardelli,Baking and Cooking,"GHIRARDELLI Dark Chocolate Premium Brownie Mix, Includes Chocolate Chips",132,41449301976,unit,1,2026-04-14,2026-04-13
3,"Pillsbury Milk Chocolate Brownie Mix, 18.4 Oz Box",Pillsbury Mezcla para Brownies de Chocolate con Leche,"Milk chocolate brownie mix for soft, rich brownies, 18.4 oz.","Mezcla para brownies de chocolate con leche, suaves y ricos, 18.4 oz.",299,0,false,18.4,oz,oz,oz,false,,true,false,false,true,1,https://d2lnr5mha7bycj.cloudfront.net/product-image/file/large_3f5c5a3b-af03-4e2f-b2f2-09b219fb930c.jpg,pillsbury,Baking and Cooking,Pillsbury Milk Chocolate Brownie Mix Box,134,13300555392,unit,1,2026-04-14,2026-04-13
3,Carnation Evaporated Lowfat Milk,Carnation Leche Evaporada Baja en Grasa,"Lowfat evaporated milk for coffee, recipes and desserts, 12 fl oz.","Leche evaporada baja en grasa para café, recetas y postres, 12 fl oz.",289,0,false,12,fl oz,fl oz,fl oz,false,,true,false,false,true,1,https://d2lnr5mha7bycj.cloudfront.net/product-image/file/large_a1b5c7f3-db99-4a9f-bd27-bad59c044610.jpg,carnation,Baking and Cooking,Carnation Evaporated Lowfat Milk,140,5000015991,unit,1,2026-04-14,2026-04-13
3,"P.a.n. Precooked Corn Meal, White",P.A.N. Harina de Maíz Blanco Precocida,"Pre-cooked white corn meal for arepas and empanadas, 35.27 oz.","Harina de maíz blanco precocida para arepas y empanadas, 35.27 oz.",379,0,false,35.27,oz,oz,oz,false,,true,false,false,true,1,https://d2lnr5mha7bycj.cloudfront.net/product-image/file/large_127ef4e5-5c29-43b1-83bb-660267cc5689.png,p.a.n.,Baking and Cooking,"P.a.n. Precooked Corn Meal, White",152,739907000010,unit,1,2026-04-14,2026-04-13
3,Domino Premium Pure Cane Granulated Sugar,Domino Azúcar Granulada Pura de Caña Premium,"Premium pure cane granulated sugar for baking and coffee, 1 lb.","Azúcar granulada pura de caña premium para hornear y café, 1 lb.",189,0,false,1,lb,lb,lb,false,,true,false,false,true,1,https://d2lnr5mha7bycj.cloudfront.net/product-image/file/large_4497ed1c-21da-417b-b4e2-b69e5f29e7b0.png,domino,Baking and Cooking,Domino Premium Pure Cane Granulated Sugar,159,49200042014,unit,1,2026-04-14,2026-04-13
3,Duncan Hines Perfectly Moist Devil's Food Cake Mix,Duncan Hines Mezcla para Bizcocho Devil's Food Perfectamente Húmedo,"Moist devil's food cake mix for rich chocolate cakes, 15.25 oz.","Mezcla húmeda para bizcocho devil's food, bizcocho de chocolate intenso, 15.25 oz.",359,0,false,15.25,oz,oz,oz,false,,true,false,false,true,1,https://d2lnr5mha7bycj.cloudfront.net/product-image/file/large_a09c9b26-4430-4bd1-a1f5-1bfb9cdec415.jpg,duncan hines,Baking and Cooking,Duncan Hines Perfectly Moist Devil's Food Cake Mix,167,644209307579,unit,1,2026-04-14,2026-04-13
3,Gold Medal Wondra Quick Mixing All Purpose Flour,Gold Medal Harina de Uso General de Mezcla Rápida Wondra,"Quick mixing all purpose flour for smooth gravies and sauces, 13.5 oz.","Harina de uso general de mezcla rápida para salsas y gravies suaves, 13.5 oz.",599,0,false,13.5,oz,oz,oz,false,,true,false,false,true,1,https://d2lnr5mha7bycj.cloudfront.net/product-image/file/large_44cadfb7-b898-47ed-a283-0c488b27db41.png,gold medal,Baking and Cooking,Gold Medal Wondra Quick Mixing All Purpose Flour,174,16000189805,unit,1,2026-04-14,2026-04-13
6,Jiffy® Vegetarian Corn Muffin Mix,Jiffy Mezcla Vegetariana para Muffins de Maíz,"Vegetarian corn muffin mix for sweet cornbread, 8.5 oz.","Mezcla vegetariana para muffins de maíz, pan de maíz dulce, 8.5 oz.",99,0,false,8.5,oz,oz,oz,false,,true,false,false,true,1,https://d2lnr5mha7bycj.cloudfront.net/product-image/file/large_95770830-33c6-4ada-ba7d-ff52108ce8e1.jpeg,jiffy®,Baking and Cooking,Jiffy® Vegetarian Corn Muffin Mix,185,72486010040,unit,1,2026-04-14,2026-04-13
3,Duncan Hines Perfectly Moist Classic Yellow Cake Mix,Duncan Hines Mezcla Clásica para Bizcocho Amarillo Perfectamente Húmedo,"Moist classic yellow cake mix for cakes and cupcakes, 15.25 oz.","Mezcla clásica húmeda para bizcocho amarillo y cupcakes, 15.25 oz.",359,0,false,15.25,oz,oz,oz,false,,true,false,false,true,1,https://d2lnr5mha7bycj.cloudfront.net/product-image/file/large_766ad339-4185-4237-bc08-1ed80587f554.jpg,duncan hines,Baking and Cooking,Duncan Hines Perfectly Moist Classic Yellow Cake Mix,186,644209307494,unit,1,2026-04-14,2026-04-13
3,Duncan Hines Perfectly Moist Butter Golden Cake Mix,Duncan Hines Mezcla para Bizcocho Dorado con Mantequilla Perfectamente Húmedo,"Moist butter golden cake mix for rich, tender cakes, 15.25 oz.","Mezcla húmeda para bizcocho dorado con mantequilla, rica y tierna, 15.25 oz.",359,0,false,15.25,oz,oz,oz,false,,true,false,false,true,1,https://d2lnr5mha7bycj.cloudfront.net/product-image/file/large_c38f789b-2c00-46d6-a013-79af4d845098.jpg,duncan hines,Baking and Cooking,Duncan Hines Perfectly Moist Butter Golden Cake Mix,187,644209307593,unit,1,2026-04-14,2026-04-13
3,Davis Baking Powder Double Acting,Davis Polvo de Hornear Doble Acción,"Double acting baking powder for cakes and baked goods, 8.1 oz.","Polvo de hornear doble acción para bizcochos y repostería, 8.1 oz.",459,0,false,8.1,oz,oz,oz,false,,true,false,false,true,1,https://d2lnr5mha7bycj.cloudfront.net/product-image/file/large_45256946-6412-431f-9c84-7f0d19346423.png,davis,Baking and Cooking,Davis Baking Powder Double Acting,194,19900338021,unit,1,2026-04-14,2026-04-13
3,Jell-O Zero Sugar Chocolate Fudge Instant Pudding & Pie Filling,Jell-O Pudín Instantáneo y Relleno de Tarta Sabor Chocolate Fudge sin Azúcar,"Sugar-free chocolate fudge instant pudding and pie filling mix, 1.4 oz.","Pudín instantáneo y relleno de tarta sabor chocolate fudge sin azúcar, 1.4 oz.",189,0,false,1.4,oz,oz,oz,false,,true,false,false,true,1,https://d2lnr5mha7bycj.cloudfront.net/product-image/file/large_d21362d2-7018-44ac-a2ca-d3c1fa97a350.jpg,jell-o,Baking and Cooking,Jell-O Zero Sugar Chocolate Fudge Instant Pudding & Pie Filling,201,43000205563,unit,1,2026-04-14,2026-04-13
3,Smucker's Pineapple Topping,Smucker's Topping de Piña,"Pineapple topping for ice cream, desserts and pancakes, 12 oz.","Topping de piña para helado, postres y panqueques, 12 oz.",359,0,false,12,oz,oz,oz,false,,true,false,false,true,1,https://d2lnr5mha7bycj.cloudfront.net/product-image/file/large_9500550b-ada2-4ab5-be13-0aed9d1e39e6.jpg,smucker's,Baking and Cooking,Smucker's Pineapple Topping,233,51500000250,unit,1,2026-04-14,2026-04-13
3,Jell-O Zero Sugar Pistachio Flavor Instant Pudding & Pie Filling,Jell-O Pudín Instantáneo y Relleno de Tarta Sabor Pistacho sin Azúcar,"Sugar-free pistachio instant pudding and pie filling mix, 1 oz.","Pudín instantáneo y relleno de tarta sabor pistacho sin azúcar, 1 oz.",189,0,false,1,oz,oz,oz,false,,true,false,false,true,1,https://d2lnr5mha7bycj.cloudfront.net/product-image/file/large_59074fa8-8bde-40dc-87cc-1bf0af80fdbd.jpg,jell-o,Baking and Cooking,Jell-O Zero Sugar Pistachio Flavor Instant Pudding & Pie Filling,237,43000205556,unit,1,2026-04-14,2026-04-13
3,"Indian Head Corn Meal, Old Fashioned Stone Ground, Yellow",Indian Head Harina de Maíz Amarillo Molida en Piedra Estilo Tradicional,"Stone ground yellow corn meal for cornbread and baking, 32 oz.","Harina de maíz amarillo molida en piedra para pan de maíz y repostería, 32 oz.",249,0,false,32,oz,oz,oz,false,,true,false,false,true,1,https://d2lnr5mha7bycj.cloudfront.net/product-image/file/large_2fb93f2d-46b9-476d-b13a-a0c405add83e.png,indian head,Baking and Cooking,"Indian Head Corn Meal, Old Fashioned Stone Ground, Yellow",239,10200231005,unit,1,2026-04-14,2026-04-13
3,Jell-O Chocolate Instant Pudding & Pie Filling Mix,Jell-O Mezcla para Pudín Instantáneo y Relleno de Tarta de Chocolate,"Chocolate instant pudding and pie filling mix, ready in minutes, 3.9 oz.","Mezcla para pudín instantáneo y relleno de tarta de chocolate, lista en minutos, 3.9 oz.",189,0,false,3.9,oz,oz,oz,false,,true,false,false,true,1,https://d2lnr5mha7bycj.cloudfront.net/product-image/file/large_82b4a81c-30f5-4a9d-ad25-572298806568.jpg,jell-o,Baking and Cooking,Jell-O Chocolate Instant Pudding & Pie Filling Mix,243,43000204313,unit,1,2026-04-14,2026-04-13
3,Carnation Evaporated Fat-Free Milk,Carnation Leche Evaporada sin Grasa,"Fat-free evaporated milk for coffee, desserts and recipes, 12 fl oz.","Leche evaporada sin grasa para café, postres y recetas, 12 fl oz.",289,0,false,12,fl oz,fl oz,fl oz,false,,true,true,false,true,1,https://d2lnr5mha7bycj.cloudfront.net/product-image/file/large_85ea89d3-8296-4a15-8530-63eac96e699f.jpg,carnation,Baking and Cooking,Carnation Evaporated Fat-Free Milk,270,5000016011,unit,1,2026-04-14,2026-04-13
3,Maizena Corn Starch,Maizena Fécula de Maíz,"Corn starch for thickening sauces, atole and desserts, 14.1 oz.","Fécula de maíz para espesar salsas, atole y postres, 14.1 oz.",319,0,false,14.1,oz,oz,oz,false,,true,false,false,true,1,https://d2lnr5mha7bycj.cloudfront.net/product-image/file/large_e2c57f39-fec9-4f8f-b9b5-df9a9d468de4.png,maizena,Baking and Cooking,Maizena Corn Starch,272,48001711273,unit,1,2026-04-14,2026-04-13
3,"P.a.n. Precooked Corn Meal, Yellow",P.A.N. Harina de Maíz Amarillo Precocida,"Pre-cooked yellow corn meal for arepas and empanadas, 35.27 oz.","Harina de maíz amarillo precocida para arepas y empanadas, 35.27 oz.",379,0,false,35.27,oz,oz,oz,false,,true,false,false,true,1,https://d2lnr5mha7bycj.cloudfront.net/product-image/file/large_1da770ae-9621-4b49-8e57-12f8d392eb49.png,p.a.n.,Baking and Cooking,"P.a.n. Precooked Corn Meal, Yellow",305,739907002069,unit,1,2026-04-14,2026-04-13
3,"Indian Head Corn Meal, Old Fashioned Stone Ground White",Indian Head Harina de Maíz Blanco Molida en Piedra Estilo Tradicional,"Stone ground white corn meal for cornbread and frituras, 32 oz.","Harina de maíz blanco molida en piedra para pan de maíz y frituras, 32 oz.",249,0,false,32,oz,oz,oz,false,,true,false,false,true,1,https://d2lnr5mha7bycj.cloudfront.net/product-image/file/large_9b9d52ca-36ac-43fb-9624-2bc78b2519c4.png,indian head,Baking and Cooking,"Indian Head Corn Meal, Old Fashioned Stone Ground White",311,10200227008,unit,1,2026-04-14,2026-04-13
3,Betty Crocker Favorites Super Moist Butter Recipe Yellow Cake Mix,Betty Crocker Favorites Mezcla Super Moist para Bizcocho Amarillo con Mantequilla,"Super moist butter recipe yellow cake mix for cakes, 13.25 oz.","Mezcla super húmeda para bizcocho amarillo con mantequilla, 13.25 oz.",249,0,false,13.25,oz,oz,oz,false,,true,false,false,true,1,https://d2lnr5mha7bycj.cloudfront.net/product-image/file/large_6a768dd0-d4fa-451e-9426-a4f702eeddf9.png,betty crocker,Baking and Cooking,Betty Crocker Favorites Super Moist Butter Recipe Yellow Cake Mix,346,16000207615,unit,1,2026-04-14,2026-04-13
3,Betty Crocker Favorites Super Moist Yellow Cake Mix,Betty Crocker Favorites Mezcla Super Moist para Bizcocho Amarillo,"Super moist yellow cake mix for birthday cakes and cupcakes, 13.25 oz.","Mezcla super húmeda para bizcocho amarillo, ideal para cumpleaños y cupcakes, 13.25 oz.",249,0,false,13.25,oz,oz,oz,false,,true,false,false,true,1,https://d2lnr5mha7bycj.cloudfront.net/product-image/file/large_67d08302-5379-47c5-beed-eb33e9b0a314.png,betty crocker,Baking and Cooking,Betty Crocker Favorites Super Moist Yellow Cake Mix,348,16000207110,unit,1,2026-04-14,2026-04-13
3,Betty Crocker Favorites Super Moist Vanilla Cake Mix,Betty Crocker Favorites Mezcla Super Moist para Bizcocho de Vainilla,"Super moist vanilla cake mix for cakes and cupcakes, 375.64 g.","Mezcla super húmeda para bizcocho de vainilla y cupcakes, 375.64 g.",249,0,false,375.64,g,g,g,false,,true,false,false,true,1,https://d2lnr5mha7bycj.cloudfront.net/product-image/file/large_913ef42c-c802-4080-a065-d7a7b028125d.png,betty crocker,Baking and Cooking,Betty Crocker Favorites Super Moist Vanilla Cake Mix,349,16000207523,unit,1,2026-04-14,2026-04-13
3,B Yet (H) Baking Powder,Best Yet Polvo de Hornear,"Baking powder for cakes, biscuits and baked goods, 8.1 oz.","Polvo de hornear para bizcochos, galletas y repostería, 8.1 oz.",219,0,false,8.1,oz,oz,oz,false,,true,false,false,true,1,https://d1s8987jlndkbs.cloudfront.net/assets/missing-item-4bbe82b8555e4d1c12626fd482cb2409713e8e30835645ff3650ef66a725d03c.png,,Baking and Cooking,B Yet (H) Baking Powder,368,42187399805,unit,1,2026-04-14,2026-04-13
3,"Filippo Berio Olive Oil, Extra Virgin",Filippo Berio Aceite de Oliva Extra Virgen,"Extra virgin olive oil for salads, cooking and dressings, 8.4 fl oz.","Aceite de oliva extra virgen para ensaladas, cocinar y aderezos, 8.4 fl oz.",899,0,false,8.4,fl oz,fl oz,fl oz,true,599,true,false,false,true,1,https://d2lnr5mha7bycj.cloudfront.net/product-image/file/large_293b642e-4495-438b-94f7-f444fe1743d0.png,filippo berio,Baking and Cooking,"Filippo Berio Olive Oil, Extra Virgin",374,41736010161,unit,1,2026-04-14,2026-04-13
3,"Old El Paso Taco Seasoning Mix, Original Flavor","Old El Paso Mezcla de Sazón para Tacos, Original","Original taco seasoning mix for ground beef and chicken, 1 oz.","Mezcla de sazón original para tacos de carne molida y pollo, 1 oz.",149,0,false,1,oz,oz,oz,false,,true,false,false,true,1,https://d2lnr5mha7bycj.cloudfront.net/product-image/file/large_35cbabaf-4ad9-4d40-8f1f-0a9577f520c9.png,old el paso,Baking and Cooking,"Old El Paso Taco Seasoning Mix, Original Flavor",375,46000288697,unit,1,2026-04-14,2026-04-13
3,Goya All Purpose Adobo Seasoning,Goya Adobo Todo Uso,"All-purpose adobo seasoning for meats, chicken, rice, and beans, 8 oz.","Adobo todo uso para carnes, pollo, arroz y habichuelas, 8 oz.",249,0,false,8,oz,oz,oz,true,199,true,false,false,true,1,https://d2lnr5mha7bycj.cloudfront.net/product-image/file/large_0ad1502c-660d-46c6-8fd6-d031f083b9e8.png,goya,Baking and Cooking,Goya All Purpose Adobo Seasoning,377,41331038287,unit,5600,2026-04-14,2026-04-13
3,Badia Spices Garlic Powder,Badia Ajo en Polvo,"Ground garlic powder for sofrito, marinades, and everyday seasoning, 3 oz.","Ajo en polvo molido para sofrito, adobos y sazón diaria, 3 oz.",219,0,false,3,oz,oz,oz,true,199,true,false,false,true,1,https://d2lnr5mha7bycj.cloudfront.net/product-image/file/large_fa70d30b-e7ba-4d93-86c2-3d509d1a5b80.png,badia spices,Baking and Cooking,Badia Spices Garlic Powder,382,33844000059,unit,6017,2026-04-14,2026-04-13
3,Morton Iodized Salt,Morton Sal Yodada,"Classic iodized table salt for cooking, baking, and seasoning, 26 oz.","Sal yodada clásica de mesa para cocinar, hornear y sazonar, 26 oz.",259,0,false,26,oz,oz,oz,false,,true,false,false,true,1,https://d2lnr5mha7bycj.cloudfront.net/product-image/file/large_408f45e0-6ca6-4600-a661-0ed7023617c3.png,morton,Baking and Cooking,Morton Iodized Salt,383,24600010030,unit,1,2026-04-14,2026-04-13
3,Badia Spices Onion Powder,Badia Cebolla en Polvo,"Ground onion powder for soups, stews, rubs, and marinades, 2.75 oz.","Cebolla en polvo molida para sopas, guisos, adobos y marinadas, 2.75 oz.",249,0,false,2.75,oz,oz,oz,false,,true,false,false,true,1,https://d2lnr5mha7bycj.cloudfront.net/product-image/file/large_7d2541fc-2cfa-4ad8-abd6-5291993983fc.jpg,badia spices,Baking and Cooking,Badia Spices Onion Powder,387,33844000066,unit,6017,2026-04-14,2026-04-13
3,McCormick Original Taco Seasoning Mix,McCormick Sazón Original para Tacos,"Classic seasoning mix for ground beef, chicken, or bean tacos, 1 oz.","Mezcla de sazón clásica para tacos de carne, pollo o habichuelas, 1 oz.",149,0,false,1,oz,oz,oz,false,,true,false,false,true,1,https://d2lnr5mha7bycj.cloudfront.net/product-image/file/large_4027be96-14cb-42c8-911d-4f0110a3e821.jpg,mccormick,Baking and Cooking,McCormick Original Taco Seasoning Mix,392,52100034911,unit,1,2026-04-14,2026-04-13
3,McCormick Brown Gravy Mix,McCormick Mezcla para Salsa Gravy Oscura,"Brown gravy mix for mashed potatoes, roasted meats, and rice, 0.87 oz.","Mezcla para gravy oscuro para puré, carnes asadas y arroz, 0.87 oz.",149,0,false,0.87,oz,oz,oz,false,,true,false,false,true,1,https://d2lnr5mha7bycj.cloudfront.net/product-image/file/large_7f61648f-495c-40ce-8c84-b05cf18e7140.jpg,mccormick,Baking and Cooking,McCormick Brown Gravy Mix,393,52100098609,unit,1,2026-04-14,2026-04-13
3,"Mazola Canola Oil, Cholesterol Free","Mazola Aceite de Canola, Sin Colesterol","Cholesterol-free canola oil for frying, baking, and daily cooking, 40 fl oz.","Aceite de canola sin colesterol para freír, hornear y cocinar a diario, 40 fl oz.",679,0,false,40,fl oz,fl oz,fl oz,true,659,true,false,false,true,1,https://d2lnr5mha7bycj.cloudfront.net/product-image/file/large_7c0bcbc4-8dc4-47a2-83c3-ddfb953f8978.png,mazola,Baking and Cooking,"Mazola Canola Oil, Cholesterol Free",399,761720987506,unit,1,2026-04-14,2026-04-13
3,Old El Paso 25% Less Sodium Taco Seasoning Mix,Old El Paso Sazón para Tacos con 25% Menos Sodio,"Taco seasoning mix with 25% less sodium for lighter family meals, 1 oz.","Sazón para tacos con 25% menos sodio para comidas familiares más livianas, 1 oz.",149,0,false,1,oz,oz,oz,false,,true,false,false,true,1,https://d2lnr5mha7bycj.cloudfront.net/product-image/file/large_fdbd6233-bc0a-4b58-a919-6a0e252eac11.png,old el paso,Baking and Cooking,Old El Paso 25% Less Sodium Taco Seasoning Mix,408,46000288772,unit,1,2026-04-14,2026-04-13
3,McCormick® GRILL MATES Roasted Garlic & Herb Seasoning,McCormick® GRILL MATES Sazón de Ajo Asado y Hierbas,"Roasted garlic and herb blend for grilled chicken, steak, and vegetables, 2.75 oz.","Mezcla de ajo asado y hierbas para pollo, carne y vegetales a la parrilla, 2.75 oz.",419,0,false,2.75,oz,oz,oz,false,,true,false,false,true,1,https://d2lnr5mha7bycj.cloudfront.net/product-image/file/large_2f22ae39-92c3-4862-a606-de23fdbd4b02.jpg,mccormick® grill mates,Baking and Cooking,McCormick® GRILL MATES Roasted Garlic & Herb Seasoning,410,52100002088,unit,1,2026-04-14,2026-04-13
3,"Mazola Corn Oil, Cholesterol Free","Mazola Aceite de Maíz, Sin Colesterol","Cholesterol-free corn oil for frying tostones, empanadas, and everyday cooking, 16 fl oz.","Aceite de maíz sin colesterol para freír tostones, empanadas y cocinar a diario, 16 fl oz.",399,0,false,16,fl oz,fl oz,fl oz,false,,true,false,false,true,1,https://d2lnr5mha7bycj.cloudfront.net/product-image/file/large_08d6cb0d-c508-4ef9-91b2-8a8765dd4bad.png,mazola,Baking and Cooking,"Mazola Corn Oil, Cholesterol Free",413,761720056202,unit,1,2026-04-14,2026-04-13
3,Pam Original Canola Oil Blend Non-Stick Cooking Spray,Pam Aceite en Spray Antiadherente Original de Canola,"Non-stick cooking spray with canola oil for pans, baking trays, and skillets, 6 oz.","Aceite en spray antiadherente de canola para sartenes, bandejas y calderos, 6 oz.",699,0,false,6,oz,oz,oz,false,,true,false,false,true,1,https://d2lnr5mha7bycj.cloudfront.net/product-image/file/large_9f6a2406-5505-49dc-8d3d-799d27caf3e4.jpg,pam,Baking and Cooking,Pam Original Canola Oil Blend Non-Stick Cooking Spray,416,64144030217,unit,1,2026-04-14,2026-04-13
3,Bertolli Cold Extracted Original Extra Virgin Olive Oil,Bertolli Aceite de Oliva Extra Virgen Original Extraído en Frío,"Cold-extracted extra virgin olive oil for salads, pasta, and drizzling, 16.9 fl oz.","Aceite de oliva extra virgen extraído en frío para ensaladas, pasta y aderezar, 16.9 fl oz.",1399,0,false,16.9,fl oz,fl oz,fl oz,false,,true,false,false,true,1,https://d2lnr5mha7bycj.cloudfront.net/product-image/file/large_e3043d78-6efd-4a42-93bb-77849e1326ce.png,bertolli,Baking and Cooking,Bertolli Cold Extracted Original Extra Virgin Olive Oil,418,41790001600,unit,1,2026-04-14,2026-04-13
3,Pam Non-Stick Butter Cooking Spray,Pam Aceite en Spray Antiadherente Sabor Mantequilla,"Butter-flavored non-stick cooking spray for baking, pancakes, and pans, 5 oz.","Aceite en spray antiadherente sabor mantequilla para hornear, panqueques y sartenes, 5 oz.",699,0,false,5,oz,oz,oz,false,,true,false,false,true,1,https://d2lnr5mha7bycj.cloudfront.net/product-image/file/large_e4a7dbc1-cef6-4932-b589-dd8b4f6af174.jpg,pam,Baking and Cooking,Pam Non-Stick Butter Cooking Spray,422,64144033164,unit,1,2026-04-14,2026-04-13
3,"Sazon Goya Seasoning, Cilantro & Tomato",Sazón Goya Cilantro y Tomate,"Packet seasoning with cilantro and tomato for arroz, sopas, and guisos, 8 ct.","Sobres de sazón con culantro y tomate para arroz, sopas y guisos, 8 ct.",239,0,false,8,ct,ct,ct,false,,true,false,false,true,1,https://d2lnr5mha7bycj.cloudfront.net/product-image/file/large_d7ff022e-5ab4-42f1-8964-15385bb1eab0.png,sazon goya,Baking and Cooking,"Sazon Goya Seasoning, Cilantro & Tomato",426,41331037860,unit,5600,2026-04-14,2026-04-13
3,Spice Classics® Onion Powder,Spice Classics® Cebolla en Polvo,"Value onion powder for everyday cooking, rice, beans, and meats, 2.62 oz.","Cebolla en polvo económica para cocinar a diario, arroz, habichuelas y carnes, 2.62 oz.",219,0,false,2.62,oz,oz,oz,false,,true,false,false,true,1,https://d2lnr5mha7bycj.cloudfront.net/product-image/file/large_9e1e8455-c76c-4dcb-9122-82de13a1892c.jpg,spice classics®,Baking and Cooking,Spice Classics® Onion Powder,435,52100020297,unit,1,2026-04-14,2026-04-13
3,Sazon Goya Seasoning,Sazón Goya,"Classic seasoning packets with achiote for rice, beans, and stews, 8 ct.","Sobres de sazón clásico con achiote para arroz, habichuelas y guisos, 8 ct.",239,0,false,8,ct,ct,ct,false,,true,false,false,true,1,https://d2lnr5mha7bycj.cloudfront.net/product-image/file/large_e3890e6f-17aa-4d86-b1c6-c3cb2472bb2c.png,sazon goya,Baking and Cooking,Sazon Goya Seasoning,437,41331037846,unit,5600,2026-04-14,2026-04-13
3,"Better Than Bouillon Roasted Garlic Base, Premium",Better Than Bouillon Base Premium de Ajo Asado,"Concentrated roasted garlic paste for soups, rice, sauces, and marinades, 8 oz.","Pasta concentrada de ajo asado para sopas, arroz, salsas y adobos, 8 oz.",649,0,false,8,oz,oz,oz,false,,true,false,false,true,1,https://d2lnr5mha7bycj.cloudfront.net/product-image/file/large_703f4072-545a-46eb-a5c3-3ba625d37468.jpg,better than bouillon,Baking and Cooking,"Better Than Bouillon Roasted Garlic Base, Premium",438,98308201144,unit,6017,2026-04-14,2026-04-13
3,Pam Non-Stick Olive Oil Cooking Spray,Pam Aceite en Spray Antiadherente de Aceite de Oliva,"Olive oil non-stick cooking spray for pans, vegetables, and lighter meals, 5 oz.","Aceite de oliva en spray antiadherente para sartenes, vegetales y comidas livianas, 5 oz.",339,0,false,5,oz,oz,oz,false,,true,false,false,true,1,https://d2lnr5mha7bycj.cloudfront.net/product-image/file/large_c041c53d-6aa2-48ef-8861-cbf500fce190.jpg,pam,Baking and Cooking,Pam Non-Stick Olive Oil Cooking Spray,440,64144030644,unit,9999,2026-04-14,2026-04-13
3,"Bragg Olive Oil, Organic, Extra Virgin, Unrefined",Bragg Aceite de Oliva Orgánico Extra Virgen sin Refinar,"Organic unrefined extra virgin olive oil for salads, dipping, and finishing, 16 fl oz.","Aceite de oliva orgánico extra virgen sin refinar para ensaladas, mojar pan y aderezar, 16 fl oz.",1999,0,false,16,fl oz,fl oz,fl oz,false,,true,false,false,true,1,https://d2lnr5mha7bycj.cloudfront.net/product-image/file/large_71abf346-ee3a-4a7e-9f5c-f28f64a71941.png,bragg,Baking and Cooking,"Bragg Olive Oil, Organic, Extra Virgin, Unrefined",458,74305020162,unit,6009,2026-04-14,2026-04-13
3,Dash Salt-Free Seasoning Blend Garlic & Herb,Dash Mezcla de Sazón Sin Sal Ajo y Hierbas,"Salt-free garlic and herb seasoning for meats, pasta, and vegetables, 2.5 oz.","Sazón sin sal de ajo y hierbas para carnes, pasta y vegetales, 2.5 oz.",499,0,false,2.5,oz,oz,oz,false,,true,false,false,true,1,https://d2lnr5mha7bycj.cloudfront.net/product-image/file/large_41c960b5-3edc-48fc-a091-4b8fbfa51fc7.png,dash,Baking and Cooking,Dash Salt-Free Seasoning Blend Garlic & Herb,462,605021000888,unit,1,2026-04-14,2026-04-13
3,Bertolli Cold Extracted Original Extra Virgin Olive Oil,Bertolli Aceite de Oliva Extra Virgen Original Extraído en Frío,"Cold-extracted extra virgin olive oil family-size for pasta, salads, and cooking, 25.4 fl oz.","Aceite de oliva extra virgen extraído en frío tamaño familiar para pasta, ensaladas y cocinar, 25.4 fl oz.",1799,0,false,25.4,fl oz,fl oz,fl oz,false,,true,false,false,true,1,https://d2lnr5mha7bycj.cloudfront.net/product-image/file/large_173a14f7-f56b-4bb3-810c-0e1a4c2cf5fc.png,bertolli,Baking and Cooking,Bertolli Cold Extracted Original Extra Virgin Olive Oil,465,41790214260,unit,1,2026-04-14,2026-04-13
3,Spice Classics® Italian Seasoning,Spice Classics® Sazón Italiana,"Dried Italian herb blend for pasta, pizza, chicken, and sauces, 0.87 oz.","Mezcla de hierbas italianas secas para pasta, pizza, pollo y salsas, 0.87 oz.",219,0,false,0.87,oz,oz,oz,false,,true,false,false,true,1,https://d2lnr5mha7bycj.cloudfront.net/product-image/file/large_efe56e01-a7da-46ea-ae00-53c39480e364.jpg,spice classics®,Baking and Cooking,Spice Classics® Italian Seasoning,466,52100020266,unit,1,2026-04-14,2026-04-13
3,"Mazola Corn & Canola Oils, Cholesterol Free","Mazola Aceite de Maíz y Canola, Sin Colesterol","Corn and canola oil blend, cholesterol-free, for frying and everyday cooking, 40 fl oz.","Mezcla de aceite de maíz y canola sin colesterol para freír y cocinar a diario, 40 fl oz.",679,0,false,40,fl oz,fl oz,fl oz,true,659,true,false,false,true,1,https://d2lnr5mha7bycj.cloudfront.net/product-image/file/large_763b8bc2-7f22-406b-9054-e186f9cabdac.png,mazola,Baking and Cooking,"Mazola Corn & Canola Oils, Cholesterol Free",480,761720987520,unit,1,2026-04-14,2026-04-13
3,Pompeian Robust Extra Virgin Olive Oil,Pompeian Aceite de Oliva Extra Virgen Robusto,"Bold-flavored extra virgin olive oil for salads, marinades, and grilling, 16 fl oz.","Aceite de oliva extra virgen de sabor robusto para ensaladas, adobos y parrilla, 16 fl oz.",1599,0,false,16,fl oz,fl oz,fl oz,true,1199,true,false,false,true,1,https://d2lnr5mha7bycj.cloudfront.net/product-image/file/large_77e19454-7a02-4888-82e4-f756e8855727.jpg,pompeian,Baking and Cooking,Pompeian Robust Extra Virgin Olive Oil,488,70404000081,unit,1,2026-04-14,2026-04-13
3,Colavita Premium Selection Extra Virgin Olive Oil,Colavita Aceite de Oliva Extra Virgen Selección Premium,"Premium Italian extra virgin olive oil for pasta, salads, and finishing dishes, 17 fl oz.","Aceite de oliva extra virgen italiano premium para pasta, ensaladas y aderezar platos, 17 fl oz.",1399,0,false,17,fl oz,fl oz,fl oz,false,,true,false,false,true,1,https://d2lnr5mha7bycj.cloudfront.net/product-image/file/large_04421218-3ca0-49b4-a7d3-b55245b136e6.jpg,colavita,Baking and Cooking,Colavita Premium Selection Extra Virgin Olive Oil,495,39153010031,unit,1,2026-04-14,2026-04-13
3,Best Yet Pork Gravy,Best Yet Salsa Gravy de Cerdo,"Pork gravy mix for mashed potatoes, rice, and roasted pork dishes, 1 oz.","Mezcla de gravy de cerdo para puré, arroz y platos de cerdo asado, 1 oz.",69,0,false,1,oz,oz,oz,false,,true,false,false,true,1,https://d2lnr5mha7bycj.cloudfront.net/product-image/file/large_ab76df97-3df2-441c-9588-391805f5d219.png,best yet,Baking and Cooking,Best Yet Pork Gravy,496,42187419046,unit,1,2026-04-14,2026-04-13
3,Cento Extra Virgin Olive Oil,Cento Aceite de Oliva Extra Virgen,"Italian extra virgin olive oil for pasta, dipping bread, and salads, 8.5 fl oz.","Aceite de oliva extra virgen italiano para pasta, mojar pan y ensaladas, 8.5 fl oz.",749,0,false,8.5,fl oz,fl oz,fl oz,false,,true,false,false,true,1,https://d2lnr5mha7bycj.cloudfront.net/product-image/file/large_81b187c1-dba7-438e-a9fc-91ea8db3c59c.jpg,cento,Baking and Cooking,Cento Extra Virgin Olive Oil,520,70796602054,unit,1,2026-04-14,2026-04-13
3,Bertolli Extra Light Olive Oil,Bertolli Aceite de Oliva Extra Ligero,"Mild, extra light olive oil for frying, baking, and high-heat cooking, 17 fl oz.","Aceite de oliva extra ligero de sabor suave para freír, hornear y altas temperaturas, 17 fl oz.",1299,0,false,17,fl oz,fl oz,fl oz,false,,true,false,false,true,1,https://d2lnr5mha7bycj.cloudfront.net/product-image/file/large_eef72ae2-0ce8-4eaf-9588-86d08dd4b122.png,bertolli,Baking and Cooking,Bertolli Extra Light Olive Oil,534,41790004205,unit,1,2026-04-14,2026-04-13
3,"Filippo Berio Olive Oil, Extra Virgin",Filippo Berio Aceite de Oliva Extra Virgen,"Italian extra virgin olive oil for pasta, salads, and everyday cooking, 16.9 fl oz.","Aceite de oliva extra virgen italiano para pasta, ensaladas y cocinar a diario, 16.9 fl oz.",1399,0,false,16.9,fl oz,fl oz,fl oz,true,999,true,false,false,true,1,https://d2lnr5mha7bycj.cloudfront.net/product-image/file/large_e78ee9c3-de88-4980-b2bb-17d33e16d75a.png,filippo berio,Baking and Cooking,"Filippo Berio Olive Oil, Extra Virgin",536,41736010147,unit,1,2026-04-14,2026-04-13
3,Badia Spices Oregano,Badia Orégano,"Dried oregano for sofrito, sauces, beans, and meat marinades, 0.5 oz.","Orégano seco para sofrito, salsas, habichuelas y adobos de carne, 0.5 oz.",199,0,false,0.5,oz,oz,oz,false,,true,false,false,true,1,https://d2lnr5mha7bycj.cloudfront.net/product-image/file/large_e70d90f7-310e-4bac-bc8b-8f9cb0aa12ee.png,badia spices,Baking and Cooking,Badia Spices Oregano,540,33844000097,unit,6017,2026-04-14,2026-04-13
3,"Goya Adobo All-Purpose Seasoning, without Pepper","Goya Adobo Todo Uso, Sin Pimienta","All-purpose adobo without pepper for chicken, pork, rice, and fish, 8 oz.","Adobo todo uso sin pimienta para pollo, cerdo, arroz y pescado, 8 oz.",249,0,false,8,oz,oz,oz,true,199,true,false,false,true,1,https://d2lnr5mha7bycj.cloudfront.net/product-image/file/large_df925fc3-552b-40d3-8199-5e4fcc9cb1d4.jpg,goya,Baking and Cooking,"Goya Adobo All-Purpose Seasoning, without Pepper",542,41331038294,unit,5600,2026-04-14,2026-04-13
3,Pompeian Organic Robust Extra Virgin Olive Oil,Pompeian Aceite de Oliva Extra Virgen Orgánico Robusto,"Organic robust extra virgin olive oil for salads, marinades, and finishing, 16 fl oz.","Aceite de oliva extra virgen orgánico de sabor robusto para ensaladas, adobos y aderezar, 16 fl oz.",1599,0,false,16,fl oz,fl oz,fl oz,true,1299,true,false,false,true,1,https://d2lnr5mha7bycj.cloudfront.net/product-image/file/large_738d3af1-ac19-412f-a362-474d6992b639.jpg,pompeian,Baking and Cooking,Pompeian Organic Robust Extra Virgin Olive Oil,543,70404000067,unit,1,2026-04-14,2026-04-13
3,Pompeian Smooth Extra Virgin Olive Oil,Pompeian Aceite de Oliva Extra Virgen Suave,"Smooth-flavored extra virgin olive oil for baking, sautéing, and salads, 16 fl oz.","Aceite de oliva extra virgen de sabor suave para hornear, sofreír y ensaladas, 16 fl oz.",1599,0,false,16,fl oz,fl oz,fl oz,true,1199,true,false,false,true,1,https://d2lnr5mha7bycj.cloudfront.net/product-image/file/large_b687a695-773a-404f-90e6-28634ae676aa.jpg,pompeian,Baking and Cooking,Pompeian Smooth Extra Virgin Olive Oil,549,7040400278,unit,1,2026-04-14,2026-04-13
3,McCormick Chili Powder,McCormick Chile en Polvo,"Ground chili powder for chili, stews, tacos, and Latin dishes, 2.5 oz.","Chile en polvo para chili, guisos, tacos y platos latinos, 2.5 oz.",399,0,false,2.5,oz,oz,oz,false,,true,false,false,true,1,https://d2lnr5mha7bycj.cloudfront.net/product-image/file/large_b15be6dd-176f-4fdf-a045-17701b8fb740.jpg,mccormick,Baking and Cooking,McCormick Chili Powder,564,52100004280,unit,1,2026-04-14,2026-04-13
3,Spice Classics® Whole Oregano,Spice Classics® Orégano Entero,"Whole dried oregano leaves for sauces, beans, meats, and marinades, 0.87 oz.","Hojas enteras de orégano seco para salsas, habichuelas, carnes y adobos, 0.87 oz.",219,0,false,0.87,oz,oz,oz,false,,true,false,false,true,1,https://d2lnr5mha7bycj.cloudfront.net/product-image/file/large_21b2d524-b204-4d2f-b93d-9bfd4f20fcda.jpg,spice classics®,Baking and Cooking,Spice Classics® Whole Oregano,565,52100020310,unit,1,2026-04-14,2026-04-13
3,Colavita Extra Virgin Olive Oil,Colavita Aceite de Oliva Extra Virgen,"Italian extra virgin olive oil for pasta, bread, and salads, 8.5 fl oz.","Aceite de oliva extra virgen italiano para pasta, pan y ensaladas, 8.5 fl oz.",749,0,false,8.5,fl oz,fl oz,fl oz,false,,true,false,false,true,1,https://d2lnr5mha7bycj.cloudfront.net/product-image/file/large_6900c22c-793d-4ffb-8386-1ed231462c6f.jpg,colavita,Baking and Cooking,Colavita Extra Virgin Olive Oil,570,39153010079,unit,1,2026-04-14,2026-04-13
3,Knorr Sauce Mix Garlic & Herb,Knorr Mezcla para Salsa de Ajo y Hierbas,"Garlic and herb sauce mix for pasta, chicken, vegetables, and rice, 1.6 oz.","Mezcla para salsa de ajo y hierbas para pasta, pollo, vegetales y arroz, 1.6 oz.",139,0,false,1.6,oz,oz,oz,false,,true,false,false,true,1,https://d2lnr5mha7bycj.cloudfront.net/product-image/file/large_8241aa65-70d2-4e85-8ebd-fb9e97cc7308.png,knorr,Baking and Cooking,Knorr Sauce Mix Garlic & Herb,608,48001709355,unit,9999,2026-04-14,2026-04-13
3,Foodtown Apple Cider Vinegar,Foodtown Vinagre de Manzana,"Apple cider vinegar for dressings, marinades, pickling, and cooking, 16 fl oz.","Vinagre de manzana para aderezos, adobos, encurtidos y cocinar, 16 fl oz.",139,0,false,16,fl oz,fl oz,fl oz,true,99,true,false,false,true,1,https://d2lnr5mha7bycj.cloudfront.net/product-image/file/large_0ee56abd-8767-4150-b785-5cf1e604ca0e.png,foodtown,Baking and Cooking,Foodtown Apple Cider Vinegar,614,11153157107,unit,1,2026-04-14,2026-04-13
3,Foodtown Apple Cider Vinegar,Foodtown Vinagre de Manzana,"Apple cider vinegar family-size for dressings, marinades, and cleaning uses, 32 fl oz.","Vinagre de manzana tamaño familiar para aderezos, adobos y usos de limpieza, 32 fl oz.",199,0,false,32,fl oz,fl oz,fl oz,true,149,true,false,false,true,1,https://d2lnr5mha7bycj.cloudfront.net/product-image/file/large_32c100be-f477-4968-9f1c-bba7e64d9096.png,foodtown,Baking and Cooking,Foodtown Apple Cider Vinegar,623,11153157152,unit,1,2026-04-14,2026-04-13
3,Best Yet Iodized Salt,Best Yet Sal Yodada,"Value iodized table salt for everyday cooking, baking, and seasoning, 26 oz.","Sal yodada económica para cocinar, hornear y sazonar a diario, 26 oz.",99,0,false,26,oz,oz,oz,false,,true,false,false,true,1,https://d2lnr5mha7bycj.cloudfront.net/product-image/file/large_b5d939e5-5e11-40e1-842b-d59ef99ce414.png,best yet,Baking and Cooking,Best Yet Iodized Salt,652,42187408262,unit,1,2026-04-14,2026-04-13
3,Progresso Garlic and Herb Bread Crumbs,Progresso Pan Rallado con Ajo y Hierbas,"Seasoned bread crumbs with garlic and herbs for chicken, meatballs, and fish, 15 oz.","Pan rallado sazonado con ajo y hierbas para pollo, albóndigas y pescado, 15 oz.",359,0,false,15,oz,oz,oz,false,,true,false,false,true,1,https://d2lnr5mha7bycj.cloudfront.net/product-image/file/large_c6d599f1-dc2f-45b5-a678-1274ec5d9bdb.png,progresso,Baking and Cooking,Progresso Garlic and Herb Bread Crumbs,666,4119689123,unit,1,2026-04-14,2026-04-13
3,Botticelli Cooking Extra Virgin Olive Oil,Botticelli Aceite de Oliva Extra Virgen para Cocinar,"Extra virgin olive oil for everyday cooking, sautéing, and roasting, 33.8 fl oz.","Aceite de oliva extra virgen para cocinar, sofreír y asar a diario, 33.8 fl oz.",1799,0,false,33.8,fl oz,fl oz,fl oz,false,,true,false,false,true,1,https://d2lnr5mha7bycj.cloudfront.net/product-image/file/large_182814ac-b7ff-4c33-a695-c5f1f78ecf7e.jpg,botticelli,Baking and Cooking,Botticelli Cooking Extra Virgin Olive Oil,713,855019000042,unit,1,2026-04-14,2026-04-13
3,Filippo Berio Olive Oil,Filippo Berio Aceite de Oliva,"Classic olive oil for sautéing, frying, and everyday Italian cooking, 8.4 fl oz.","Aceite de oliva clásico para sofreír, freír y cocinar a la italiana, 8.4 fl oz.",799,0,false,8.4,fl oz,fl oz,fl oz,true,599,true,false,false,true,1,https://d2lnr5mha7bycj.cloudfront.net/product-image/file/large_dc9ba295-cf71-4433-9dcd-58a2ba12e2d5.png,filippo berio,Baking and Cooking,Filippo Berio Olive Oil,717,41736001909,unit,1,2026-04-14,2026-04-13
3,"Litehouse Oregano, Freeze Dried",Litehouse Orégano Liofilizado,"Freeze-dried oregano with fresh flavor for sauces, pasta, and marinades, 8 g.","Orégano liofilizado de sabor fresco para salsas, pasta y adobos, 8 g.",749,0,false,8,g,g,g,false,,true,false,false,true,1,https://d2lnr5mha7bycj.cloudfront.net/product-image/file/large_d127b1e2-852a-41af-8031-9d1b1bd4c6b2.png,litehouse,Baking and Cooking,"Litehouse Oregano, Freeze Dried",725,77661336298,unit,4,2026-04-14,2026-04-13
3,Colavita Premium Selection Extra Virgin Olive Oil Spray Can,Colavita Aceite de Oliva Extra Virgen Selección Premium en Spray,"Extra virgin olive oil spray for lighter cooking, salads, and finishing, 148 ml.","Aceite de oliva extra virgen en spray para cocinar liviano, ensaladas y aderezar, 148 ml.",799,0,false,148,ml,ml,ml,false,,true,false,false,true,1,https://d2lnr5mha7bycj.cloudfront.net/product-image/file/large_60176f68-6d78-4c93-84cc-26695666b64a.jpg,colavita,Baking and Cooking,Colavita Premium Selection Extra Virgin Olive Oil Spray Can,750,39153431539,unit,1,2026-04-14,2026-04-13
3,"Arriba! Med Roasted Chipotle Taco Seasoning with Tomato, Garlic & Onion","Arriba! Sazón Medio para Tacos, Chipotle Asado con Tomate, Ajo y Cebolla","Medium chipotle taco seasoning with tomato, garlic, and onion for tacos, 8 oz.","Sazón para tacos medio de chipotle asado con tomate, ajo y cebolla, 8 oz.",449,0,false,8,oz,oz,oz,false,,true,false,false,true,1,https://d2lnr5mha7bycj.cloudfront.net/product-image/file/large_8b49cff4-b56c-4f49-aad3-11a35c769c9e.png,arriba!,Baking and Cooking,"Arriba! Med Roasted Chipotle Taco Seasoning with Tomato, Garlic & Onion",751,33907130013,unit,6017,2026-04-14,2026-04-13
3,Arriba! Mild Roasted Tomato Taco Seasoning with Roasted Garlic & Onion,"Arriba! Sazón Suave para Tacos, Tomate Asado con Ajo y Cebolla Asados","Mild roasted tomato taco seasoning with garlic and onion for family tacos, 8 oz.","Sazón suave para tacos de tomate asado con ajo y cebolla para tacos familiares, 8 oz.",449,0,false,8,oz,oz,oz,false,,true,false,false,true,1,https://d2lnr5mha7bycj.cloudfront.net/product-image/file/large_ccd85476-ad36-43b0-8187-d8a9c8f63300.png,arriba!,Baking and Cooking,Arriba! Mild Roasted Tomato Taco Seasoning with Roasted Garlic & Onion,752,33907130020,unit,6017,2026-04-14,2026-04-13
3,"Dash Seasoning Blend, Salt-Free, Ultimate Garlic","Dash Mezcla de Sazón Sin Sal, Ajo Máximo","Salt-free intense garlic seasoning for meats, pasta, rice, and vegetables, 2.7 oz.","Sazón sin sal de ajo intenso para carnes, pasta, arroz y vegetales, 2.7 oz.",499,0,false,2.7,oz,oz,oz,false,,true,false,false,true,1,https://d2lnr5mha7bycj.cloudfront.net/product-image/file/large_01c1de93-95d5-46c9-841d-5b45b2efd731.png,dash,Baking and Cooking,"Dash Seasoning Blend, Salt-Free, Ultimate Garlic",771,605021685801,unit,1,2026-04-14,2026-04-13
3,Best Yet Chili Powder,Best Yet Chile en Polvo,"Value chili powder for chili, stews, tacos, and Latin dishes, 2.5 oz.","Chile en polvo económico para chili, guisos, tacos y platos latinos, 2.5 oz.",159,0,false,2.5,oz,oz,oz,false,,true,false,false,true,1,https://d2lnr5mha7bycj.cloudfront.net/product-image/file/large_c176ec4e-3b7f-4f9e-93db-e38619d81eb5.png,best yet,Baking and Cooking,Best Yet Chili Powder,781,42187410647,unit,1,2026-04-14,2026-04-13
3,"Morton Salt, Roasted Garlic & Herb, Bold & Zesty, Gourmet Flavored","Morton Sal Gourmet, Ajo Asado y Hierbas, Intensa y Sabrosa","Gourmet flavored salt with roasted garlic and herbs for meats and vegetables, 4.4 oz.","Sal gourmet saborizada con ajo asado y hierbas para carnes y vegetales, 4.4 oz.",499,0,false,4.4,oz,oz,oz,false,,true,false,false,true,1,https://d2lnr5mha7bycj.cloudfront.net/product-image/file/large_22469f8b-77d6-4d90-a517-8ad5098f3e57.png,morton,Baking and Cooking,"Morton Salt, Roasted Garlic & Herb, Bold & Zesty, Gourmet Flavored",795,24600018630,unit,1,2026-04-14,2026-04-13
3,Foodtown Pure Olive Oil,Foodtown Aceite de Oliva Puro,"Pure olive oil family-size for frying, sautéing, and everyday cooking, 51 fl oz.","Aceite de oliva puro tamaño familiar para freír, sofreír y cocinar a diario, 51 fl oz.",2299,0,false,51,fl oz,fl oz,fl oz,false,,true,false,false,true,1,https://d2lnr5mha7bycj.cloudfront.net/product-image/file/large_971c1a1b-ce1d-4f37-831b-a49c1990082e.png,foodtown,Baking and Cooking,Foodtown Pure Olive Oil,801,11153244012,unit,1,2026-04-14,2026-04-13
3,Love Child Chocolate Chip Cookies,Love Child Galletas con Chispas de Chocolate,"Chocolate chip cookies for snacks, lunchboxes, and after-school treats, 4.9 oz.","Galletas con chispas de chocolate para meriendas, loncheras y antojos, 4.9 oz.",599,0,false,4.9,oz,oz,oz,true,499,true,false,false,true,1,https://d2lnr5mha7bycj.cloudfront.net/product-image/file/large_418a1a0e-3556-42dc-b630-ab2514b7adfa.jpg,love child,Baby Food,Love Child Chocolate Chip Cookies,91,58449252856,unit,6009,2026-04-14,2026-04-13
1,Acai Exotic 100% Dragon Fruit Cubes,Acai Exotic Cubos de Pitahaya 100%,"Frozen dragon fruit cubes for smoothies, bowls, and tropical desserts, 17.6 oz.","Cubos de pitahaya (fruta del dragón) congelada para batidas, bowls y postres tropicales, 17.6 oz.",649,0,false,17.6,oz,oz,oz,true,449,true,false,false,true,1,https://d2lnr5mha7bycj.cloudfront.net/product-image/file/large_53e74eea-16e7-408e-80e2-cc254f9d164e.jpg,acai exotic,Unknown,Acai Exotic 100% Dragon Fruit Cubes,1,861272000101,unit,6009,2026-04-14,2026-04-13
1,Anjou Pear,Pera Anjou,"Sweet, juicy Anjou pear great for snacking, salads, or baking, 1 lb.","Pera Anjou dulce y jugosa para merienda, ensaladas u hornear, 1 lb.",379,0,false,1,lb,lb,lb,true,199,true,false,false,true,1,https://d2lnr5mha7bycj.cloudfront.net/product-image/file/large_25ea1253-37ec-4d68-9b37-d2057e5086b0.jpg,,Unknown,Anjou Pear,3,4025,estimated_each,4,2026-04-14,2026-04-13
1,Apple,Manzana,"Fresh crisp apple for snacking, lunchboxes, baking, and salads, 1 lb.","Manzana fresca y crujiente para merienda, lonchera, hornear y ensaladas, 1 lb.",249,0,false,1,lb,lb,lb,false,,true,false,false,true,1,https://d2lnr5mha7bycj.cloudfront.net/product-image/file/large_f44791bc-c7bc-4c90-955a-e83348bec7ff.jpg,,Unknown,Apple,4,3442,weight,4,2026-04-14,2026-04-13
7,Apple & Eve Elmo's Punch Juice,Apple & Eve Jugo Elmo's Punch,"Kid-friendly fruit punch juice box for lunchboxes and snacks, 4.23 fl oz.","Juguito de ponche de frutas para niños, ideal para lonchera y merienda, 4.23 fl oz.",429,0,false,4.23,fl oz,fl oz,fl oz,false,,true,false,false,true,1,https://d2lnr5mha7bycj.cloudfront.net/product-image/file/large_9e7e0532-6c89-4e77-8791-d5581d1158ce.png,apple & eve,Unknown,Apple & Eve Elmo's Punch Juice,5,76301870376,unit,1,2026-04-14,2026-04-13
7,Apple & Eve No Sugar Added Elmo's Punch Juice,Apple & Eve Jugo Elmo's Punch Sin Azúcar Añadida,"Fruit punch juice box with no added sugar for kids' lunchboxes, 4.23 fl oz.","Juguito de ponche de frutas sin azúcar añadida para la lonchera de los niños, 4.23 fl oz.",419,0,false,4.23,fl oz,fl oz,fl oz,true,399,true,false,false,true,1,https://d2lnr5mha7bycj.cloudfront.net/product-image/file/large_c33dd59c-d88d-469e-a5fd-ae673f08d572.png,apple & eve,Unknown,Apple & Eve No Sugar Added Elmo's Punch Juice,7,76301840003,unit,1,2026-04-14,2026-04-13
3,Arm & Hammer Baking Soda Fridge Fresh,Arm & Hammer Bicarbonato Fridge Fresh,"Baking soda deodorizer pack to keep your fridge smelling fresh, 1 ct.","Paquete de bicarbonato desodorante para mantener la nevera con olor fresco, 1 ct.",349,0,false,1,ct,ct,ct,false,,false,false,true,true,1,https://d2lnr5mha7bycj.cloudfront.net/product-image/file/large_e67aa782-2ed8-41be-8b7b-a145e6334b76.jpg,arm & hammer,Unknown,Arm & Hammer Baking Soda Fridge Fresh,8,33200017103,unit,1,2026-04-14,2026-04-13
3,"Arriba! Salsa, with Jalapeno & Cilantro, Roasted Tomato, Med","Arriba! Salsa Media con Jalapeño y Cilantro, Tomate Asado","Medium roasted tomato salsa with jalapeño and cilantro for chips and tacos, 16 oz.","Salsa media de tomate asado con jalapeño y culantro para chips y tacos, 16 oz.",699,0,false,16,oz,oz,oz,false,,true,false,false,true,1,https://d2lnr5mha7bycj.cloudfront.net/product-image/file/large_2a200fa3-8eb4-48d8-9fd3-809b6b015be8.png,arriba!,Unknown,"Arriba! Salsa, with Jalapeno & Cilantro, Roasted Tomato, Med",9,33907500014,unit,6017,2026-04-14,2026-04-13
3,"Arriba! Salsa, with Serrano & Jalapeno, Roasted Tomato, Hot","Arriba! Salsa Picante con Serrano y Jalapeño, Tomate Asado","Hot roasted tomato salsa with serrano and jalapeño for spice lovers, 16 oz.","Salsa picante de tomate asado con serrano y jalapeño para los que aman el picante, 16 oz.",699,0,false,16,oz,oz,oz,false,,true,false,false,true,1,https://d2lnr5mha7bycj.cloudfront.net/product-image/file/large_742b8174-9518-46ab-b570-a465aa4fbfc9.png,arriba!,Unknown,"Arriba! Salsa, with Serrano & Jalapeno, Roasted Tomato, Hot",10,33907500021,unit,6017,2026-04-14,2026-04-13
3,"Arriba! Salsa, with Tomato & Garlic, Roasted Chipotle, Med",Arriba! Salsa Media de Chipotle Asado con Tomate y Ajo,"Medium chipotle salsa with tomato and garlic for tacos, chips, and rice, 16 oz.","Salsa media de chipotle asado con tomate y ajo para tacos, chips y arroz, 16 oz.",699,0,false,16,oz,oz,oz,false,,true,false,false,true,1,https://d2lnr5mha7bycj.cloudfront.net/product-image/file/large_219ce035-a18d-4243-9417-c84653b604b0.png,arriba!,Unknown,"Arriba! Salsa, with Tomato & Garlic, Roasted Chipotle, Med",11,33907500090,unit,6017,2026-04-14,2026-04-13
1,Asian Pear,Pera Asiática,"Crisp, juicy Asian pear for snacking, salads, and fruit platters, 1 each.","Pera asiática crujiente y jugosa para merienda, ensaladas y bandejas de frutas, 1 each.",399,0,false,1,each,each,each,false,,true,false,false,true,1,https://d2lnr5mha7bycj.cloudfront.net/product-image/file/large_f636c692-3b8e-4629-86ad-06dd3cb05885.jpg,,Unknown,Asian Pear,12,4408,unit,4,2026-04-14,2026-04-13
3,Barilla Ditalini - Non-GMO Pasta Made with Durum Wheat Semolina & Kosher Certified,"Barilla Ditalini - Pasta No GMO de Sémola de Trigo Duro, Certificada Kosher","Small tube-shaped pasta for soups, pastina, and hearty vegetable dishes, 1 lb.","Pasta pequeña en forma de tubito para sopas, pastina y platos con vegetales, 1 lb.",219,0,false,1,lb,lb,lb,false,,true,false,false,true,1,https://d2lnr5mha7bycj.cloudfront.net/product-image/file/large_1457e172-8909-436c-8a8c-e5fd0ccf937f.png,barilla,Unknown,Barilla Ditalini - Non-GMO Pasta Made with Durum Wheat Semolina & Kosher Certified,13,7680828045,unit,1,2026-04-14,2026-04-13
3,Barilla Gemelli - Non-GMO Pasta Made with Durum Wheat Semolina & Kosher Certified,"Barilla Gemelli - Pasta No GMO de Sémola de Trigo Duro, Certificada Kosher","Twisted gemelli pasta that holds sauces well, great for family dinners, 16 oz.","Pasta Gemelli retorcida que agarra bien la salsa, ideal para cenas en familia, 16 oz.",219,0,false,16,oz,oz,oz,false,,true,false,false,true,1,https://d2lnr5mha7bycj.cloudfront.net/product-image/file/large_72204bee-bdf4-4dc0-9bf1-9326ad62dd9c.png,barilla,Unknown,Barilla Gemelli - Non-GMO Pasta Made with Durum Wheat Semolina & Kosher Certified,14,7680850643,unit,1,2026-04-14,2026-04-13
1,Bartlett Pear,Pera Bartlett,"Sweet, juicy Bartlett pear for snacking, lunchboxes, and baking, 1 lb.","Pera Bartlett dulce y jugosa para merienda, lonchera y hornear, 1 lb.",199,0,false,1,lb,lb,lb,false,,true,true,false,true,1,https://d2lnr5mha7bycj.cloudfront.net/product-image/file/large_6edd63e0-f78d-48a8-9939-fe187dfb99ce.jpg,,Unknown,Bartlett Pear,16,4409,estimated_each,4,2026-04-14,2026-04-13
2,Ben's Original Roasted Chicken Flavored Rice Easy Dinner Side,"Ben's Original Arroz Sabor Pollo Asado, Acompañante Fácil","Roasted chicken flavored rice side dish, ready for quick weeknight dinners, 8.8 oz.","Arroz sabor pollo asado listo como acompañante rápido para cenas entre semana, 8.8 oz.",349,0,false,8.8,oz,oz,oz,false,,true,false,false,true,1,https://d2lnr5mha7bycj.cloudfront.net/product-image/file/large_8a6aaaac-0cbd-4fc4-a59f-bc4316683da9.jpg,ben's original,Unknown,Ben's Original Roasted Chicken Flavored Rice Easy Dinner Side,17,54800423309,unit,1,2026-04-14,2026-04-13
4,Best Yet 3 Cheese Mac Micro Cup,Best Yet Macarrones con 3 Quesos en Vasito para Microondas,"Microwavable mac and cheese cup with three cheeses for quick meals, 2.05 oz.","Vasito de macarrones con tres quesos para microondas, comida rápida, 2.05 oz.",129,0,false,2.05,oz,oz,oz,false,,true,false,false,true,1,https://d2lnr5mha7bycj.cloudfront.net/product-image/file/large_df0895e8-907c-44a2-a6e5-8b8b208bcfe4.png,best yet,Unknown,Best Yet 3 Cheese Mac Micro Cup,18,42187426556,unit,1,2026-04-14,2026-04-13
1,Best Yet Frozen Peas & Carrots,Best Yet Guisantes y Zanahorias Congelados,"Frozen peas and carrots for rice, stews, soups, and quick sides, 16 oz.","Guisantes y zanahoria congelados para arroz, guisos, sopas y acompañantes, 16 oz.",199,0,false,16,oz,oz,oz,false,,true,false,false,true,1,https://d2lnr5mha7bycj.cloudfront.net/product-image/file/large_ab0ded5b-8547-40cc-b9dd-e65b51fa94fd.png,best yet,Unknown,Best Yet Frozen Peas & Carrots,20,42187206240,unit,2,2026-04-14,2026-04-13
1,Bicolor Sweet Corn Package,Paquete de Maíz Dulce Bicolor,"Fresh bicolor sweet corn on the cob, great boiled, grilled, or roasted, 1 each.","Maíz dulce bicolor en mazorca, rico hervido, a la parrilla o asado, 1 each.",899,0,false,1,each,each,each,false,,true,false,false,true,1,https://d2lnr5mha7bycj.cloudfront.net/product-image/file/large_8434a268-4f21-44f2-b53e-ac6e1dd0e212.jpg,,Unknown,Bicolor Sweet Corn Package,32,33383701332,unit,4,2026-04-14,2026-04-13
1,"Birds Eye Steamfresh Mixed Vegetables, Frozen Vegetables",Birds Eye Steamfresh Vegetales Mixtos Congelados,"Frozen mixed vegetables that steam in the bag for easy sides, 10 oz.","Vegetales mixtos congelados que se cocinan al vapor en la bolsa, 10 oz.",329,0,false,10,oz,oz,oz,false,,true,false,false,true,1,https://d2lnr5mha7bycj.cloudfront.net/product-image/file/large_414db384-dbbd-47d2-bc72-faad8b766a18.jpg,birds eye,Unknown,"Birds Eye Steamfresh Mixed Vegetables, Frozen Vegetables",38,14500021281,unit,2,2026-04-14,2026-04-13
1,"Birds Eye Steamfresh Super Sweet Corn, Frozen Vegetables",Birds Eye Steamfresh Maíz Dulce Congelado,"Frozen super sweet corn that steams in the bag for quick sides, 10 oz.","Maíz dulce congelado que se cocina al vapor en la bolsa, acompañante rápido, 10 oz.",329,0,false,10,oz,oz,oz,false,,true,false,false,true,1,https://d2lnr5mha7bycj.cloudfront.net/product-image/file/large_0b1f36d7-05e1-4c69-8063-1eeb2dde6283.jpg,birds eye,Unknown,"Birds Eye Steamfresh Super Sweet Corn, Frozen Vegetables",40,14500020994,unit,2,2026-04-14,2026-04-13
4,Bob Evans Farms Macaroni & Cheese,Bob Evans Farms Macarrones con Queso,"Ready-to-heat creamy macaroni and cheese side for quick family meals, 20 oz.","Macarrones con queso cremosos listos para calentar, comida familiar rápida, 20 oz.",599,0,false,20,oz,oz,oz,true,399,true,false,false,true,1,https://d2lnr5mha7bycj.cloudfront.net/product-image/file/large_ddb4e47e-0852-4c7f-9b13-ad07c3a2a1f3.png,bob evans farms,Unknown,Bob Evans Farms Macaroni & Cheese,43,75900005301,unit,9500,2026-04-14,2026-04-13
1,"Bob Evans Farms Mashed Potatoes, Original",Bob Evans Farms Puré de Papas Original,"Ready-to-heat original mashed potatoes for easy weeknight dinners, 24 oz.","Puré de papas original listo para calentar, cena fácil entre semana, 24 oz.",599,0,false,24,oz,oz,oz,true,399,true,false,false,true,1,https://d2lnr5mha7bycj.cloudfront.net/product-image/file/large_fe8a3813-018d-4910-9a5e-dd69c68f0679.png,bob evans farms,Unknown,"Bob Evans Farms Mashed Potatoes, Original",44,75900005264,unit,9500,2026-04-14,2026-04-13
3,Bob's Red Mill Potato Starch,Bob's Red Mill Almidón de Papa,"Unmodified potato starch for gluten-free baking, thickening, and frying, 22 oz.","Almidón de papa sin modificar para hornear sin gluten, espesar y freír, 22 oz.",599,0,false,22,oz,oz,oz,false,,true,false,false,true,1,https://d2lnr5mha7bycj.cloudfront.net/product-image/file/large_70784bd8-b853-4193-83f6-3c30ccbe537c.png,bob's red mill,Unknown,Bob's Red Mill Potato Starch,46,39978025258,unit,6009,2026-04-14,2026-04-13
1,Bosc Pear,Pera Bosc,"Crisp, dense Bosc pear great for snacking, baking, and poaching, 1 lb.","Pera Bosc firme y crujiente para merienda, hornear y pochar, 1 lb.",249,0,false,1,lb,lb,lb,false,,true,true,false,true,1,https://d2lnr5mha7bycj.cloudfront.net/product-image/file/large_ab27d6df-526d-4a28-98db-2105e3daee4b.jpg,,Unknown,Bosc Pear,47,4413,estimated_each,4,2026-04-14,2026-04-13
1,Boston Lettuce Eastern,Lechuga Boston del Este,"Tender Boston lettuce with soft leaves for salads, wraps, and sandwiches.","Lechuga Boston tierna de hojas suaves para ensaladas, wraps y sándwiches.",299,0,false,,,,,false,,true,false,false,true,1,https://d1s8987jlndkbs.cloudfront.net/assets/missing-item-4bbe82b8555e4d1c12626fd482cb2409713e8e30835645ff3650ef66a725d03c.png,,Unknown,Boston Lettuce Eastern,48,4632,unit,4,2026-04-14,2026-04-13
4,"Breakstone's Salted Butter Spread, Tub","Breakstone's Mantequilla con Sal para Untar, Pote","Salted butter spread tub, easy to spread on toast and bread, 8 oz.","Mantequilla con sal para untar en pote, fácil de untar en pan tostado, 8 oz.",499,0,false,8,oz,oz,oz,false,,true,false,false,true,1,https://d2lnr5mha7bycj.cloudfront.net/product-image/file/large_0066b5b7-8492-47e2-8d5c-00bde7aaa071.png,breakstone's,Unknown,"Breakstone's Salted Butter Spread, Tub",49,15700000564,unit,3,2026-04-14,2026-04-13
3,"Cantina Salsa, Medium",Cantina Salsa Media,"Medium-heat tomato salsa for tortilla chips, tacos, and rice bowls, 16 oz.","Salsa de tomate picante media para chips de tortilla, tacos y bowls de arroz, 16 oz.",499,0,false,16,oz,oz,oz,false,,true,false,false,true,1,https://d2lnr5mha7bycj.cloudfront.net/product-image/file/large_f478a7d5-eb2a-4eb4-8f39-928444f2fad4.png,cantina,Unknown,"Cantina Salsa, Medium",50,719212950064,unit,6017,2026-04-14,2026-04-13
7,Capri Sun Fruit Punch Naturally Flavored Kids Juice Blend Drink Pouches,Capri Sun Ponche de Frutas Bebida para Niños en Bolsitas,"Naturally flavored fruit punch drink pouch for kids' lunchboxes and snacks, 6 fl oz.","Bolsita de ponche de frutas saborizada naturalmente para la lonchera y merienda, 6 fl oz.",649,0,false,6,fl oz,fl oz,fl oz,false,,true,false,false,true,1,https://d2lnr5mha7bycj.cloudfront.net/product-image/file/large_201a8b75-7ac3-4e68-9bfb-69cb4a43ef99.jpg,capri sun,Unknown,Capri Sun Fruit Punch Naturally Flavored Kids Juice Blend Drink Pouches,51,87684001073,unit,1,2026-04-14,2026-04-13
3,Chi-Chi's Thick & Chunky Salsa Hot,"Chi-Chi's Salsa Espesa y con Trozos, Picante","Thick and chunky hot salsa for chips, tacos, and rice dishes, 16 oz.","Salsa espesa y con trozos, picante, para chips, tacos y arroz, 16 oz.",379,0,false,16,oz,oz,oz,false,,true,false,false,true,1,https://d2lnr5mha7bycj.cloudfront.net/product-image/file/large_bf5bb8e6-00bc-40e1-85f3-a15b6c83d561.jpg,chi-chi's,Unknown,Chi-Chi's Thick & Chunky Salsa Hot,52,3760039799,unit,1,2026-04-14,2026-04-13
3,Chi-Chi's Thick & Chunky Salsa Medium,"Chi-Chi's Salsa Espesa y con Trozos, Media","Thick and chunky medium salsa for chips, tacos, and everyday dipping, 16 oz.","Salsa espesa y con trozos, media, para chips, tacos y mojar a diario, 16 oz.",379,0,false,16,oz,oz,oz,false,,true,false,false,true,1,https://d2lnr5mha7bycj.cloudfront.net/product-image/file/large_222cb420-ea9a-4303-9e51-90e17d9b47a4.jpg,chi-chi's,Unknown,Chi-Chi's Thick & Chunky Salsa Medium,53,3760011806,unit,1,2026-04-14,2026-04-13
3,"Clint's Salsa, Texas, Medium","Clint's Salsa Texas, Media","Texas-style medium salsa with bold flavor for chips and tacos, 16 oz.","Salsa estilo Texas media de sabor intenso para chips y tacos, 16 oz.",699,0,false,16,oz,oz,oz,false,,true,false,false,true,1,https://d2lnr5mha7bycj.cloudfront.net/product-image/file/large_bbb6db1d-4984-4992-9442-98fed11ee366.png,clint's,Unknown,"Clint's Salsa, Texas, Medium",55,613440000013,unit,6017,2026-04-14,2026-04-13
1,Cotton Candy Grapes,Uvas Cotton Candy,"Sweet Cotton Candy grapes with a spun sugar flavor, great for snacking, 1 lb.","Uvas Cotton Candy dulces con sabor a algodón de azúcar, ideales para merienda, 1 lb.",499,0,false,1,lb,lb,lb,false,,true,false,false,true,1,https://d2lnr5mha7bycj.cloudfront.net/product-image/file/large_12b47728-2571-4280-a3f9-13fb47ecdc49.jpg,,Unknown,Cotton Candy Grapes,56,3093,weight,4,2026-04-14,2026-04-13
3,"De Cecco Racchette, No. 90","De Cecco Racchette, No. 90","Italian racchette-shaped pasta that holds sauces well for family pasta meals, 1 lb.","Pasta italiana en forma de raqueta que agarra bien la salsa, para comidas en familia, 1 lb.",379,0,false,1,lb,lb,lb,false,,true,false,false,true,1,https://d2lnr5mha7bycj.cloudfront.net/product-image/file/large_e57f9293-8b5c-4ad4-8213-f200321c1c55.png,de cecco,Unknown,"De Cecco Racchette, No. 90",57,24094070909,unit,1,2026-04-14,2026-04-13
1,Del Monte Lite Sliced Peaches,Del Monte Melocotones en Rebanadas Lite,"Lite sliced peaches in light syrup for snacks, desserts, and yogurt, 15 oz.","Melocotones en rebanadas Lite en almíbar ligero para meriendas, postres y yogur, 15 oz.",379,0,false,15,oz,oz,oz,false,,true,false,false,true,1,https://d2lnr5mha7bycj.cloudfront.net/product-image/file/large_45203521-f59a-4217-97eb-5f1bf989ce30.jpg,del monte,Unknown,Del Monte Lite Sliced Peaches,58,24000167198,unit,1,2026-04-14,2026-04-13
1,Del Monte Sliced Peaches,Del Monte Melocotones en Rebanadas,"Sliced peaches in syrup for desserts, yogurt, and kids' snacks, 8.5 oz.","Melocotones en rebanadas en almíbar para postres, yogur y meriendas, 8.5 oz.",199,0,false,8.5,oz,oz,oz,false,,true,false,false,true,1,https://d2lnr5mha7bycj.cloudfront.net/product-image/file/large_faf9cefb-4b09-49b5-a98a-1cd42f7aaf0d.jpg,del monte,Unknown,Del Monte Sliced Peaches,60,24000021421,unit,1,2026-04-14,2026-04-13
1,Dole Avocado Ranch Chopped Kit,Dole Kit de Ensalada Picada Avocado Ranch,"Chopped salad kit with avocado ranch dressing and toppings, ready to serve, 1 each.","Kit de ensalada picada con aderezo avocado ranch y toppings, lista para servir, 1 each.",549,0,false,1,each,each,each,false,,true,false,false,true,1,https://d2lnr5mha7bycj.cloudfront.net/product-image/file/large_8124f55a-941a-4c18-b27c-f42208c355bb.png,dole,Unknown,Dole Avocado Ranch Chopped Kit,62,7143000091,unit,4,2026-04-14,2026-04-13
1,Dole Greener Selection,Dole Selección Más Verde,"Bag of dark leafy greens blend for salads, wraps, and smoothies, 11 oz.","Bolsa de hojas verdes oscuras para ensaladas, wraps y batidas, 11 oz.",299,0,false,11,oz,oz,oz,false,,true,false,false,true,1,https://d2lnr5mha7bycj.cloudfront.net/product-image/file/large_e5900123-2b66-42eb-a2cf-de9b7d01d371.png,dole,Unknown,Dole Greener Selection,64,71430009659,unit,4,2026-04-14,2026-04-13
1,Dragon Fruit,Pitahaya (Fruta del Dragón),"Fresh dragon fruit with sweet tropical flavor for smoothies and fruit bowls, 1 each.","Pitahaya fresca de sabor tropical dulce para batidas y bowls de frutas, 1 each.",399,0,false,1,each,each,each,false,,true,false,false,true,1,https://d2lnr5mha7bycj.cloudfront.net/product-image/file/large_b53b7cc1-0280-462e-b035-c8566a7d91c8.jpg,,Unknown,Dragon Fruit,65,3040,unit,4,2026-04-14,2026-04-13
1,Earthbound Farm Frozen Organic Sweet Corn,Earthbound Farm Maíz Dulce Orgánico Congelado,"Organic frozen sweet corn kernels for rice, soups, salads, and sides, 10 oz.","Granos de maíz dulce orgánico congelado para arroz, sopas, ensaladas y acompañantes, 10 oz.",399,0,false,10,oz,oz,oz,false,,true,false,false,true,1,https://d2lnr5mha7bycj.cloudfront.net/product-image/file/large_81ff3261-18a0-463c-9788-49f310ab42f7.png,earthbound farm,Unknown,Earthbound Farm Frozen Organic Sweet Corn,66,32601025076,unit,2,2026-04-14,2026-04-13
1,Envy Apple,Manzana Envy,"Crisp, sweet Envy apple for snacking, salads, and lunchboxes, 1 lb.","Manzana Envy crujiente y dulce para merienda, ensaladas y lonchera, 1 lb.",249,0,false,1,lb,lb,lb,false,,true,false,false,true,1,https://d2lnr5mha7bycj.cloudfront.net/product-image/file/large_76112397-6332-4164-97ea-c5f2018735a6.jpg,,Unknown,Envy Apple,67,3616,estimated_each,4,2026-04-14,2026-04-13
1,Foodtown Diced Peas & Carrots,Foodtown Guisantes y Zanahorias Cortados en Cubitos,"Canned diced peas and carrots for quick sides, rice dishes, and soups, 15 oz.","Guisantes y zanahoria en cubitos enlatados para acompañantes, arroz y sopas, 15 oz.",169,0,false,15,oz,oz,oz,true,129,true,false,false,true,1,https://d2lnr5mha7bycj.cloudfront.net/product-image/file/large_c9cfc711-158e-4a29-8104-a4319117d23f.png,foodtown,Unknown,Foodtown Diced Peas & Carrots,69,11153292419,unit,1,2026-04-14,2026-04-13
1,Forelle Pear,Pera Forelle,"Small, sweet Forelle pear with speckled skin for snacking and salads, 1 lb.","Pera Forelle pequeña y dulce con piel moteada para merienda y ensaladas, 1 lb.",299,0,false,1,lb,lb,lb,false,,true,false,false,true,1,https://d2lnr5mha7bycj.cloudfront.net/product-image/file/large_623b8a38-199b-4163-be81-758fdeb1bb6d.jpg,,Unknown,Forelle Pear,70,4418,estimated_each,4,2026-04-14,2026-04-13
2,Frozen Beef Oxtail,Rabo de Res Congelado,"Frozen beef oxtail, perfect for slow-cooked rabo encendido and hearty stews, 1 lb.","Rabo de res congelado, ideal para rabo encendido y guisos contundentes, 1 lb.",0,0,false,1,lb,lb,lb,false,,true,false,false,true,1,https://d1s8987jlndkbs.cloudfront.net/assets/missing-item-4bbe82b8555e4d1c12626fd482cb2409713e8e30835645ff3650ef66a725d03c.png,,Unknown,Frozen Beef Oxtail,71,201788000002,weight,9999,2026-04-14,2026-04-13
5,FruitPro Strawberry Protein Oatmeal,FruitPro Avena Proteica de Fresa,"Strawberry protein oatmeal for a filling breakfast or on-the-go snack, 8.4 oz.","Avena proteica de fresa para un desayuno llenador o merienda rápida, 8.4 oz.",699,0,false,8.4,oz,oz,oz,false,,true,false,false,true,1,https://d1s8987jlndkbs.cloudfront.net/assets/missing-item-4bbe82b8555e4d1c12626fd482cb2409713e8e30835645ff3650ef66a725d03c.png,fruitpro,Unknown,FruitPro Strawberry Protein Oatmeal,72,628774197001,unit,6009,2026-04-14,2026-04-13
1,Fuji Apple,Manzana Fuji,"Sweet, crisp Fuji apple for snacking, salads, and baking, 1 lb.","Manzana Fuji dulce y crujiente para merienda, ensaladas y hornear, 1 lb.",249,0,false,1,lb,lb,lb,false,,true,false,false,true,1,https://d2lnr5mha7bycj.cloudfront.net/product-image/file/large_c73abd5a-d0d2-4694-94bf-8fb3d64d1ba9.jpg,,Unknown,Fuji Apple,73,4131,estimated_each,4,2026-04-14,2026-04-13
1,Gala Apple,Manzana Gala,"Sweet, juicy Gala apple great for kids, lunchboxes, and salads, 1 lb.","Manzana Gala dulce y jugosa para niños, lonchera y ensaladas, 1 lb.",199,0,false,1,lb,lb,lb,false,,true,false,false,true,1,https://d2lnr5mha7bycj.cloudfront.net/product-image/file/large_85d1893a-de66-4a5b-8d5b-81bdf31cf595.jpg,,Unknown,Gala Apple,74,4173,weight,9999,2026-04-14,2026-04-13
1,"Giorgio Mushrooms, Sliced",Giorgio Champiñones Rebanados,"Sliced mushrooms for sauces, pizza, stir-fries, and sautés, 4.5 oz.","Champiñones rebanados para salsas, pizza, salteados y sofritos, 4.5 oz.",359,0,false,4.5,oz,oz,oz,false,,true,false,false,true,1,https://d2lnr5mha7bycj.cloudfront.net/product-image/file/large_9c986f02-3d59-4565-91c1-ab7f25f65de8.png,giorgio,Unknown,"Giorgio Mushrooms, Sliced",79,70475063046,unit,1,2026-04-14,2026-04-13
1,Golden Delicious Apple,Manzana Golden Delicious,"Sweet, mellow Golden Delicious apple for snacking, pies, and applesauce, 1 lb.","Manzana Golden Delicious dulce y suave para merienda, pays y compota, 1 lb.",249,0,false,1,lb,lb,lb,false,,true,false,false,true,1,https://d2lnr5mha7bycj.cloudfront.net/product-image/file/large_bf9d2359-1dd4-4b29-b39f-c5c630c49dfc.jpg,,Unknown,Golden Delicious Apple,80,4020,weight,4,2026-04-14,2026-04-13
2,Gorton's Crunchy Panko Flounder Fillets,Gorton's Filetes de Lenguado con Panko Crujiente,"Breaded panko flounder fillets, bake and serve for easy fish dinners, 4 ct.","Filetes de lenguado empanizados con panko, hornea y sirve para cena fácil, 4 ct.",1599,0,false,4,ct,ct,ct,false,,true,false,false,true,1,https://d2lnr5mha7bycj.cloudfront.net/product-image/file/large_cc87ac9d-5e96-449c-bd1c-f9e4a5c7668b.jpg,gorton's,Unknown,Gorton's Crunchy Panko Flounder Fillets,81,4440013800,unit,2,2026-04-14,2026-04-13
1,"Goya Blackeye Peas, Prime Premium",Goya Habichuelas de Carita Prime Premium,"Canned premium black-eyed peas, ready for rice, stews, and salads, 15.5 oz.","Habichuelas de carita premium enlatadas, listas para arroz, guisos y ensaladas, 15.5 oz.",199,0,false,15.5,oz,oz,oz,false,,true,true,false,true,1,https://d2lnr5mha7bycj.cloudfront.net/product-image/file/large_30a36226-b556-459d-bbc3-f3fbecdba8cd.png,goya,Unknown,"Goya Blackeye Peas, Prime Premium",83,41331124263,unit,5600,2026-04-14,2026-04-13
4,Goya Coconut Milk,Goya Leche de Coco,"Creamy coconut milk for arroz con coco, sancocho, curries, and desserts, 13.5 fl oz.","Leche de coco cremosa para arroz con coco, sancocho, currys y postres, 13.5 fl oz.",399,0,false,13.5,fl oz,fl oz,fl oz,true,300,true,false,false,true,1,https://d2lnr5mha7bycj.cloudfront.net/product-image/file/large_90e754f3-2eea-443b-a518-f1a5a109ca34.jpg,goya,Unknown,Goya Coconut Milk,84,41331021647,unit,5600,2026-04-14,2026-04-13
4,"Goya Coconut Milk, Reduced Fat",Goya Leche de Coco Reducida en Grasa,"Reduced-fat coconut milk for lighter arroz con coco, curries, and smoothies, 13.5 fl oz.","Leche de coco reducida en grasa para arroz con coco más liviano, currys y batidas, 13.5 fl oz.",399,0,false,13.5,fl oz,fl oz,fl oz,true,300,true,false,false,true,1,https://d2lnr5mha7bycj.cloudfront.net/product-image/file/large_dec1f332-8627-488c-8a73-4d8588b785a4.jpg,goya,Unknown,"Goya Coconut Milk, Reduced Fat",85,41331021654,unit,5600,2026-04-14,2026-04-13
1,Granny Smith Apple,Manzana Granny Smith,"Tart, crisp Granny Smith apple for baking pies, crisps, and salads, 1 lb.","Manzana Granny Smith ácida y crujiente para hornear pays, crumbles y ensaladas, 1 lb.",249,0,false,1,lb,lb,lb,false,,true,false,false,true,1,https://d2lnr5mha7bycj.cloudfront.net/product-image/file/large_2625b83a-ab3d-42a1-a250-ad4a2cc19af0.jpg,,Unknown,Granny Smith Apple,92,4017,estimated_each,4,2026-04-14,2026-04-13
4,"Green Giant Broccoli, Cauliflower, Carrots & Cheese Sauce","Green Giant Brócoli, Coliflor, Zanahoria con Salsa de Queso","Frozen vegetable mix with cheese sauce, heat and serve as a side, 8 oz.","Vegetales congelados con salsa de queso, calienta y sirve como acompañante, 8 oz.",259,0,false,8,oz,oz,oz,false,,true,false,false,true,1,https://d2lnr5mha7bycj.cloudfront.net/product-image/file/large_55817c9f-ae2b-4eed-b9ae-9727c913d529.png,green giant,Unknown,"Green Giant Broccoli, Cauliflower, Carrots & Cheese Sauce",93,19056952227,unit,2,2026-04-14,2026-04-13
1,Green Giant Sauced Veggies,Green Giant Vegetales con Salsa,"Frozen vegetables in sauce for a quick, flavorful weeknight side, 7 oz.","Vegetales congelados con salsa para un acompañante rápido y sabroso entre semana, 7 oz.",259,0,false,7,oz,oz,oz,false,,true,false,false,true,1,https://d2lnr5mha7bycj.cloudfront.net/product-image/file/large_12aee619-fd53-4aa1-b168-c7376a386326.png,green giant,Unknown,Green Giant Sauced Veggies,101,190569537823,unit,2,2026-04-14,2026-04-13
3,Green Mountain Gringo Hot Salsa,Green Mountain Gringo Salsa Picante,"Chunky hot salsa made with fresh ingredients for chips and tacos, 16 oz.","Salsa picante con trozos hecha con ingredientes frescos para chips y tacos, 16 oz.",649,0,false,16,oz,oz,oz,false,,true,false,false,true,1,https://d2lnr5mha7bycj.cloudfront.net/product-image/file/large_a33f4b1a-b103-4a0d-a291-660ec48cf40e.png,green mountain gringo,Unknown,Green Mountain Gringo Hot Salsa,105,53852002005,unit,1,2026-04-14,2026-04-13
3,Green Mountain Gringo Medium Salsa,Green Mountain Gringo Salsa Media,"Chunky medium salsa made with fresh ingredients for chips and rice, 16 oz.","Salsa media con trozos hecha con ingredientes frescos para chips y arroz, 16 oz.",649,0,false,16,oz,oz,oz,false,,true,false,false,true,1,https://d2lnr5mha7bycj.cloudfront.net/product-image/file/large_423006a2-21d2-438c-956b-76395d85df96.png,green mountain gringo,Unknown,Green Mountain Gringo Medium Salsa,106,53852004009,unit,1,2026-04-14,2026-04-13
1,Hanover Mixed Vegetables,Hanover Vegetales Mixtos,"Canned mixed vegetables for soups, rice dishes, and quick sides, 10.5 oz.","Vegetales mixtos enlatados para sopas, arroz y acompañantes rápidos, 10.5 oz.",299,0,false,10.5,oz,oz,oz,false,,true,false,false,true,1,https://d2lnr5mha7bycj.cloudfront.net/product-image/file/large_54dca012-9f29-4bc2-ab01-b3c6b39658a4.png,hanover,Unknown,Hanover Mixed Vegetables,108,2880029303,unit,2,2026-04-14,2026-04-13
7,Hawaiian Punch Fruit Juicy Red Juice Drink,Hawaiian Punch Bebida de Frutas Roja,"Classic red fruit punch drink, great for parties and family meals, 10 fl oz.","Ponche de frutas rojo clásico, ideal para fiestas y comidas en familia, 10 fl oz.",399,0,false,10,fl oz,fl oz,fl oz,false,,true,false,true,true,1,https://d2lnr5mha7bycj.cloudfront.net/product-image/file/large_36dff0fd-c69d-4064-862b-bdfa52575922.jpg,hawaiian punch,Unknown,Hawaiian Punch Fruit Juicy Red Juice Drink,109,14800646702,unit,1,2026-04-14,2026-04-13
3,Herban Fresh Hearty Vegetable Soup,Herban Fresh Sopa de Vegetales Contundente,"Ready-to-heat hearty vegetable soup for quick lunches and light dinners, 23.5 oz.","Sopa de vegetales contundente lista para calentar, almuerzo rápido o cena liviana, 23.5 oz.",999,0,false,23.5,oz,oz,oz,false,,true,false,false,true,1,https://d2lnr5mha7bycj.cloudfront.net/product-image/file/large_c2af71a9-548e-4b02-8a10-52c7fd9edb08.png,herban fresh,Unknown,Herban Fresh Hearty Vegetable Soup,110,880632005839,unit,3,2026-04-14,2026-04-13
3,Herdez Guacamole Salsa Medium,Herdez Salsa de Guacamole Media,"Medium guacamole-style salsa with avocado flavor for tacos and chips, 15.7 oz.","Salsa media estilo guacamole con sabor a aguacate para tacos y chips, 15.7 oz.",599,0,false,15.7,oz,oz,oz,true,549,true,false,false,true,1,https://d2lnr5mha7bycj.cloudfront.net/product-image/file/large_9ea286b6-b479-4f20-9531-8121f66df758.jpg,herdez,Unknown,Herdez Guacamole Salsa Medium,111,72878434836,unit,6017,2026-04-14,2026-04-13
3,"HERDEZ Salsa Casera Medium, 16 OZ",HERDEZ Salsa Casera Media,"Authentic Mexican-style medium casera salsa for tacos, chips, and rice, 16 oz.","Salsa casera media estilo mexicano auténtico para tacos, chips y arroz, 16 oz.",499,0,false,16,oz,oz,oz,true,479,true,false,false,true,1,https://d2lnr5mha7bycj.cloudfront.net/product-image/file/large_ad2aa886-a9d3-4cb1-a667-8195fa52da31.jpg,herdez,Unknown,HERDEZ Salsa Casera Medium,112,72878275552,unit,6017,2026-04-14,2026-04-13
3,"Herr's Salsa, Chunky, Mild",Herr's Salsa Suave con Trozos,"Mild chunky salsa for chips, tacos, and easy game-day snacking, 16 oz.","Salsa suave con trozos para chips, tacos y meriendas fáciles, 16 oz.",479,0,false,16,oz,oz,oz,false,,true,false,false,true,1,https://d2lnr5mha7bycj.cloudfront.net/product-image/file/large_1fdd14da-93b2-4335-99ee-a862a6b9bf33.png,herr's,Unknown,"Herr's Salsa, Chunky, Mild",113,72600003873,unit,3230,2026-04-14,2026-04-13
7,Hi-C Flashin' Fruit Punch Juice Boxes Made With Real Fruit Juice,Hi-C Ponche de Frutas Flashin' en Cajita con Jugo Real,"Fruit punch juice boxes made with real fruit juice for kids' lunches, 6 fl oz.","Juguitos de ponche de frutas en cajita con jugo real para la lonchera, 6 fl oz.",319,0,false,6,fl oz,fl oz,fl oz,false,,true,false,true,true,1,https://d2lnr5mha7bycj.cloudfront.net/product-image/file/large_9a0bde4d-0d26-4664-b39b-b859a363b11e.jpg,hi-c,Unknown,Hi-C Flashin' Fruit Punch Juice Boxes Made With Real Fruit Juice,114,25000101304,unit,1,2026-04-14,2026-04-13
7,Honest Kids Fruit Punch Organic Juice Drink,Honest Kids Bebida de Jugo Orgánico Ponche de Frutas,"Organic fruit punch juice drink for kids, lower in sugar, 6 fl oz.","Bebida de ponche de frutas orgánico para niños, con menos azúcar, 6 fl oz.",499,0,false,6,fl oz,fl oz,fl oz,false,,true,false,true,true,1,https://d2lnr5mha7bycj.cloudfront.net/product-image/file/large_1745b3a3-04c1-4be5-a4a1-6162b2e725d1.jpg,honest kids,Unknown,Honest Kids Fruit Punch Organic Juice Drink,115,657622011848,unit,1,2026-04-14,2026-04-13
1,Honeycrisp Apple,Manzana Honeycrisp,"Sweet, extra-crisp Honeycrisp apple for snacking, salads, and lunchboxes, 1 lb.","Manzana Honeycrisp dulce y extra crujiente para merienda, ensaladas y lonchera, 1 lb.",299,0,false,1,lb,lb,lb,false,,true,true,false,true,1,https://d2lnr5mha7bycj.cloudfront.net/product-image/file/large_95ddce9a-fe0c-49c4-b069-ef6d6a5b31a9.jpg,,Unknown,Honeycrisp Apple,116,3283,estimated_each,4,2026-04-14,2026-04-13
2,Hormel Hard Salami & Pepperoni Party Tray,Hormel Bandeja de Salami Duro y Pepperoni para Fiestas,"Party tray with hard salami and pepperoni slices for gatherings and snacks, 28 oz.","Bandeja con rebanadas de salami duro y pepperoni para reuniones y picaderas, 28 oz.",1999,0,false,28,oz,oz,oz,false,,true,false,false,true,1,https://d2lnr5mha7bycj.cloudfront.net/product-image/file/large_2fd508fa-24e6-4d49-9c83-8e6b1038915e.png,hormel,Unknown,Hormel Hard Salami & Pepperoni Party Tray,117,37600330671,unit,3,2026-04-14,2026-04-13
2,Hormel Hard Salami And Pepperoni Party Tray,Hormel Bandeja de Salami Duro y Pepperoni para Fiestas,"Party tray with hard salami and pepperoni, ready for platters and picaderas, 28 oz.","Bandeja de salami duro y pepperoni, lista para platos y picaderas, 28 oz.",1999,0,false,28,oz,oz,oz,false,,true,false,false,true,1,https://d2lnr5mha7bycj.cloudfront.net/product-image/file/large_db3c63f3-118c-409f-aab2-dd87c0baa3b7.jpg,hormel,Unknown,Hormel Hard Salami And Pepperoni Party Tray,118,37600376495,unit,3,2026-04-14,2026-04-13
1,Hudson River Fruit Distributors Gala Apples,Hudson River Fruit Distributors Manzanas Gala,"Bag of sweet, juicy Gala apples for snacks, lunchboxes, and baking, 4 lb.","Bolsa de manzanas Gala dulces y jugosas para merienda, lonchera y hornear, 4 lb.",599,0,false,4,lb,lb,lb,false,,true,false,false,true,1,https://d1s8987jlndkbs.cloudfront.net/assets/missing-item-4bbe82b8555e4d1c12626fd482cb2409713e8e30835645ff3650ef66a725d03c.png,hudson river fruit distributors,Unknown,Hudson River Fruit Distributors Gala Apples,120,850011848173,unit,9999,2026-04-14,2026-04-13
1,Hudson River Fruit Red Delicious Apples,Hudson River Fruit Manzanas Red Delicious,"Bag of classic Red Delicious apples for snacking and fruit bowls, 4 lb.","Bolsa de manzanas Red Delicious clásicas para merienda y frutero, 4 lb.",499,0,false,4,lb,lb,lb,false,,true,false,false,true,1,https://d1s8987jlndkbs.cloudfront.net/assets/missing-item-4bbe82b8555e4d1c12626fd482cb2409713e8e30835645ff3650ef66a725d03c.png,hudson river fruit,Unknown,Hudson River Fruit Red Delicious Apples,121,850011848494,unit,9999,2026-04-14,2026-04-13
7,Juicy Juice Fruit Punch,Juicy Juice Ponche de Frutas,"Kid-friendly fruit punch juice box for lunchboxes and snacks, 4.23 fl oz.","Cajita de ponche de frutas para niños, ideal para lonchera y merienda, 4.23 fl oz.",399,0,false,4.23,fl oz,fl oz,fl oz,false,,true,false,false,true,1,https://d2lnr5mha7bycj.cloudfront.net/product-image/file/large_7abea389-cc97-47e1-bc21-9832e1339641.jpg,juicy juice,Unknown,Juicy Juice Fruit Punch,123,889497963476,unit,1,2026-04-14,2026-04-13
7,Juicy Juice Fruit Punch,Juicy Juice Ponche de Frutas,"Kid-friendly fruit punch juice box, bigger size for school lunches, 6.75 fl oz.","Cajita de ponche de frutas para niños, tamaño más grande para la lonchera, 6.75 fl oz.",549,0,false,6.75,fl oz,fl oz,fl oz,false,,true,false,false,true,1,https://d2lnr5mha7bycj.cloudfront.net/product-image/file/large_1151c653-c510-4c72-88e0-4cb4ac78288d.jpg,juicy juice,Unknown,Juicy Juice Fruit Punch,124,889497521454,unit,1,2026-04-14,2026-04-13
1,Jumbo Mangoes,Mangos Jumbo,"Large, juicy jumbo mangoes, perfect for smoothies, salsas, and fresh snacking.","Mangos jumbo grandes y jugosos, ideales para batidas, salsas y merienda fresca.",200,0,false,,,,,false,,true,false,false,true,1,https://d1s8987jlndkbs.cloudfront.net/assets/missing-item-4bbe82b8555e4d1c12626fd482cb2409713e8e30835645ff3650ef66a725d03c.png,,Unknown,Jumbo Mangoes,125,3488,unit,4,2026-04-14,2026-04-13
4,KA-ME Coconut Milk,Ka-Me Leche de Coco,"Coconut milk for Asian recipes, curries, rice, and tropical desserts, 13.5 fl oz.","Leche de coco para recetas asiáticas, currys, arroz y postres tropicales, 13.5 fl oz.",459,0,false,13.5,fl oz,fl oz,fl oz,false,,true,false,false,true,1,https://d2lnr5mha7bycj.cloudfront.net/product-image/file/large_f1dd1858-6add-4736-8173-fd8d1bdb10d6.png,ka-me,Unknown,KA-ME Coconut Milk,126,70844006063,unit,6017,2026-04-14,2026-04-13
7,Kool-Aid Bursts Tropical Punch,Kool-Aid Bursts Ponche Tropical,"Tropical punch drink in a squeezable bottle for kids' snacks and lunches, 6.75 fl oz.","Bebida de ponche tropical en botella apretable para meriendas y loncheras, 6.75 fl oz.",289,0,false,6.75,fl oz,fl oz,fl oz,false,,true,false,true,true,1,https://d2lnr5mha7bycj.cloudfront.net/product-image/file/large_39baf3b3-ca75-4eb9-98fb-9a7656e474ae.jpg,kool-aid,Unknown,Kool-Aid Bursts Tropical Punch,127,43000953693,unit,1,2026-04-14,2026-04-13
7,Kool-Aid Jammers Strawberry Kiwi Flavored Kids 0% Juice Drink Pouches,Kool-Aid Jammers Bolsitas Sabor Fresa Kiwi para Niños,"Strawberry kiwi flavored drink pouches for kids' lunchboxes and snacks, 6 fl oz.","Bolsitas de bebida sabor fresa kiwi para la lonchera y merienda de los niños, 6 fl oz.",499,0,false,6,fl oz,fl oz,fl oz,false,,true,false,true,true,1,https://d2lnr5mha7bycj.cloudfront.net/product-image/file/large_dae86e30-9088-445e-bbf5-cb8b206d6516.jpg,kool-aid,Unknown,Kool-Aid Jammers Strawberry Kiwi Flavored Kids 0% Juice Drink Pouches,128,43000028278,unit,1,2026-04-14,2026-04-13
4,La Lechera Dulce de Leche,La Lechera Dulce de Leche,"Creamy dulce de leche for desserts, pancakes, toast, and coffee, 13.4 oz.","Dulce de leche cremoso para postres, panqueques, pan tostado y café, 13.4 oz.",799,0,false,13.4,oz,oz,oz,false,,true,false,false,true,1,https://d2lnr5mha7bycj.cloudfront.net/product-image/file/large_5dddc1a5-4fd1-4720-be88-ecea20d606bc.png,la lechera,Unknown,La Lechera Dulce de Leche,130,28000518868,unit,5600,2026-04-14,2026-04-13
4,Lean Cuisine Comfort Cravings Macaroni & Cheese Frozen Entrée,Lean Cuisine Comfort Cravings Macarrones con Queso Congelados,"Frozen macaroni and cheese entrée for a lighter, ready-made lunch, 10 oz.","Entrada congelada de macarrones con queso para un almuerzo liviano y rápido, 10 oz.",499,0,false,10,oz,oz,oz,false,,true,false,false,true,1,https://d2lnr5mha7bycj.cloudfront.net/product-image/file/large_b10cba61-06f0-4ae5-8f58-11d7f7d3f015.jpg,lean cuisine,Unknown,Lean Cuisine Comfort Cravings Macaroni & Cheese Frozen Entrée,131,13800188052,unit,2,2026-04-14,2026-04-13
1,"Libby's Peach Slices, Yellow Cling",Libby's Rebanadas de Melocotón Amarillo,"Canned yellow cling peach slices in syrup for desserts and snacks, 15 oz.","Rebanadas de melocotón amarillo en almíbar para postres y meriendas, 15 oz.",289,0,false,15,oz,oz,oz,false,,true,false,false,true,1,https://d2lnr5mha7bycj.cloudfront.net/product-image/file/large_fbc3d033-d0d9-47d1-8ec1-b5b319a83c3d.png,libby's,Unknown,"Libby's Peach Slices, Yellow Cling",132,21300141095,unit,1,2026-04-14,2026-04-13
4,Lunchables Turkey & American Cheese Cracker Stackers Kids Lunch Snack Meal Kit & Capri Sun,Lunchables Cracker Stackers de Pavo y Queso Americano con Capri Sun,"Kids' lunch kit with turkey, American cheese, crackers, and Capri Sun drink, 8.9 oz.","Kit de lonchera con pavo, queso americano, galletas y bebida Capri Sun, 8.9 oz.",419,0,false,8.9,oz,oz,oz,false,,true,false,true,true,1,https://d2lnr5mha7bycj.cloudfront.net/product-image/file/large_a1ae8fbd-a10c-42a3-a117-286c5fc64d96.jpg,lunchables,Unknown,Lunchables Turkey & American Cheese Cracker Stackers Kids Lunch Snack Meal Kit & Capri Sun,139,4470000674,unit,3,2026-04-14,2026-04-13
2,Lunchables Turkey & American with Chocolate Creme Cookies,Lunchables Pavo y Queso Americano con Galletas de Crema de Chocolate,"Kids' lunch kit with turkey, American cheese, crackers, and chocolate cookies, 3.2 oz.","Kit de lonchera con pavo, queso americano, galletas y galletas de chocolate, 3.2 oz.",369,0,false,3.2,oz,oz,oz,false,,true,false,false,true,1,https://d2lnr5mha7bycj.cloudfront.net/product-image/file/large_780692d0-d6ec-45c3-8a9a-4d88441aea23.jpg,lunchables,Unknown,Lunchables Turkey & American with Chocolate Creme Cookies,140,4470010320,unit,3,2026-04-14,2026-04-13
4,Lunchables Turkey & Cheddar Cheese Cracker Stackers Kids Lunch Snack Meal Kit & Capri Sun,Lunchables Cracker Stackers de Pavo y Queso Cheddar con Capri Sun,"Kids' lunch kit with turkey, cheddar, crackers, and Capri Sun drink, 8.9 oz.","Kit de lonchera con pavo, queso cheddar, galletas y bebida Capri Sun, 8.9 oz.",419,0,false,8.9,oz,oz,oz,false,,true,false,true,true,1,https://d2lnr5mha7bycj.cloudfront.net/product-image/file/large_d9749114-5c58-41d9-ae89-68b54fc8935c.jpg,lunchables,Unknown,Lunchables Turkey & Cheddar Cheese Cracker Stackers Kids Lunch Snack Meal Kit & Capri Sun,141,44700006733,unit,3,2026-04-14,2026-04-13
2,"Matlaw's Stuffed Clams, New England Style",Matlaw's Almejas Rellenas Estilo New England,"Stuffed clams, New England-style, bake and serve as appetizers, 9 ct.","Almejas rellenas estilo New England, hornea y sirve como aperitivo, 9 ct.",799,0,false,9,ct,ct,ct,true,699,true,false,false,true,1,https://d2lnr5mha7bycj.cloudfront.net/product-image/file/large_db175c9c-f283-4a72-b9d6-d24ab4c77e3c.png,matlaw's,Unknown,"Matlaw's Stuffed Clams, New England Style",142,41625924128,unit,9501,2026-04-14,2026-04-13
1,McCain Quick Cook Tasti Taters Frozen Potatoes,McCain Papas Congeladas Tasti Taters Cocción Rápida,"Frozen quick-cook tater rounds for easy baked or air-fried sides, 26 oz.","Papas congeladas en rodajas de cocción rápida para hornear o freidora de aire, 26 oz.",599,0,false,26,oz,oz,oz,false,,true,false,false,true,1,https://d2lnr5mha7bycj.cloudfront.net/product-image/file/large_9b20a897-c4b8-4e48-83d7-804814a79478.png,mccain,Unknown,McCain Quick Cook Tasti Taters Frozen Potatoes,143,72714009761,unit,2,2026-04-14,2026-04-13
4,Media Crema Media Crema Table Cream,Media Crema de Mesa,"Rich table cream for flan, coffee, desserts, and creamy sauces, 7.6 fl oz.","Crema de mesa cremosa para flan, café, postres y salsas cremosas, 7.6 fl oz.",329,0,false,7.6,fl oz,fl oz,fl oz,false,,true,false,false,true,1,https://d2lnr5mha7bycj.cloudfront.net/product-image/file/large_64ed7c41-c185-4ee5-bea3-d08fecf250ff.png,media crema,Unknown,Media Crema Media Crema Table Cream,144,28000517205,unit,1,2026-04-14,2026-04-13
1,Mexican Papaya,Lechosa Mexicana (Papaya),"Large, sweet Mexican papaya for batidas, breakfast, and tropical fruit bowls, 1 ct.","Lechosa mexicana grande y dulce para batidas, desayuno y bowls de frutas, 1 ct.",249,0,false,1,ct,ct,ct,false,,true,false,false,true,1,https://d2lnr5mha7bycj.cloudfront.net/product-image/file/large_4c151450-4e8d-44c8-9c02-7ec3cb8ea7fe.jpg,,Unknown,Mexican Papaya,145,3112,estimated_each,4,2026-04-14,2026-04-13
7,Minute Maid Berry Punch Juice Drink Carton,Minute Maid Ponche de Bayas en Cartón,"Berry punch juice drink in a family-size carton for parties and meals, 59 fl oz.","Bebida de ponche de bayas en cartón tamaño familiar para fiestas y comidas, 59 fl oz.",299,0,false,59,fl oz,fl oz,fl oz,false,,true,false,true,true,1,https://d2lnr5mha7bycj.cloudfront.net/product-image/file/large_b8082fe6-98c5-42d1-a996-38268b83d3ec.jpg,minute maid,Unknown,Minute Maid Berry Punch Juice Drink Carton,146,25000047664,unit,3,2026-04-14,2026-04-13
7,Minute Maid Fruit Punch Juice Drink Carton,Minute Maid Ponche de Frutas en Cartón,"Fruit punch juice drink in a family-size carton for parties and meals, 59 fl oz.","Bebida de ponche de frutas en cartón tamaño familiar para fiestas y comidas, 59 fl oz.",299,0,false,59,fl oz,fl oz,fl oz,false,,true,false,true,true,1,https://d2lnr5mha7bycj.cloudfront.net/product-image/file/large_706a25c0-6b51-4c7f-aaac-d3ed631c325a.jpg,minute maid,Unknown,Minute Maid Fruit Punch Juice Drink Carton,148,25000047725,unit,3,2026-04-14,2026-04-13
7,Mott's 100% Fruit Punch Juice,Mott's Jugo 100% Ponche de Frutas,"100% fruit punch juice with no added sugar for kids' lunches and snacks, 6.75 oz.","Jugo 100% ponche de frutas sin azúcar añadida para lonchera y merienda, 6.75 oz.",499,0,false,6.75,oz,oz,oz,false,,true,false,false,true,1,https://d2lnr5mha7bycj.cloudfront.net/product-image/file/large_327b97a6-5e6e-439d-8664-ee3637b8507f.jpg,mott's,Unknown,Mott's 100% Fruit Punch Juice,150,1480031817,unit,1,2026-04-14,2026-04-13
3,"Newman's Own Salsa, Chunky, Medium, Bolder Flavor","Newman's Own Salsa Media con Trozos, Sabor Más Intenso","Chunky medium salsa with bolder flavor for chips, tacos, and rice, 16 oz.","Salsa media con trozos y sabor más intenso para chips, tacos y arroz, 16 oz.",449,0,false,16,oz,oz,oz,false,,true,false,false,true,1,https://d2lnr5mha7bycj.cloudfront.net/product-image/file/large_c8ef9dd8-8669-4b13-921b-a148123e1ceb.png,newman's own,Unknown,"Newman's Own Salsa, Chunky, Medium, Bolder Flavor",151,20662000965,unit,1,2026-04-14,2026-04-13
3,"Newman's Own Salsa, Mango, Medium, Chunky",Newman's Own Salsa de Mango Media con Trozos,"Chunky medium mango salsa for grilled meats, fish, and tortilla chips, 16 oz.","Salsa media de mango con trozos para carnes a la parrilla, pescado y chips, 16 oz.",449,0,false,16,oz,oz,oz,false,,true,false,false,true,1,https://d2lnr5mha7bycj.cloudfront.net/product-image/file/large_942552fc-f7d7-47f3-a70d-382f8246e8fb.png,newman's own,Unknown,"Newman's Own Salsa, Mango, Medium, Chunky",152,20662003508,unit,1,2026-04-14,2026-04-13
4,Next Wave Seafood Mussels in Tomato and Garlic Butter Sauce,Next Wave Seafood Mejillones en Salsa de Tomate y Mantequilla de Ajo,"Ready-to-heat mussels in tomato and garlic butter sauce for easy dinners, 1 lb.","Mejillones listos para calentar en salsa de tomate y mantequilla de ajo, 1 lb.",599,0,false,1,lb,lb,lb,true,499,true,false,false,true,1,https://d2lnr5mha7bycj.cloudfront.net/product-image/file/large_b080df51-f9b3-4f20-9929-5ce7d711a420.jpg,next wave seafood,Unknown,Next Wave Seafood Mussels in Tomato and Garlic Butter Sauce,154,856382003012,unit,9501,2026-04-14,2026-04-13
6,"Old Fashioned Pie, Apple",Pay de Manzana Estilo Antiguo,"Single-serve old-fashioned apple pie, ready to enjoy as a dessert, 4 oz.","Pay de manzana estilo antiguo individual, listo para disfrutar como postre, 4 oz.",199,0,false,4,oz,oz,oz,false,,true,false,false,true,1,https://d2lnr5mha7bycj.cloudfront.net/product-image/file/large_ba1b8a8e-058f-403b-87d0-af4e02b93f9f.png,old fashioned,Unknown,"Old Fashioned Pie, Apple",155,11233077011,unit,2,2026-04-14,2026-04-13
3,On The Border Medium Salsa,On The Border Salsa Media,"Restaurant-style medium salsa for chips, tacos, and rice bowls, 16 oz.","Salsa media estilo restaurante para chips, tacos y bowls de arroz, 16 oz.",399,0,false,16,oz,oz,oz,false,,true,false,false,true,1,https://d2lnr5mha7bycj.cloudfront.net/product-image/file/large_ca48425e-de5e-49be-b198-ac90928584e6.png,on the border,Unknown,On The Border Medium Salsa,156,781138700160,unit,3260,2026-04-14,2026-04-13
3,On The Border Mild Salsa,On The Border Salsa Suave,"Restaurant-style mild salsa for chips, tacos, and family snacks, 16 oz.","Salsa suave estilo restaurante para chips, tacos y meriendas familiares, 16 oz.",399,0,false,16,oz,oz,oz,false,,true,false,false,true,1,https://d2lnr5mha7bycj.cloudfront.net/product-image/file/large_06cc45d4-8fee-4ac1-bff3-c4f86586f9ce.png,on the border,Unknown,On The Border Mild Salsa,157,781138703161,unit,3260,2026-04-14,2026-04-13
2,On‑Cor Chicken Nibblers,On‑Cor Bocaditos de Pollo,"Frozen breaded chicken bites, bake and serve for quick family meals, 27 oz.","Bocaditos de pollo empanizados congelados, hornea y sirve para comidas rápidas, 27 oz.",749,0,false,27,oz,oz,oz,false,,true,false,false,true,1,https://d2lnr5mha7bycj.cloudfront.net/product-image/file/large_254ecbc7-da0e-42ae-8395-4cf38a56d3e2.png,on‑cor,Unknown,On‑Cor Chicken Nibblers,158,70575450050,unit,9500,2026-04-14,2026-04-13
3,"Ortega Salsa, Homestyle, Medium","Ortega Salsa Estilo Casero, Media","Homestyle medium salsa for tacos, burritos, rice, and tortilla chips, 16 oz.","Salsa estilo casero media para tacos, burritos, arroz y chips de tortilla, 16 oz.",459,0,false,16,oz,oz,oz,false,,true,false,false,true,1,https://d2lnr5mha7bycj.cloudfront.net/product-image/file/large_7144a55a-6433-46ab-aaf4-ca0428b9d471.png,ortega,Unknown,"Ortega Salsa, Homestyle, Medium",159,39000567565,unit,1,2026-04-14,2026-04-13
3,"Our Family Mixed Vegetables Carrots, Green Beans, Corn & Peas","Our Family Vegetales Mixtos: Zanahoria, Habichuelas Tiernas, Maíz y Guisantes","Canned mixed vegetables with carrots, green beans, corn, and peas, 12 oz.","Vegetales mixtos enlatados con zanahoria, habichuelas tiernas, maíz y guisantes, 12 oz.",199,0,false,12,oz,oz,oz,false,,true,false,false,true,1,https://d2lnr5mha7bycj.cloudfront.net/product-image/file/large_5958b314-06cc-4054-b4e9-f1ea48e9482c.png,our family,Unknown,"Our Family Mixed Vegetables Carrots, Green Beans, Corn & Peas",160,70253104695,unit,2,2026-04-14,2026-04-13
1,Our Family Steamable Diced Peas & Carrots,Our Family Guisantes y Zanahoria en Cubitos para Vaporizar,"Steamable diced peas and carrots for quick sides and rice dishes, 12 oz.","Guisantes y zanahoria en cubitos para vaporizar, acompañante rápido para arroz, 12 oz.",199,0,false,12,oz,oz,oz,false,,true,false,false,true,1,https://d2lnr5mha7bycj.cloudfront.net/product-image/file/large_a218ac55-df3e-458a-b92e-3223af733d5d.png,our family,Unknown,Our Family Steamable Diced Peas & Carrots,161,70253104794,unit,2,2026-04-14,2026-04-13
6,Panera Bread Broccoli Cheddar Soup Cup,Panera Bread Sopa de Brócoli y Cheddar en Vasito,"Ready-to-heat broccoli cheddar soup cup for quick lunches at home or work, 16 oz.","Vasito de sopa de brócoli y cheddar lista para calentar, almuerzo rápido, 16 oz.",799,0,false,16,oz,oz,oz,false,,true,false,false,true,1,https://d2lnr5mha7bycj.cloudfront.net/product-image/file/large_1587009b-824a-480d-b263-dd4bd89ac993.png,panera bread,Unknown,Panera Bread Broccoli Cheddar Soup Cup,163,77958690911,unit,3,2026-04-14,2026-04-13
2,Panera Bread Chicken Noodle Soup,Panera Bread Sopa de Pollo con Fideos,"Ready-to-heat chicken noodle soup for comforting lunches and light dinners, 16 oz.","Sopa de pollo con fideos lista para calentar, almuerzo reconfortante o cena liviana, 16 oz.",799,0,false,16,oz,oz,oz,false,,true,false,false,true,1,https://d2lnr5mha7bycj.cloudfront.net/product-image/file/large_20477bc3-02cf-4276-a1d7-24e119f3eebe.png,panera bread,Unknown,Panera Bread Chicken Noodle Soup,164,77958690416,unit,3,2026-04-14,2026-04-13
3,"PB2 Powdered Peanut Butter, 90% Less Fat, Original","PB2 Mantequilla de Maní en Polvo, 90% Menos Grasa","Powdered peanut butter with 90% less fat for smoothies, shakes, and baking, 6.5 oz.","Mantequilla de maní en polvo con 90% menos grasa para batidas, shakes y hornear, 6.5 oz.",549,0,false,6.5,oz,oz,oz,false,,true,false,false,true,1,https://d2lnr5mha7bycj.cloudfront.net/product-image/file/large_8a7c9c7c-7875-4b2c-88ef-9ff03f275a13.png,pb2,Unknown,"PB2 Powdered Peanut Butter, 90% Less Fat, Original",167,850791002000,unit,6009,2026-04-14,2026-04-13
2,Perdue Breaded Chicken Breast Nuggets Dinosaur Shapes,Perdue Nuggets de Pechuga de Pollo Empanizados en Forma de Dinosaurio,"Breaded chicken breast nuggets in fun dinosaur shapes for kids' meals, 12 oz.","Nuggets de pechuga de pollo empanizados en forma de dinosaurio, para comidas de niños, 12 oz.",449,0,false,12,oz,oz,oz,false,,true,false,false,true,1,https://d2lnr5mha7bycj.cloudfront.net/product-image/file/large_995be4bd-afcd-49b2-a30d-e653cc6c3aac.jpg,perdue,Unknown,Perdue Breaded Chicken Breast Nuggets Dinosaur Shapes,168,72745001079,unit,9500,2026-04-14,2026-04-13
2,Perdue Breaded Popcorn Chicken Bites,Perdue Bocaditos de Pollo Empanizado Tipo Popcorn,"Bite-sized breaded popcorn chicken for snacks, lunches, and quick dinners, 12 oz.","Bocaditos de pollo empanizado tipo popcorn para merienda, almuerzo y cena rápida, 12 oz.",449,0,false,12,oz,oz,oz,false,,true,false,false,true,1,https://d2lnr5mha7bycj.cloudfront.net/product-image/file/large_5f51244c-6a98-4af1-89e7-5cbfe53359e3.jpg,perdue,Unknown,Perdue Breaded Popcorn Chicken Bites,169,72745001277,unit,9500,2026-04-14,2026-04-13
3,Pictsweet Farms Recipe Helper Pepper & Onion Strips,Pictsweet Farms Tiras de Pimiento y Cebolla Recipe Helper,"Frozen pepper and onion strips for fajitas, stir-fries, and sautés, 16 oz.","Tiras de pimiento y cebolla congeladas para fajitas, salteados y sofritos, 16 oz.",449,0,false,16,oz,oz,oz,false,,true,false,false,true,1,https://d2lnr5mha7bycj.cloudfront.net/product-image/file/large_c4789d65-776e-4bff-b9fd-ff607186c252.png,pictsweet farms,Unknown,Pictsweet Farms Recipe Helper Pepper & Onion Strips,177,70560956567,unit,2,2026-04-14,2026-04-13
1,Pictsweet Farms Steamables Farm Simple Harvest Cut Corn,Pictsweet Farms Steamables Maíz en Granos,"Steamable frozen cut corn kernels for quick sides, soups, and salads, 10 oz.","Granos de maíz congelados para vaporizar, acompañantes, sopas y ensaladas, 10 oz.",279,0,false,10,oz,oz,oz,false,,false,false,false,true,1,https://d2lnr5mha7bycj.cloudfront.net/product-image/file/large_50ef6b7c-98c4-4588-9901-346aac453bc9.png,pictsweet farms,Unknown,Pictsweet Farms Steamables Farm Simple Harvest Cut Corn,178,7056097906,unit,2,2026-04-14,2026-04-13
1,Pineapple,Piña,"Fresh whole pineapple, sweet and juicy for fruit bowls, batidas, and desserts, 1 each.","Piña fresca entera, dulce y jugosa para frutero, batidas y postres, 1 each.",449,0,false,1,each,each,each,true,399,true,true,false,true,1,https://d2lnr5mha7bycj.cloudfront.net/product-image/file/large_0b432212-1e7a-4525-a632-d67f6df60485.jpg,,Unknown,Pineapple,179,4430,unit,4,2026-04-14,2026-04-13
1,Pink Lady (Cripps) Apple,Manzana Pink Lady (Cripps),"Sweet-tart Pink Lady apple for snacking, salads, and baking, 1 lb.","Manzana Pink Lady agridulce para merienda, ensaladas y hornear, 1 lb.",249,0,false,1,lb,lb,lb,false,,true,false,false,true,1,https://d2lnr5mha7bycj.cloudfront.net/product-image/file/large_3ee926a7-df8b-46f6-94f5-5e2127af903b.jpg,,Unknown,Pink Lady (Cripps) Apple,180,4130,estimated_each,4,2026-04-14,2026-04-13
1,Plantain,Plátano,"Fresh plantain for tostones, maduros, mangu, and Caribbean dishes, 1 each.","Plátano fresco para tostones, maduros, mangú y platos caribeños, 1 each.",83,0,false,1,each,each,each,false,,true,false,false,true,1,https://d2lnr5mha7bycj.cloudfront.net/product-image/file/large_a1ae4407-67e1-44d5-aa66-b8caddd16361.jpg,,Unknown,Plantain,181,4235,unit,4,2026-04-14,2026-04-13
2,Rancher's Legend Premium Black Angus Beef Round Pepper Steaks,Rancher's Legend Bistec de Res Black Angus Premium con Pimienta,"Premium Black Angus beef round pepper steaks, great for grilling and pan-searing, 1 lb.","Bistec de res Black Angus premium con pimienta, ideal para parrilla o sartén, 1 lb.",0,0,false,1,lb,lb,lb,false,,true,false,false,true,1,https://d1s8987jlndkbs.cloudfront.net/assets/missing-item-4bbe82b8555e4d1c12626fd482cb2409713e8e30835645ff3650ef66a725d03c.png,rancher's legend,Unknown,Rancher's Legend Premium Black Angus Beef Round Pepper Steaks,182,201740000002,weight,9999,2026-04-14,2026-04-13
1,Red Delicious Apple,Manzana Red Delicious,"Classic Red Delicious apple for snacking, lunchboxes, and fruit bowls, 1 lb.","Manzana Red Delicious clásica para merienda, lonchera y frutero, 1 lb.",249,0,false,1,lb,lb,lb,false,,true,true,false,true,1,https://d2lnr5mha7bycj.cloudfront.net/product-image/file/large_4b9214c1-6f88-45f6-941b-aa46049cd342.jpg,,Unknown,Red Delicious Apple,183,4016,estimated_each,4,2026-04-14,2026-04-13
1,Red Mango,Mango Rojo,"Sweet, juicy red mango for batidas, salsas, and fresh snacking, 1 each.","Mango rojo dulce y jugoso para batidas, salsas y merienda fresca, 1 each.",250,0,false,1,each,each,each,true,200,true,true,false,true,1,https://d2lnr5mha7bycj.cloudfront.net/product-image/file/large_39813ffd-1670-4b84-903f-da6e5fbddeeb.jpg,,Unknown,Red Mango,184,4959,unit,4,2026-04-14,2026-04-13
1,Red Pear,Pera Roja,"Sweet, juicy red pear for snacking, salads, and fruit platters, 1 lb.","Pera roja dulce y jugosa para merienda, ensaladas y bandejas de frutas, 1 lb.",149,0,false,1,lb,lb,lb,false,,true,false,false,true,1,https://d2lnr5mha7bycj.cloudfront.net/product-image/file/large_bbea890b-6741-4a72-8147-db8641f461fe.jpg,,Unknown,Red Pear,185,4417,estimated_each,4,2026-04-14,2026-04-13
3,"Ronzoni Gemelli, 16 oz, Non-GMO Twisty Tube Pasta","Ronzoni Gemelli, Pasta No GMO en Tubo Retorcido","Twisted tube-shaped pasta that holds sauces well for family dinners, 1 lb.","Pasta en tubo retorcido que agarra bien la salsa para cenas en familia, 1 lb.",229,0,false,1,lb,lb,lb,false,,true,false,false,true,1,https://d2lnr5mha7bycj.cloudfront.net/product-image/file/large_dca9b6d1-06c2-48a8-9448-51d520f74bcd.png,ronzoni,Unknown,"Ronzoni Gemelli, Non-GMO Twisty Tube Pasta",186,71300001264,unit,1,2026-04-14,2026-04-13
3,"Ronzoni Rotelle, 16 oz, Large Spiral Corkscrew Pasta, Non-GMO","Ronzoni Rotelle, Pasta No GMO en Espiral Grande","Large spiral corkscrew pasta, perfect for chunky sauces and pasta salads, 1 lb.","Pasta en espiral grande, ideal para salsas con trozos y ensaladas de pasta, 1 lb.",229,0,false,1,lb,lb,lb,false,,true,false,false,true,1,https://d2lnr5mha7bycj.cloudfront.net/product-image/file/large_1cd18c36-57c9-481f-b33a-97e6c159216a.png,ronzoni,Unknown,"Ronzoni Rotelle, Large Spiral Corkscrew Pasta, Non-GMO",187,71300001240,unit,1,2026-04-14,2026-04-13
3,"Sfoglini Radiators, Organic Pasta","Sfoglini Radiators, Pasta Orgánica","Organic radiator-shaped pasta that grabs sauce for hearty family meals, 16 oz.","Pasta orgánica en forma de radiador que agarra la salsa para comidas en familia, 16 oz.",699,0,false,16,oz,oz,oz,true,599,true,false,false,true,1,https://d2lnr5mha7bycj.cloudfront.net/product-image/file/large_53c347eb-7f68-4b71-97db-0f515afd2351.jpg,sfoglini,Unknown,"Sfoglini Radiators, Organic Pasta",188,851980005062,unit,6009,2026-04-14,2026-04-13
2,Smithfield Anytime Favorites Pork Chops,Smithfield Chuletas de Cerdo Anytime Favorites,"Ready-to-cook seasoned pork chops for quick weeknight dinners, 17 oz.","Chuletas de cerdo sazonadas listas para cocinar, cena rápida entre semana, 17 oz.",999,0,false,17,oz,oz,oz,false,,true,false,false,true,1,https://d2lnr5mha7bycj.cloudfront.net/product-image/file/large_82f9bb20-d845-4d31-9eb7-078b3f9132df.png,smithfield,Unknown,Smithfield Anytime Favorites Pork Chops,189,70800049080,unit,9500,2026-04-14,2026-04-13
1,Spring Valley Fruits Premium Guava,Spring Valley Fruits Guayaba Premium,"Fresh premium guava for batidas, desserts, and tropical fruit platters, 1.1 lb.","Guayaba fresca premium para batidas, postres y bandejas de frutas tropicales, 1.1 lb.",299,0,false,1.1,lb,lb,lb,false,,true,false,false,true,1,https://d1s8987jlndkbs.cloudfront.net/assets/missing-item-4bbe82b8555e4d1c12626fd482cb2409713e8e30835645ff3650ef66a725d03c.png,spring valley fruits,Unknown,Spring Valley Fruits Premium Guava,190,614360000008,unit,4,2026-04-14,2026-04-13
2,Steak-umm Sliced All Beef Sliced Steaks,Steak-umm Bistec de Res Rebanado,"Thinly sliced all-beef steaks for cheesesteaks, sandwiches, and quick dinners, 9 oz.","Bistec de res rebanado fino para cheesesteaks, sándwiches y cena rápida, 9 oz.",699,0,false,9,oz,oz,oz,false,,true,false,false,true,1,https://d2lnr5mha7bycj.cloudfront.net/product-image/file/large_65017985-45bc-4964-a8f8-ab159ed48dca.png,steak-umm,Unknown,Steak-umm Sliced All Beef Sliced Steaks,191,72545062621,unit,2,2026-04-14,2026-04-13
2,Steak-umm Sliced Steaks,Steak-umm Bistec Rebanado,"Thinly sliced steaks for cheesesteaks, wraps, and fast weeknight dinners, 10 each.","Bistec rebanado fino para cheesesteaks, wraps y cena rápida entre semana, 10 each.",1299,0,false,10,each,each,each,false,,true,false,false,true,1,https://d2lnr5mha7bycj.cloudfront.net/product-image/file/large_5c6c9790-a157-4813-842c-3886ae850ffa.png,steak-umm,Unknown,Steak-umm Sliced Steaks,192,7254506254,unit,2,2026-04-14,2026-04-13
4,Stouffer's Macaroni And Cheese Large Size Oven Or Microwave Dinner Easy Frozen Dinners,"Stouffer's Macarrones con Queso Tamaño Grande, Horno o Microondas","Large-size frozen macaroni and cheese, oven or microwave, for family meals, 20 oz.","Macarrones con queso congelados tamaño grande, horno o microondas, para la familia, 20 oz.",749,0,false,20,oz,oz,oz,false,,true,false,false,true,1,https://d2lnr5mha7bycj.cloudfront.net/product-image/file/large_60ac7bf0-866f-444f-954a-e0134bd3f232.jpg,stouffer's,Unknown,Stouffer's Macaroni And Cheese Large Size Oven Or Microwave Dinner Easy Frozen Dinners,194,13800103420,unit,2,2026-04-14,2026-04-13
4,Stouffer's Macaroni And Cheese Single Serve Frozen Entrees For One Easy Frozen Dinners,Stouffer's Macarrones con Queso Porción Individual Congelados,"Single-serve frozen macaroni and cheese entrée for a quick easy meal, 12 oz.","Macarrones con queso congelados porción individual para una comida rápida, 12 oz.",479,0,false,12,oz,oz,oz,false,,true,false,false,true,1,https://d2lnr5mha7bycj.cloudfront.net/product-image/file/large_9fb27a66-a45f-431d-87c1-577609327d25.jpg,stouffer's,Unknown,Stouffer's Macaroni And Cheese Single Serve Frozen Entrees For One Easy Frozen Dinners,195,13800103406,unit,2,2026-04-14,2026-04-13
1,Sweet Potato (Yam),Batata (Camote),"Fresh sweet potatoes, great boiled, roasted, baked, or mashed, 20 lb.","Batatas frescas, ricas hervidas, asadas, horneadas o en puré, 20 lb.",199,0,false,20,lb,lb,lb,false,,true,false,false,true,1,https://d2lnr5mha7bycj.cloudfront.net/product-image/file/large_210674d5-d0aa-45e9-90f4-cdb7a55fa728.jpg,,Unknown,Sweet Potato (Yam),196,4091,estimated_each,9999,2026-04-14,2026-04-13
6,"Table Talk Old Fashioned Sweet Potato Pie, 8 in","Table Talk Pay de Batata Estilo Antiguo, 8 in","Old-fashioned 8-inch sweet potato pie, ready to serve for family dessert, 22 oz.","Pay de batata estilo antiguo de 8 pulgadas, listo para servir en familia, 22 oz.",799,0,false,22,oz,oz,oz,false,,true,false,false,true,1,https://d2lnr5mha7bycj.cloudfront.net/product-image/file/large_cf1db2d5-7669-4f3c-b6fa-c2430042dd8d.jpg,table talk,Unknown,"Table Talk Old Fashioned Sweet Potato Pie, 8 in",197,11233490070,unit,2,2026-04-14,2026-04-13
3,"Tostitos Chunky Salsa, Medium",Tostitos Salsa Media con Trozos,"Medium chunky salsa for tortilla chips, tacos, and game-day snacks, 15.5 oz.","Salsa media con trozos para chips de tortilla, tacos y meriendas, 15.5 oz.",449,0,false,15.5,oz,oz,oz,true,399,true,false,false,true,1,https://d2lnr5mha7bycj.cloudfront.net/product-image/file/large_83b089ef-b0eb-4fae-a5a8-12da08443691.png,tostitos,Unknown,"Tostitos Chunky Salsa, Medium",198,2840005598,unit,3220,2026-04-14,2026-04-13
3,"Tostitos Chunky Salsa, Mild",Tostitos Salsa Suave con Trozos,"Mild chunky salsa for tortilla chips, family dinners, and easy snacks, 15.5 oz.","Salsa suave con trozos para chips de tortilla, cenas y meriendas fáciles, 15.5 oz.",449,0,false,15.5,oz,oz,oz,true,399,true,false,false,true,1,https://d2lnr5mha7bycj.cloudfront.net/product-image/file/large_87adaf99-2595-4990-aca1-5918062a68d2.png,tostitos,Unknown,"Tostitos Chunky Salsa, Mild",199,28400055970,unit,3220,2026-04-14,2026-04-13
2,Tropical Boned Salted Pollock,Tropical Bacalao de Abadejo Salado Sin Espinas,"Boned salted pollock for bacalao dishes, fritters, and Caribbean recipes, 12 oz.","Abadejo salado sin espinas para bacalao, frituras y recetas caribeñas, 12 oz.",499,0,false,12,oz,oz,oz,false,,true,false,false,true,1,https://d2lnr5mha7bycj.cloudfront.net/product-image/file/large_d30cd119-5f85-47f7-8cc2-a4e925343eae.jpg,tropical,Unknown,Tropical Boned Salted Pollock,201,27568070405,unit,7019,2026-04-14,2026-04-13
3,"Wise Salsa Con Queso, Medium",Wise Salsa Con Queso Media,"Medium salsa con queso dip for tortilla chips, nachos, and parties, 15 oz.","Salsa con queso media para mojar chips de tortilla, nachos y fiestas, 15 oz.",499,0,false,15,oz,oz,oz,true,399,true,false,false,true,1,https://d2lnr5mha7bycj.cloudfront.net/product-image/file/large_aa17a153-d091-4e28-bd84-44b65dc6d0c5.png,wise,Unknown,"Wise Salsa Con Queso, Medium",203,41262281684,unit,3201,2026-04-14,2026-04-13
3,"Xochitl Chipotle Salsa, Medium",Xochitl Salsa de Chipotle Media,"Medium chipotle salsa with smoky flavor for chips, tacos, and eggs, 15 oz.","Salsa de chipotle media con sabor ahumado para chips, tacos y huevos, 15 oz.",699,0,false,15,oz,oz,oz,true,599,true,false,false,true,1,https://d2lnr5mha7bycj.cloudfront.net/product-image/file/large_729734c8-b9eb-4566-94df-b19800b25c89.png,xochitl,Unknown,"Xochitl Chipotle Salsa, Medium",204,854137000033,unit,3201,2026-04-14,2026-04-13
1,Yellow Sweet Corn,Maíz Dulce Amarillo,"Fresh yellow sweet corn on the cob, great boiled, grilled, or roasted, 1 each.","Maíz dulce amarillo fresco en mazorca, rico hervido, a la parrilla o asado, 1 each.",50,0,false,1,each,each,each,false,,true,false,false,true,1,https://d2lnr5mha7bycj.cloudfront.net/product-image/file/large_8275f013-29ca-48a5-aebc-7687d7f8d7b4.jpg,,Unknown,Yellow Sweet Corn,205,4078,unit,4,2026-04-14,2026-04-13
3,Maizly Original Cornmilk,Maizly Leche de Maíz Original,"Plant-based corn milk for cereal, coffee, smoothies, and baking, 32 fl oz.","Leche de maíz a base de plantas para cereal, café, batidas y hornear, 32 fl oz.",449,0,false,32,fl oz,fl oz,fl oz,false,,true,false,false,true,1,https://d2lnr5mha7bycj.cloudfront.net/product-image/file/large_6b1d528a-803b-480a-9d8a-d96ff164b4b3.png,maizly,Unknown,Maizly Original Cornmilk,206,860011414834,unit,6009,2026-04-14,2026-04-13
7,Simply High Pulp Orange Juice Bottle,Simply Jugo de Naranja con Mucha Pulpa,"Not-from-concentrate orange juice with high pulp for breakfast, 46 oz.","Jugo de naranja no concentrado con mucha pulpa para el desayuno, 46 oz.",599,0,false,46,oz,oz,oz,false,,true,false,false,true,1,https://d2lnr5mha7bycj.cloudfront.net/product-image/file/large_1b9744cb-2f14-4191-8ec8-84bd966ca22b.jpg,simply,Unknown,Simply High Pulp Orange Juice Bottle,207,25000136825,unit,3,2026-04-14,2026-04-13
7,"Tropicana Pure Premium 100% Orange Juice Original, No Pulp, Single Serve","Tropicana Pure Premium Jugo de Naranja 100% Original, Sin Pulpa, Porción Individual","Single-serve 100% orange juice with no pulp for school lunches and breakfasts, 11 fl oz.","Jugo de naranja 100% sin pulpa porción individual para lonchera y desayuno, 11 fl oz.",279,0,false,11,fl oz,fl oz,fl oz,false,,true,false,false,true,1,https://d2lnr5mha7bycj.cloudfront.net/product-image/file/large_14c591db-5e83-450e-aaca-b1c369c39d91.png,tropicana,Unknown,"Tropicana Pure Premium 100% Orange Juice Original, No Pulp, Single Serve",209,48500206034,unit,3,2026-04-14,2026-04-13
7,"Tropicana Pure Premium 100% Orange Juice Original, Calcium + Vitamin D","Tropicana Pure Premium Jugo de Naranja 100% Original, con Calcio y Vitamina D","Single-serve 100% orange juice with added calcium and vitamin D, 11 fl oz.","Jugo de naranja 100% con calcio y vitamina D añadidos, porción individual, 11 fl oz.",279,0,false,11,fl oz,fl oz,fl oz,false,,true,false,false,true,1,https://d2lnr5mha7bycj.cloudfront.net/product-image/file/large_3b9a99b5-0909-4308-8189-3d2df1b976e5.png,tropicana,Unknown,"Tropicana Pure Premium 100% Orange Juice Original, Calcium + Vitamin D",213,4850020605,unit,3,2026-04-14,2026-04-13
7,smartwater Glaceau Alkaline Antioxidant Water,smartwater Glaceau Agua Alcalina con Antioxidantes,"Alkaline antioxidant bottled water for hydration any time of day, 33.8 oz.","Agua alcalina embotellada con antioxidantes para hidratarse a cualquier hora, 33.8 oz.",269,0,false,33.8,oz,oz,oz,true,200,true,false,true,true,1,https://d2lnr5mha7bycj.cloudfront.net/product-image/file/large_86e895ff-db26-40c1-9be5-1669fc09d593.jpg,smartwater,Unknown,smartwater Glaceau Alkaline Antioxidant Water,218,786162411167,unit,4070,2026-04-14,2026-04-13
7,"SARATOGA Still Spring Water, Recycled PET Bottle, 28 Oz","SARATOGA Agua de Manantial sin Gas, Botella PET Reciclada","Still spring water in a recycled PET bottle for daily hydration, 28 fl oz.","Agua de manantial sin gas en botella PET reciclada para hidratarse a diario, 28 fl oz.",199,0,false,28,fl oz,fl oz,fl oz,true,166,true,false,true,true,1,https://d2lnr5mha7bycj.cloudfront.net/product-image/file/large_4a7a977c-ddca-4d0f-82a4-0ffd983c0595.jpg,saratoga,Unknown,"SARATOGA Still Spring Water, Recycled PET Bottle",219,7096095155,unit,1,2026-04-14,2026-04-13
4,"Just Egg Breakfast Burrito, Chili Crisp","Just Egg Burrito de Desayuno, Chili Crisp","Plant-based egg breakfast burrito with chili crisp for a quick morning meal, 5.5 oz.","Burrito de desayuno con huevo a base de plantas y chili crisp, desayuno rápido, 5.5 oz.",649,0,false,5.5,oz,oz,oz,false,,true,false,false,true,1,https://d2lnr5mha7bycj.cloudfront.net/product-image/file/large_09f1e810-89d8-4f44-abee-94807b111def.jpg,just egg,Prepared Meals,"Just Egg Breakfast Burrito, Chili Crisp",1,191011001503,unit,6009,2026-04-14,2026-04-13
7,Simply Pineapple Juice Bottle,Simply Jugo de Piña,"Not-from-concentrate pineapple juice for breakfast, smoothies, and cocktails, 52 fl oz.","Jugo de piña no concentrado para desayuno, batidas y cócteles, 52 fl oz.",419,0,false,52,fl oz,fl oz,fl oz,false,,true,false,true,true,1,https://d2lnr5mha7bycj.cloudfront.net/product-image/file/large_eafa3d75-059d-49ae-a81e-2cead5b3cd03.jpg,simply,Fruit Juice,Simply Pineapple Juice Bottle,178,25000134050,unit,3,2026-04-14,2026-04-13
1,Cholula® Chili Garlic Taco - Mild Recipe Mix,"Cholula® Mezcla para Tacos Suave, Chili y Ajo","Mild chili garlic taco recipe mix for easy, flavorful taco nights, 1 oz.","Mezcla suave para tacos de chili y ajo para noches de tacos fáciles y sabrosas, 1 oz.",159,0,false,1,oz,oz,oz,false,,false,false,false,true,1,https://d2lnr5mha7bycj.cloudfront.net/product-image/file/large_e34e7972-1c47-4664-8bc9-26feb5289f33.jpg,cholula®,Baking and Cooking,Cholula® Chili Garlic Taco - Mild Recipe Mix,803,49733090100,unit,1,2026-04-14,2026-04-13